soc,title,R,I,A,S,E,C,openness,conscientiousness,extraversion,agreeableness,stability
11-1011.00,Chief Executives,0.043,0.342,0.193,0.423,0.993,0.662,0.989,0.901,0.999,0.621,0.948
11-1011.03,Chief Sustainability Officers,0.173,0.630,0.247,0.425,0.947,0.582,,,,,
11-1021.00,General and Operations Managers,0.200,0.228,0.048,0.397,1.000,0.723,0.755,0.803,0.989,0.656,0.840
11-1031.00,Legislators,0.090,0.392,0.283,0.448,0.753,0.437,0.958,0.711,1.000,0.764,0.907
11-2011.00,Advertising and Promotions Managers,0.000,0.115,0.478,0.357,1.000,0.572,0.873,0.321,0.991,0.389,0.719
11-2021.00,Marketing Managers,0.000,0.317,0.242,0.303,1.000,0.617,0.953,0.436,0.980,0.422,0.701
11-2022.00,Sales Managers,0.082,0.112,0.060,0.395,1.000,0.755,0.696,0.619,0.998,0.554,0.845
11-2032.00,Public Relations Managers,0.000,0.223,0.445,0.530,1.000,0.565,0.871,0.667,0.994,0.771,0.956
11-2033.00,Fundraising Managers,0.000,0.235,0.268,0.460,1.000,0.637,0.698,0.624,0.975,0.770,0.710
11-3012.00,Administrative Services Managers,0.070,0.187,0.018,0.457,0.912,0.878,0.499,0.511,0.752,0.552,0.506
11-3013.00,Facilities Managers,0.525,0.267,0.102,0.430,0.725,0.725,0.590,0.753,0.826,0.542,0.602
11-3013.01,Security Managers,0.398,0.448,0.050,0.292,0.772,0.738,0.661,0.976,0.833,0.634,0.788
11-3021.00,Computer and Information Systems Managers,0.280,0.582,0.078,0.225,0.682,0.823,0.958,0.853,0.892,0.646,0.608
11-3031.00,Financial Managers,0.060,0.243,0.098,0.340,1.000,0.760,0.611,0.898,0.935,0.647,0.675
11-3031.01,Treasurers and Controllers,0.000,0.200,0.028,0.280,0.858,0.907,0.634,0.971,0.873,0.547,0.520
11-3031.03,Investment Fund Managers,0.080,0.462,0.108,0.282,0.992,0.702,0.876,0.966,0.884,0.371,0.748
11-3051.00,Industrial Production Managers,0.500,0.320,0.067,0.142,0.838,0.702,0.644,0.907,0.899,0.576,0.675
11-3051.01,Quality Control Systems Managers,0.430,0.520,0.047,0.178,0.682,0.737,0.599,0.992,0.822,0.666,0.551
11-3051.02,Geothermal Production Managers,0.725,0.392,0.000,0.178,0.597,0.637,,,,,
11-3051.03,Biofuels Production Managers,0.598,0.457,0.000,0.138,0.735,0.677,,,,,
11-3051.04,Biomass Power Plant Managers,0.687,0.365,0.000,0.120,0.643,0.723,,,,,
11-3051.06,Hydroelectric Production Managers,0.728,0.440,0.000,0.138,0.595,0.670,,,,,
11-3061.00,Purchasing Managers,0.248,0.128,0.033,0.283,1.000,0.830,0.574,0.808,0.920,0.601,0.544
11-3071.00,"Transportation, Storage, and Distribution Managers",0.433,0.273,0.000,0.232,0.832,0.790,0.662,0.882,0.876,0.624,0.619
11-3071.04,Supply Chain Managers,0.398,0.243,0.000,0.173,0.873,0.708,0.780,0.862,0.814,0.562,0.589
11-3111.00,Compensation and Benefits Managers,0.000,0.197,0.068,0.468,1.000,0.777,0.593,0.787,0.822,0.702,0.576
11-3121.00,Human Resources Managers,0.043,0.218,0.083,0.480,1.000,0.757,0.646,0.737,0.965,0.926,0.843
11-3131.00,Training and Development Managers,0.150,0.340,0.262,0.757,0.892,0.507,0.940,0.647,0.945,0.833,0.734
11-9013.00,"Farmers, Ranchers, and Other Agricultural Managers",0.693,0.290,0.010,0.272,0.753,0.588,0.658,0.748,0.778,0.355,0.598
11-9021.00,Construction Managers,0.613,0.363,0.117,0.225,0.788,0.633,0.669,0.917,0.942,0.643,0.769
11-9031.00,"Education and Childcare Administrators, Preschool and Daycare",0.033,0.317,0.297,0.910,0.642,0.588,0.642,0.722,0.956,0.934,0.939
11-9032.00,"Education Administrators, Kindergarten through Secondary",0.052,0.343,0.307,0.787,0.723,0.613,0.764,0.830,0.997,0.884,0.905
11-9033.00,"Education Administrators, Postsecondary",0.000,0.472,0.302,0.773,0.717,0.652,0.802,0.718,0.992,0.838,0.803
11-9041.00,Architectural and Engineering Managers,0.332,0.593,0.273,0.325,0.900,0.572,0.882,0.871,0.962,0.622,0.645
11-9041.01,Biofuels/Biodiesel Technology and Product Development Managers,0.527,0.807,0.185,0.183,0.617,0.418,,,,,
11-9051.00,Food Service Managers,0.527,0.160,0.105,0.422,0.828,0.677,0.533,0.675,0.933,0.711,0.803
11-9071.00,Gambling Managers,0.300,0.058,0.015,0.310,0.957,0.743,0.524,0.609,0.958,0.516,0.838
11-9072.00,"Entertainment and Recreation Managers, Except Gambling",0.392,0.160,0.163,0.488,0.875,0.673,0.619,0.509,0.950,0.698,0.879
11-9081.00,Lodging Managers,0.282,0.017,0.072,0.552,0.868,0.703,0.539,0.624,0.958,0.811,0.884
11-9111.00,Medical and Health Services Managers,0.175,0.458,0.075,0.567,0.825,0.695,0.841,0.957,0.983,0.872,0.848
11-9121.00,Natural Sciences Managers,0.290,0.812,0.240,0.348,0.767,0.537,0.988,0.865,0.940,0.639,0.633
11-9121.01,Clinical Research Coordinators,0.097,0.817,0.127,0.430,0.552,0.635,0.787,0.913,0.788,0.873,0.710
11-9121.02,Water Resource Specialists,0.575,0.800,0.130,0.263,0.422,0.528,,,,,
11-9131.00,Postmasters and Mail Superintendents,0.190,0.050,0.028,0.392,0.833,0.782,0.362,0.629,0.909,0.687,0.636
11-9141.00,"Property, Real Estate, and Community Association Managers",0.380,0.185,0.115,0.422,0.945,0.710,0.535,0.702,0.931,0.641,0.670
11-9151.00,Social and Community Service Managers,0.000,0.195,0.238,0.738,0.995,0.535,0.704,0.688,0.975,0.925,0.912
11-9161.00,Emergency Management Directors,0.422,0.582,0.137,0.502,0.678,0.615,0.971,0.996,0.988,0.871,0.961
11-9171.00,Funeral Home Managers,0.302,0.220,0.148,0.558,0.897,0.593,0.494,0.799,0.922,0.991,0.834
11-9179.01,Fitness and Wellness Coordinators,0.368,0.282,0.190,0.763,0.737,0.442,0.589,0.478,0.947,0.768,0.780
11-9179.02,Spa Managers,0.250,0.052,0.140,0.532,1.000,0.652,0.563,0.551,0.950,0.784,0.819
11-9199.01,Regulatory Affairs Managers,0.155,0.332,0.057,0.275,0.925,0.778,0.696,0.985,0.801,0.685,0.630
11-9199.02,Compliance Managers,0.153,0.330,0.000,0.350,0.822,0.883,,,,,
11-9199.08,Loss Prevention Managers,0.405,0.437,0.000,0.308,0.770,0.808,0.548,0.972,0.826,0.398,0.753
11-9199.09,Wind Energy Operations Managers,0.527,0.340,0.000,0.223,0.912,0.707,,,,,
11-9199.10,Wind Energy Development Managers,0.407,0.477,0.110,0.230,0.952,0.637,,,,,
11-9199.11,Brownfield Redevelopment Specialists and Site Managers,0.582,0.552,0.077,0.172,0.590,0.615,,,,,
13-1011.00,"Agents and Business Managers of Artists, Performers, and Athletes",0.000,0.127,0.425,0.523,0.913,0.455,0.719,0.514,0.987,0.503,0.807
13-1021.00,"Buyers and Purchasing Agents, Farm Products",0.593,0.142,0.013,0.123,0.652,0.633,0.504,0.538,0.742,0.531,0.437
13-1022.00,"Wholesale and Retail Buyers, Except Farm Products",0.395,0.153,0.093,0.242,0.705,0.695,0.626,0.567,0.793,0.418,0.494
13-1023.00,"Purchasing Agents, Except Wholesale, Retail, and Farm Products",0.417,0.137,0.032,0.155,0.682,0.775,0.551,0.661,0.726,0.591,0.435
13-1031.00,"Claims Adjusters, Examiners, and Investigators",0.038,0.422,0.000,0.268,0.628,0.872,0.485,0.792,0.592,0.645,0.587
13-1032.00,"Insurance Appraisers, Auto Damage",0.695,0.340,0.027,0.107,0.423,0.740,0.366,0.339,0.537,0.507,0.384
13-1041.00,Compliance Officers,0.252,0.345,0.000,0.328,0.513,0.888,0.281,0.484,0.549,0.678,0.531
13-1041.01,Environmental Compliance Inspectors,0.595,0.628,0.008,0.225,0.368,0.807,,,,,
13-1041.03,Equal Opportunity Representatives and Officers,0.038,0.335,0.122,0.540,0.728,0.702,,,,,
13-1041.04,Government Property Inspectors and Investigators,0.348,0.387,0.000,0.235,0.533,0.877,0.327,0.658,0.519,0.443,0.362
13-1041.06,Coroners,0.507,0.657,0.083,0.350,0.515,0.643,0.534,0.893,0.635,0.724,0.774
13-1041.07,Regulatory Affairs Specialists,0.067,0.387,0.000,0.250,0.577,0.887,0.499,0.883,0.535,0.611,0.426
13-1041.08,Customs Brokers,0.228,0.088,0.000,0.195,0.670,0.855,0.479,0.819,0.579,0.616,0.454
13-1051.00,Cost Estimators,0.335,0.363,0.020,0.110,0.608,0.907,0.496,0.750,0.635,0.404,0.362
13-1071.00,Human Resources Specialists,0.005,0.253,0.058,0.463,0.778,0.753,0.540,0.514,0.740,0.876,0.694
13-1074.00,Farm Labor Contractors,0.642,0.090,0.000,0.373,0.665,0.565,0.305,0.158,0.784,0.628,0.601
13-1075.00,Labor Relations Specialists,0.052,0.350,0.118,0.453,0.775,0.602,0.576,0.596,0.906,0.747,0.803
13-1081.00,Logisticians,0.225,0.468,0.017,0.222,0.670,0.740,0.656,0.824,0.779,0.688,0.653
13-1081.01,Logistics Engineers,0.503,0.703,0.012,0.052,0.460,0.778,0.903,0.756,0.552,0.347,0.272
13-1081.02,Logistics Analysts,0.313,0.507,0.000,0.087,0.578,0.965,0.644,0.597,0.433,0.330,0.330
13-1082.00,Project Management Specialists,0.080,0.292,0.095,0.387,0.883,0.758,0.760,0.923,0.975,0.722,0.834
13-1111.00,Management Analysts,0.062,0.740,0.105,0.303,0.635,0.842,0.930,0.794,0.840,0.652,0.557
13-1121.00,"Meeting, Convention, and Event Planners",0.000,0.093,0.248,0.593,1.000,0.660,0.670,0.876,0.916,0.690,0.881
13-1131.00,Fundraisers,0.000,0.170,0.370,0.538,0.838,0.512,0.638,0.634,0.971,0.861,0.858
13-1141.00,"Compensation, Benefits, and Job Analysis Specialists",0.048,0.403,0.068,0.440,0.730,0.800,0.538,0.570,0.567,0.608,0.358
13-1151.00,Training and Development Specialists,0.172,0.505,0.365,0.773,0.447,0.460,0.906,0.491,0.901,0.816,0.729
13-1161.00,Market Research Analysts and Marketing Specialists,0.013,0.600,0.260,0.245,0.753,0.603,0.847,0.443,0.617,0.462,0.345
13-1161.01,Search Marketing Strategists,0.000,0.463,0.372,0.293,0.757,0.613,0.949,0.530,0.644,0.328,0.333
13-1199.04,Business Continuity Planners,0.167,0.565,0.110,0.343,0.705,0.677,0.916,0.994,0.746,0.574,0.667
13-1199.05,Sustainability Specialists,0.177,0.700,0.250,0.325,0.682,0.568,,,,,
13-1199.06,Online Merchants,0.237,0.102,0.147,0.220,0.797,0.828,0.616,0.538,0.554,0.429,0.482
13-1199.07,Security Management Specialists,0.477,0.682,0.113,0.160,0.455,0.780,0.721,0.973,0.726,0.510,0.627
13-2011.00,Accountants and Auditors,0.023,0.428,0.013,0.188,0.478,1.000,0.428,0.840,0.480,0.568,0.347
13-2022.00,Appraisers of Personal and Business Property,0.432,0.262,0.182,0.113,0.608,0.833,0.469,0.365,0.449,0.324,0.084
13-2023.00,Appraisers and Assessors of Real Estate,0.283,0.308,0.102,0.272,0.645,0.802,0.469,0.574,0.539,0.456,0.285
13-2031.00,Budget Analysts,0.000,0.453,0.097,0.208,0.652,1.000,0.524,0.757,0.492,0.431,0.389
13-2041.00,Credit Analysts,0.000,0.465,0.000,0.235,0.592,0.975,0.472,0.815,0.433,0.420,0.276
13-2051.00,Financial and Investment Analysts,0.000,0.677,0.130,0.208,0.682,0.757,0.807,0.885,0.658,0.465,0.531
13-2052.00,Personal Financial Advisors,0.000,0.378,0.115,0.512,0.808,0.768,0.746,0.984,0.902,0.827,0.727
13-2053.00,Insurance Underwriters,0.120,0.440,0.000,0.307,0.583,0.860,0.425,0.665,0.361,0.312,0.242
13-2054.00,Financial Risk Specialists,0.112,0.660,0.052,0.247,0.653,0.727,0.879,0.904,0.475,0.340,0.445
13-2061.00,Financial Examiners,0.057,0.433,0.000,0.250,0.605,0.900,0.571,0.948,0.713,0.589,0.487
13-2071.00,Credit Counselors,0.000,0.275,0.133,0.648,0.622,0.725,0.537,0.810,0.754,0.939,0.830
13-2072.00,Loan Officers,0.072,0.220,0.000,0.442,0.663,0.847,0.510,0.861,0.799,0.745,0.627
13-2081.00,"Tax Examiners and Collectors, and Revenue Agents",0.035,0.245,0.000,0.358,0.563,0.975,0.278,0.662,0.483,0.583,0.506
13-2082.00,Tax Preparers,0.195,0.230,0.000,0.210,0.397,0.965,0.393,0.652,0.475,0.613,0.419
13-2099.01,Financial Quantitative Analysts,0.105,0.945,0.142,0.097,0.408,0.798,0.851,0.837,0.343,0.258,0.413
13-2099.04,"Fraud Examiners, Investigators and Analysts",0.168,0.612,0.037,0.158,0.595,0.770,0.753,0.978,0.688,0.481,0.608
15-1211.00,Computer Systems Analysts,0.378,0.898,0.163,0.152,0.205,0.822,0.920,0.634,0.509,0.529,0.389
15-1211.01,Health Informatics Specialists,0.307,0.882,0.165,0.587,0.180,0.618,0.958,0.863,0.701,0.803,0.592
15-1212.00,Information Security Analysts,0.427,0.733,0.057,0.185,0.308,0.847,0.954,0.988,0.519,0.531,0.529
15-1221.00,Computer and Information Research Scientists,0.457,1.000,0.325,0.167,0.248,0.633,1.000,0.770,0.546,0.410,0.279
15-1231.00,Computer Network Support Specialists,0.563,0.602,0.000,0.213,0.273,0.742,0.730,0.731,0.367,0.458,0.450
15-1232.00,Computer User Support Specialists,0.522,0.462,0.000,0.385,0.227,0.837,0.644,0.492,0.522,0.667,0.633
15-1241.00,Computer Network Architects,0.507,0.713,0.208,0.195,0.367,0.677,0.935,0.896,0.578,0.476,0.372
15-1241.01,Telecommunications Engineering Specialists,0.590,0.548,0.150,0.218,0.345,0.658,0.841,0.792,0.640,0.507,0.418
15-1242.00,Database Administrators,0.305,0.638,0.033,0.215,0.323,0.935,0.722,0.867,0.435,0.421,0.288
15-1243.00,Database Architects,0.272,0.772,0.193,0.152,0.280,0.853,0.867,0.835,0.489,0.349,0.181
15-1243.01,Data Warehousing Specialists,0.322,0.632,0.103,0.172,0.342,0.897,0.729,0.825,0.265,0.271,0.133
15-1244.00,Network and Computer Systems Administrators,0.532,0.507,0.000,0.203,0.410,0.863,0.758,0.842,0.416,0.426,0.476
15-1251.00,Computer Programmers,0.395,0.683,0.252,0.163,0.182,0.820,0.789,0.684,0.199,0.238,0.080
15-1252.00,Software Developers,0.435,0.842,0.228,0.135,0.145,0.770,0.969,0.771,0.572,0.461,0.291
15-1253.00,Software Quality Assurance Analysts and Testers,0.467,0.793,0.115,0.088,0.095,0.778,0.682,0.785,0.278,0.440,0.274
15-1254.00,Web Developers,0.330,0.668,0.355,0.203,0.327,0.672,0.883,0.656,0.357,0.265,0.197
15-1255.00,Web and Digital Interface Designers,0.265,0.647,0.580,0.200,0.355,0.567,0.951,0.405,0.528,0.464,0.326
15-1255.01,Video Game Designers,0.295,0.525,0.897,0.217,0.487,0.475,0.997,0.299,0.776,0.411,0.454
15-1299.01,Web Administrators,0.242,0.568,0.237,0.212,0.462,0.757,0.790,0.789,0.430,0.349,0.301
15-1299.02,Geographic Information Systems Technologists and Technicians,0.543,0.698,0.218,0.155,0.155,0.813,0.744,0.463,0.402,0.382,0.147
15-1299.03,Document Management Specialists,0.125,0.482,0.135,0.215,0.322,0.957,0.588,0.637,0.388,0.498,0.179
15-1299.04,Penetration Testers,0.485,0.698,0.052,0.165,0.183,0.697,0.985,0.936,0.134,0.170,0.340
15-1299.05,Information Security Engineers,0.550,0.757,0.055,0.138,0.277,0.843,0.964,0.983,0.478,0.437,0.565
15-1299.06,Digital Forensics Analysts,0.367,0.852,0.115,0.108,0.285,0.838,0.892,0.969,0.300,0.437,0.538
15-1299.07,Blockchain Engineers,0.400,0.713,0.178,0.095,0.398,0.782,0.995,0.938,0.311,0.414,0.230
15-1299.08,Computer Systems Engineers/Architects,0.517,0.743,0.147,0.183,0.338,0.793,0.983,0.904,0.655,0.522,0.454
15-1299.09,Information Technology Project Managers,0.122,0.478,0.128,0.278,0.818,0.718,0.858,0.942,0.969,0.697,0.747
15-2011.00,Actuaries,0.130,0.575,0.022,0.248,0.388,0.882,0.647,0.871,0.514,0.437,0.202
15-2021.00,Mathematicians,0.370,1.000,0.372,0.158,0.018,0.672,0.976,0.802,0.300,0.239,0.090
15-2031.00,Operations Research Analysts,0.150,0.877,0.197,0.170,0.357,0.793,0.932,0.702,0.563,0.440,0.307
15-2041.00,Statisticians,0.190,0.930,0.128,0.118,0.137,0.838,0.792,0.722,0.272,0.334,0.088
15-2041.01,Biostatisticians,0.238,1.000,0.300,0.352,0.163,0.567,0.912,0.855,0.454,0.434,0.250
15-2051.00,Data Scientists,0.195,0.997,0.268,0.110,0.118,0.732,0.990,0.750,0.413,0.364,0.266
15-2051.01,Business Intelligence Analysts,0.040,0.735,0.155,0.142,0.570,0.798,0.726,0.645,0.446,0.353,0.265
15-2051.02,Clinical Data Managers,0.042,0.777,0.045,0.303,0.383,0.930,0.676,0.858,0.522,0.566,0.373
15-2099.01,Bioinformatics Technicians,0.468,0.903,0.097,0.115,0.000,0.840,0.956,0.715,0.254,0.382,0.148
17-1011.00,"Architects, Except Landscape and Naval",0.653,0.480,0.522,0.255,0.442,0.573,0.855,0.789,0.749,0.540,0.478
17-1012.00,Landscape Architects,0.737,0.622,0.613,0.278,0.442,0.450,0.831,0.563,0.719,0.581,0.445
17-1021.00,Cartographers and Photogrammetrists,0.603,0.697,0.425,0.130,0.107,0.723,0.664,0.551,0.271,0.195,0.038
17-1022.00,Surveyors,0.708,0.622,0.187,0.105,0.147,0.715,0.336,0.708,0.494,0.283,0.154
17-1022.01,Geodetic Surveyors,0.750,0.733,0.090,0.123,0.102,0.715,0.465,0.487,0.456,0.156,0.029
17-2011.00,Aerospace Engineers,0.775,0.842,0.225,0.042,0.253,0.573,0.908,0.920,0.587,0.419,0.334
17-2021.00,Agricultural Engineers,0.942,0.882,0.198,0.122,0.218,0.462,0.861,0.718,0.684,0.547,0.371
17-2031.00,Bioengineers and Biomedical Engineers,0.740,0.958,0.185,0.242,0.140,0.580,0.990,0.858,0.614,0.616,0.417
17-2041.00,Chemical Engineers,0.878,0.792,0.133,0.003,0.142,0.590,0.906,0.876,0.544,0.393,0.460
17-2051.00,Civil Engineers,0.905,0.692,0.202,0.115,0.277,0.602,0.820,0.873,0.718,0.525,0.480
17-2051.01,Transportation Engineers,0.728,0.680,0.188,0.162,0.348,0.568,0.718,0.817,0.544,0.479,0.381
17-2051.02,Water/Wastewater Engineers,0.770,0.725,0.142,0.127,0.317,0.588,,,,,
17-2061.00,Computer Hardware Engineers,0.782,0.760,0.138,0.137,0.163,0.728,0.935,0.724,0.499,0.319,0.216
17-2071.00,Electrical Engineers,0.837,0.742,0.187,0.120,0.240,0.572,0.800,0.848,0.606,0.448,0.344
17-2072.00,"Electronics Engineers, Except Computer",0.873,0.802,0.172,0.098,0.103,0.613,0.854,0.765,0.528,0.387,0.263
17-2072.01,Radio Frequency Identification Device Specialists,0.680,0.642,0.068,0.090,0.093,0.718,0.867,0.706,0.451,0.279,0.133
17-2081.00,Environmental Engineers,0.695,0.850,0.160,0.203,0.362,0.598,0.884,0.867,0.707,0.639,0.445
17-2111.00,"Health and Safety Engineers, Except Mining Safety Engineers and Inspectors",0.727,0.772,0.007,0.195,0.212,0.613,0.784,0.944,0.694,0.712,0.661
17-2111.02,Fire-Prevention and Protection Engineers,0.888,0.698,0.078,0.307,0.300,0.578,0.839,0.945,0.685,0.602,0.442
17-2112.00,Industrial Engineers,0.660,0.665,0.097,0.062,0.382,0.725,0.829,0.775,0.664,0.499,0.377
17-2112.01,Human Factors Engineers and Ergonomists,0.590,0.868,0.275,0.192,0.265,0.567,0.928,0.694,0.582,0.716,0.399
17-2112.02,Validation Engineers,0.642,0.760,0.080,0.072,0.170,0.678,0.640,0.912,0.533,0.515,0.342
17-2112.03,Manufacturing Engineers,0.712,0.588,0.203,0.100,0.348,0.568,0.870,0.775,0.576,0.410,0.421
17-2121.00,Marine Engineers and Naval Architects,0.790,0.785,0.270,0.045,0.377,0.552,0.869,0.887,0.645,0.476,0.463
17-2131.00,Materials Engineers,0.813,0.803,0.257,0.063,0.177,0.518,0.887,0.838,0.570,0.407,0.301
17-2141.00,Mechanical Engineers,0.898,0.687,0.170,0.037,0.162,0.638,0.799,0.816,0.530,0.402,0.307
17-2141.01,Fuel Cell Engineers,0.755,0.728,0.138,0.073,0.252,0.510,0.949,0.860,0.575,0.366,0.271
17-2141.02,Automotive Engineers,0.862,0.778,0.258,0.062,0.188,0.510,0.961,0.739,0.590,0.407,0.320
17-2151.00,"Mining and Geological Engineers, Including Mining Safety Engineers",0.847,0.763,0.092,0.140,0.292,0.607,0.820,0.929,0.669,0.517,0.593
17-2161.00,Nuclear Engineers,0.653,0.907,0.175,0.148,0.255,0.580,0.828,0.974,0.588,0.631,0.760
17-2171.00,Petroleum Engineers,0.728,0.722,0.153,0.130,0.340,0.553,0.862,0.916,0.633,0.379,0.516
17-2199.03,"Energy Engineers, Except Wind and Solar",0.700,0.615,0.172,0.207,0.348,0.567,0.844,0.783,0.602,0.490,0.301
17-2199.05,Mechatronics Engineers,0.780,0.758,0.238,0.097,0.120,0.640,0.925,0.799,0.525,0.316,0.183
17-2199.06,Microsystems Engineers,0.747,0.865,0.155,0.092,0.067,0.652,0.929,0.826,0.466,0.300,0.179
17-2199.07,Photonics Engineers,0.817,0.813,0.300,0.065,0.117,0.493,0.966,0.775,0.456,0.296,0.192
17-2199.08,Robotics Engineers,0.863,0.768,0.132,0.082,0.132,0.580,0.955,0.839,0.469,0.264,0.188
17-2199.09,Nanosystems Engineers,0.718,0.850,0.227,0.078,0.262,0.507,0.999,0.949,0.625,0.426,0.315
17-2199.10,Wind Energy Engineers,0.817,0.590,0.203,0.072,0.353,0.520,,,,,
17-2199.11,Solar Energy Systems Engineers,0.828,0.670,0.185,0.150,0.342,0.493,,,,,
17-3011.00,Architectural and Civil Drafters,0.757,0.538,0.580,0.092,0.088,0.648,0.466,0.448,0.308,0.193,0.104
17-3012.00,Electrical and Electronics Drafters,0.770,0.407,0.343,0.053,0.150,0.755,0.383,0.340,0.234,0.240,0.079
17-3013.00,Mechanical Drafters,0.827,0.465,0.437,0.035,0.060,0.642,0.438,0.397,0.300,0.160,0.024
17-3021.00,Aerospace Engineering and Operations Technologists and Technicians,0.912,0.685,0.000,0.000,0.073,0.718,0.622,0.578,0.346,0.400,0.467
17-3022.00,Civil Engineering Technologists and Technicians,0.792,0.728,0.313,0.092,0.167,0.712,0.463,0.521,0.370,0.366,0.160
17-3023.00,Electrical and Electronic Engineering Technologists and Technicians,0.877,0.700,0.127,0.130,0.052,0.667,0.651,0.672,0.349,0.306,0.298
17-3024.00,Electro-Mechanical and Mechatronics Technologists and Technicians,1.000,0.563,0.063,0.000,0.000,0.597,0.604,0.619,0.219,0.217,0.250
17-3024.01,Robotics Technicians,0.990,0.480,0.000,0.022,0.062,0.612,0.680,0.619,0.324,0.235,0.287
17-3025.00,Environmental Engineering Technologists and Technicians,0.880,0.817,0.122,0.077,0.053,0.633,0.609,0.644,0.297,0.454,0.377
17-3026.00,Industrial Engineering Technologists and Technicians,0.723,0.688,0.037,0.073,0.218,0.700,0.512,0.502,0.341,0.319,0.228
17-3026.01,Nanotechnology Engineering Technologists and Technicians,0.860,0.663,0.092,0.008,0.168,0.638,0.808,0.845,0.254,0.430,0.356
17-3027.00,Mechanical Engineering Technologists and Technicians,0.877,0.728,0.198,0.032,0.013,0.627,0.711,0.647,0.388,0.342,0.269
17-3027.01,Automotive Engineering Technicians,1.000,0.728,0.068,0.000,0.042,0.575,0.715,0.604,0.275,0.267,0.166
17-3028.00,Calibration Technologists and Technicians,0.883,0.522,0.020,0.093,0.000,0.765,0.591,0.746,0.208,0.256,0.210
17-3029.01,Non-Destructive Testing Specialists,0.902,0.662,0.057,0.067,0.000,0.593,0.458,0.764,0.346,0.353,0.338
17-3029.08,Photonics Technicians,1.000,0.530,0.000,0.000,0.000,0.743,0.553,0.580,0.236,0.284,0.236
17-3031.00,Surveying and Mapping Technicians,0.823,0.505,0.152,0.000,0.000,0.772,0.437,0.342,0.210,0.202,0.064
19-1011.00,Animal Scientists,0.707,0.988,0.160,0.162,0.233,0.393,0.843,0.624,0.535,0.476,0.179
19-1012.00,Food Scientists and Technologists,0.675,0.785,0.242,0.193,0.263,0.492,0.910,0.806,0.561,0.487,0.279
19-1013.00,Soil and Plant Scientists,0.905,0.952,0.185,0.112,0.118,0.402,0.940,0.431,0.549,0.358,0.152
19-1021.00,Biochemists and Biophysicists,0.685,1.000,0.268,0.192,0.138,0.440,0.970,0.833,0.531,0.520,0.294
19-1022.00,Microbiologists,0.715,1.000,0.153,0.163,0.012,0.475,0.893,0.898,0.453,0.458,0.281
19-1023.00,Zoologists and Wildlife Biologists,0.738,0.998,0.218,0.258,0.222,0.450,0.925,0.657,0.639,0.678,0.471
19-1029.01,Bioinformatics Scientists,0.468,1.000,0.252,0.107,0.043,0.673,0.998,0.742,0.460,0.397,0.160
19-1029.02,Molecular and Cellular Biologists,0.672,0.943,0.158,0.212,0.263,0.683,0.981,0.935,0.600,0.494,0.413
19-1029.03,Geneticists,0.508,1.000,0.325,0.318,0.102,0.630,0.993,0.917,0.643,0.599,0.381
19-1029.04,Biologists,0.518,1.000,0.233,0.270,0.293,0.575,0.899,0.556,0.620,0.587,0.233
19-1031.00,Conservation Scientists,0.692,0.783,0.162,0.312,0.360,0.497,0.804,0.683,0.679,0.707,0.520
19-1031.02,Range Managers,0.793,0.670,0.078,0.237,0.565,0.447,0.728,0.616,0.698,0.657,0.483
19-1031.03,Park Naturalists,0.563,0.540,0.457,0.645,0.410,0.405,0.549,0.137,0.631,0.626,0.719
19-1032.00,Foresters,0.720,0.580,0.042,0.217,0.463,0.565,0.687,0.690,0.717,0.579,0.450
19-1041.00,Epidemiologists,0.303,1.000,0.198,0.518,0.228,0.438,0.967,0.911,0.692,0.822,0.612
19-1042.00,"Medical Scientists, Except Epidemiologists",0.545,1.000,0.237,0.382,0.203,0.450,0.974,0.966,0.561,0.616,0.579
19-2011.00,Astronomers,0.678,1.000,0.380,0.285,0.145,0.507,0.987,0.729,0.683,0.564,0.365
19-2012.00,Physicists,0.657,1.000,0.292,0.187,0.128,0.633,0.980,0.682,0.471,0.332,0.133
19-2021.00,Atmospheric and Space Scientists,0.628,0.877,0.287,0.248,0.280,0.575,0.946,0.700,0.496,0.374,0.410
19-2031.00,Chemists,0.778,0.952,0.087,0.023,0.100,0.635,0.935,0.871,0.393,0.375,0.307
19-2032.00,Materials Scientists,0.803,0.932,0.195,0.065,0.143,0.525,0.974,0.753,0.465,0.376,0.220
19-2041.00,"Environmental Scientists and Specialists, Including Health",0.627,1.000,0.145,0.292,0.260,0.553,0.890,0.804,0.661,0.680,0.460
19-2041.01,Climate Change Policy Analysts,0.062,0.955,0.352,0.362,0.615,0.510,,,,,
19-2041.02,Environmental Restoration Planners,0.718,0.875,0.207,0.187,0.438,0.522,,,,,
19-2041.03,Industrial Ecologists,0.603,1.000,0.190,0.158,0.340,0.497,,,,,
19-2042.00,"Geoscientists, Except Hydrologists and Geographers",0.765,1.000,0.287,0.207,0.108,0.527,0.935,0.660,0.496,0.345,0.239
19-2043.00,Hydrologists,0.807,0.902,0.105,0.190,0.215,0.552,0.865,0.724,0.504,0.480,0.239
19-2099.01,Remote Sensing Scientists and Technologists,0.643,0.848,0.155,0.045,0.073,0.635,0.972,0.699,0.439,0.369,0.242
19-3011.00,Economists,0.058,1.000,0.238,0.233,0.488,0.588,0.922,0.680,0.581,0.338,0.360
19-3011.01,Environmental Economists,0.290,1.000,0.255,0.213,0.518,0.513,,,,,
19-3022.00,Survey Researchers,0.113,0.852,0.218,0.223,0.337,0.708,0.768,0.573,0.622,0.604,0.340
19-3032.00,Industrial-Organizational Psychologists,0.008,0.723,0.355,0.498,0.618,0.547,0.992,0.808,0.885,0.866,0.620
19-3033.00,Clinical and Counseling Psychologists,0.008,0.763,0.343,0.928,0.275,0.415,0.860,0.818,0.767,0.994,0.949
19-3034.00,School Psychologists,0.000,0.667,0.385,0.962,0.303,0.502,0.817,0.850,0.808,0.984,0.963
19-3039.02,Neuropsychologists,0.272,1.000,0.380,0.715,0.115,0.387,0.849,0.881,0.606,0.912,0.574
19-3039.03,Clinical Neuropsychologists,0.303,1.000,0.233,0.782,0.178,0.415,0.871,0.929,0.680,0.935,0.766
19-3041.00,Sociologists,0.093,0.917,0.498,0.560,0.347,0.433,0.974,0.338,0.627,0.789,0.315
19-3051.00,Urban and Regional Planners,0.370,0.718,0.343,0.338,0.577,0.493,0.897,0.708,0.808,0.758,0.613
19-3091.00,Anthropologists and Archeologists,0.498,0.973,0.535,0.445,0.105,0.365,0.995,0.520,0.647,0.773,0.404
19-3092.00,Geographers,0.685,0.957,0.448,0.287,0.183,0.448,0.918,0.420,0.424,0.310,0.101
19-3093.00,Historians,0.232,0.720,0.450,0.370,0.225,0.645,0.765,0.535,0.385,0.484,0.083
19-3094.00,Political Scientists,0.000,0.952,0.478,0.403,0.435,0.420,0.978,0.401,0.611,0.454,0.288
19-3099.01,Transportation Planners,0.432,0.767,0.168,0.127,0.357,0.645,0.806,0.651,0.633,0.608,0.369
19-4012.00,Agricultural Technicians,0.970,0.595,0.000,0.077,0.165,0.543,0.529,0.396,0.376,0.414,0.367
19-4012.01,Precision Agriculture Technicians,0.910,0.733,0.038,0.065,0.185,0.658,0.835,0.698,0.379,0.306,0.147
19-4013.00,Food Science Technicians,0.762,0.585,0.055,0.122,0.160,0.673,0.414,0.487,0.322,0.429,0.229
19-4021.00,Biological Technicians,0.767,0.727,0.033,0.162,0.052,0.770,0.598,0.643,0.230,0.471,0.274
19-4031.00,Chemical Technicians,0.742,0.800,0.085,0.107,0.022,0.708,0.567,0.740,0.284,0.448,0.317
19-4042.00,"Environmental Science and Protection Technicians, Including Health",0.805,0.767,0.038,0.155,0.058,0.655,0.658,0.696,0.408,0.570,0.490
19-4043.00,"Geological Technicians, Except Hydrologic Technicians",0.767,0.697,0.047,0.077,0.018,0.723,0.546,0.297,0.194,0.294,0.024
19-4044.00,Hydrologic Technicians,0.747,0.653,0.000,0.113,0.078,0.713,0.673,0.649,0.316,0.474,0.192
19-4051.00,Nuclear Technicians,0.792,0.595,0.000,0.138,0.210,0.678,0.419,0.904,0.294,0.656,0.740
19-4051.02,Nuclear Monitoring Technicians,0.850,0.572,0.000,0.150,0.088,0.752,0.356,0.844,0.420,0.726,0.723
19-4061.00,Social Science Research Assistants,0.230,0.847,0.148,0.278,0.212,0.822,0.671,0.558,0.321,0.504,0.192
19-4071.00,Forest and Conservation Technicians,0.922,0.562,0.000,0.302,0.245,0.620,0.520,0.399,0.569,0.544,0.503
19-4092.00,Forensic Science Technicians,0.697,0.823,0.128,0.083,0.098,0.663,0.704,0.878,0.433,0.628,0.696
19-4099.01,Quality Control Analysts,0.518,0.647,0.000,0.035,0.267,0.833,0.454,0.796,0.308,0.487,0.319
19-4099.03,Remote Sensing Technicians,0.683,0.600,0.190,0.085,0.118,0.707,0.737,0.415,0.314,0.280,0.173
19-5011.00,Occupational Health and Safety Specialists,0.575,0.663,0.047,0.408,0.367,0.617,0.713,0.919,0.675,0.755,0.651
19-5012.00,Occupational Health and Safety Technicians,0.725,0.647,0.000,0.312,0.273,0.760,0.546,0.850,0.621,0.752,0.639
21-1011.00,Substance Abuse and Behavioral Disorder Counselors,0.098,0.468,0.265,0.943,0.285,0.360,0.628,0.640,0.738,0.988,0.969
21-1012.00,"Educational, Guidance, and Career Counselors and Advisors",0.000,0.383,0.355,1.000,0.487,0.515,0.707,0.505,0.822,0.962,0.957
21-1013.00,Marriage and Family Therapists,0.082,0.720,0.430,0.870,0.130,0.317,0.795,0.381,0.687,0.999,0.933
21-1014.00,Mental Health Counselors,0.052,0.570,0.343,0.965,0.327,0.405,0.782,0.616,0.710,0.997,0.994
21-1015.00,Rehabilitation Counselors,0.038,0.378,0.330,0.967,0.427,0.377,0.521,0.667,0.797,0.969,0.850
21-1021.00,"Child, Family, and School Social Workers",0.117,0.387,0.317,0.975,0.323,0.428,0.689,0.597,0.757,0.998,0.974
21-1022.00,Healthcare Social Workers,0.160,0.540,0.223,0.987,0.258,0.345,0.768,0.730,0.879,0.996,0.975
21-1023.00,Mental Health and Substance Abuse Social Workers,0.118,0.513,0.297,0.995,0.243,0.353,0.731,0.551,0.797,0.992,0.989
21-1091.00,Health Education Specialists,0.110,0.715,0.257,0.858,0.368,0.492,0.827,0.679,0.910,0.921,0.809
21-1092.00,Probation Officers and Correctional Treatment Specialists,0.225,0.407,0.192,0.760,0.487,0.530,0.551,0.711,0.847,0.902,0.925
21-1093.00,Social and Human Service Assistants,0.047,0.300,0.158,0.848,0.435,0.595,0.527,0.347,0.655,0.961,0.897
21-1094.00,Community Health Workers,0.167,0.415,0.203,0.930,0.422,0.397,0.555,0.424,0.854,0.964,0.877
21-2011.00,Clergy,0.183,0.185,0.407,0.818,0.528,0.315,0.631,0.543,0.980,1.000,0.962
21-2021.00,"Directors, Religious Activities and Education",0.000,0.285,0.397,1.000,0.860,0.360,0.743,0.634,0.978,0.989,0.919
23-1011.00,Lawyers,0.020,0.563,0.233,0.413,0.752,0.598,0.736,0.947,0.888,0.560,0.797
23-1012.00,Judicial Law Clerks,0.100,0.502,0.178,0.397,0.585,0.683,0.602,0.893,0.428,0.709,0.545
23-1021.00,"Administrative Law Judges, Adjudicators, and Hearing Officers",0.000,0.502,0.122,0.342,0.685,0.748,0.467,0.718,0.779,0.634,0.675
23-1022.00,"Arbitrators, Mediators, and Conciliators",0.020,0.435,0.208,0.540,0.605,0.555,0.680,0.613,0.773,0.970,0.892
23-1023.00,"Judges, Magistrate Judges, and Magistrates",0.222,0.468,0.198,0.493,0.712,0.518,0.491,0.801,0.895,0.603,0.776
23-2011.00,Paralegals and Legal Assistants,0.123,0.673,0.207,0.353,0.487,0.713,0.503,0.780,0.404,0.661,0.508
23-2093.00,"Title Examiners, Abstractors, and Searchers",0.240,0.272,0.018,0.223,0.407,0.957,0.172,0.453,0.183,0.343,0.125
25-1011.00,"Business Teachers, Postsecondary",0.167,0.642,0.367,0.905,0.472,0.462,0.809,0.453,0.872,0.760,0.622
25-1021.00,"Computer Science Teachers, Postsecondary",0.348,0.782,0.387,0.813,0.210,0.495,0.919,0.497,0.704,0.726,0.565
25-1022.00,"Mathematical Science Teachers, Postsecondary",0.302,0.810,0.367,0.865,0.157,0.563,0.747,0.581,0.722,0.631,0.524
25-1031.00,"Architecture Teachers, Postsecondary",0.405,0.688,0.580,0.962,0.243,0.367,0.896,0.429,0.790,0.705,0.574
25-1032.00,"Engineering Teachers, Postsecondary",0.640,0.732,0.360,0.795,0.168,0.407,0.946,0.581,0.772,0.682,0.565
25-1041.00,"Agricultural Sciences Teachers, Postsecondary",0.495,0.727,0.320,0.873,0.268,0.418,0.906,0.471,0.844,0.738,0.554
25-1042.00,"Biological Science Teachers, Postsecondary",0.493,0.813,0.383,0.875,0.173,0.442,0.880,0.503,0.784,0.749,0.641
25-1043.00,"Forestry and Conservation Science Teachers, Postsecondary",0.495,0.818,0.358,0.912,0.237,0.390,0.880,0.376,0.739,0.721,0.494
25-1051.00,"Atmospheric, Earth, Marine, and Space Sciences Teachers, Postsecondary",0.500,0.768,0.357,0.918,0.228,0.433,0.889,0.471,0.769,0.703,0.509
25-1052.00,"Chemistry Teachers, Postsecondary",0.508,0.803,0.325,0.785,0.182,0.463,0.820,0.812,0.691,0.470,0.531
25-1053.00,"Environmental Science Teachers, Postsecondary",0.452,0.890,0.395,0.875,0.248,0.403,0.966,0.497,0.776,0.717,0.570
25-1054.00,"Physics Teachers, Postsecondary",0.462,0.830,0.380,0.843,0.225,0.440,0.863,0.489,0.730,0.649,0.585
25-1061.00,"Anthropology and Archeology Teachers, Postsecondary",0.410,0.827,0.428,0.958,0.245,0.382,0.946,0.451,0.788,0.734,0.496
25-1062.00,"Area, Ethnic, and Cultural Studies Teachers, Postsecondary",0.342,0.718,0.473,0.987,0.333,0.338,0.961,0.484,0.857,0.847,0.639
25-1063.00,"Economics Teachers, Postsecondary",0.288,0.760,0.337,0.868,0.393,0.483,0.838,0.439,0.808,0.625,0.547
25-1064.00,"Geography Teachers, Postsecondary",0.373,0.775,0.448,0.960,0.268,0.445,0.856,0.394,0.747,0.700,0.549
25-1065.00,"Political Science Teachers, Postsecondary",0.158,0.745,0.453,0.978,0.375,0.337,0.909,0.373,0.861,0.793,0.594
25-1066.00,"Psychology Teachers, Postsecondary",0.188,0.765,0.477,1.000,0.220,0.383,0.924,0.456,0.880,0.867,0.681
25-1067.00,"Sociology Teachers, Postsecondary",0.262,0.785,0.430,0.950,0.255,0.378,0.885,0.370,0.812,0.813,0.681
25-1071.00,"Health Specialties Teachers, Postsecondary",0.378,0.738,0.333,1.000,0.165,0.420,0.899,0.629,0.838,0.817,0.704
25-1072.00,"Nursing Instructors and Teachers, Postsecondary",0.323,0.652,0.382,1.000,0.188,0.358,0.753,0.880,0.912,0.917,0.930
25-1081.00,"Education Teachers, Postsecondary",0.278,0.628,0.412,1.000,0.280,0.435,0.927,0.490,0.852,0.854,0.713
25-1082.00,"Library Science Teachers, Postsecondary",0.322,0.740,0.378,0.878,0.193,0.527,0.798,0.407,0.744,0.773,0.454
25-1111.00,"Criminal Justice and Law Enforcement Teachers, Postsecondary",0.233,0.647,0.388,0.975,0.395,0.427,0.748,0.387,0.842,0.783,0.554
25-1112.00,"Law Teachers, Postsecondary",0.235,0.725,0.398,0.910,0.415,0.453,0.813,0.602,0.897,0.747,0.617
25-1113.00,"Social Work Teachers, Postsecondary",0.200,0.672,0.477,1.000,0.308,0.337,0.776,0.390,0.904,0.901,0.822
25-1121.00,"Art, Drama, and Music Teachers, Postsecondary",0.338,0.523,0.788,0.998,0.187,0.268,0.887,0.217,0.842,0.785,0.684
25-1122.00,"Communications Teachers, Postsecondary",0.197,0.603,0.470,0.992,0.355,0.430,0.845,0.311,0.875,0.829,0.689
25-1123.00,"English Language and Literature Teachers, Postsecondary",0.213,0.630,0.532,1.000,0.238,0.415,0.838,0.363,0.769,0.804,0.658
25-1124.00,"Foreign Language and Literature Teachers, Postsecondary",0.185,0.587,0.510,1.000,0.253,0.422,0.852,0.447,0.793,0.799,0.723
25-1125.00,"History Teachers, Postsecondary",0.302,0.735,0.492,0.992,0.267,0.408,0.787,0.373,0.748,0.737,0.551
25-1126.00,"Philosophy and Religion Teachers, Postsecondary",0.243,0.690,0.460,1.000,0.295,0.413,0.952,0.327,0.760,0.860,0.499
25-1192.00,"Family and Consumer Sciences Teachers, Postsecondary",0.322,0.642,0.413,1.000,0.298,0.395,0.761,0.420,0.782,0.865,0.704
25-1193.00,"Recreation and Fitness Studies Teachers, Postsecondary",0.365,0.615,0.393,1.000,0.258,0.445,0.739,0.303,0.866,0.731,0.641
25-1194.00,"Career/Technical Education Teachers, Postsecondary",0.458,0.525,0.358,0.935,0.185,0.382,0.634,0.589,0.814,0.819,0.756
25-2011.00,"Preschool Teachers, Except Special Education",0.323,0.293,0.497,1.000,0.248,0.435,0.607,0.287,0.803,0.974,0.953
25-2012.00,"Kindergarten Teachers, Except Special Education",0.280,0.352,0.498,1.000,0.247,0.467,0.618,0.439,0.838,0.953,0.979
25-2021.00,"Elementary School Teachers, Except Special Education",0.273,0.392,0.478,1.000,0.262,0.463,0.707,0.611,0.900,0.955,0.967
25-2022.00,"Middle School Teachers, Except Special and Career/Technical Education",0.265,0.385,0.517,1.000,0.277,0.427,0.738,0.637,0.860,0.914,0.943
25-2023.00,"Career/Technical Education Teachers, Middle School",0.380,0.385,0.397,1.000,0.212,0.470,0.701,0.484,0.853,0.880,0.925
25-2031.00,"Secondary School Teachers, Except Special and Career/Technical Education",0.288,0.365,0.462,1.000,0.317,0.435,0.735,0.534,0.871,0.906,0.953
25-2032.00,"Career/Technical Education Teachers, Secondary School",0.310,0.397,0.410,1.000,0.253,0.487,0.712,0.540,0.878,0.881,0.912
25-2051.00,"Special Education Teachers, Preschool",0.283,0.415,0.497,1.000,0.117,0.363,0.766,0.748,0.793,0.993,0.990
25-2055.00,"Special Education Teachers, Kindergarten",0.258,0.467,0.442,1.000,0.122,0.445,0.763,0.771,0.788,0.987,0.993
25-2056.00,"Special Education Teachers, Elementary School",0.212,0.490,0.442,1.000,0.128,0.413,0.757,0.761,0.829,0.985,0.986
25-2057.00,"Special Education Teachers, Middle School",0.220,0.487,0.493,1.000,0.133,0.383,0.756,0.758,0.826,0.980,0.983
25-2058.00,"Special Education Teachers, Secondary School",0.232,0.468,0.460,1.000,0.155,0.420,0.797,0.726,0.845,0.984,0.976
25-2059.01,Adapted Physical Education Specialists,0.520,0.442,0.243,1.000,0.147,0.528,0.689,0.526,0.831,0.940,0.937
25-3011.00,"Adult Basic Education, Adult Secondary Education, and English as a Second Language Instructors",0.220,0.357,0.485,1.000,0.308,0.397,0.750,0.413,0.831,0.893,0.893
25-3021.00,Self-Enrichment Teachers,0.252,0.328,0.530,1.000,0.367,0.347,0.691,0.197,0.850,0.842,0.669
25-3031.00,"Substitute Teachers, Short-Term",0.198,0.253,0.405,0.955,0.242,0.442,0.547,0.186,0.738,0.870,0.928
25-3041.00,Tutors,0.213,0.308,0.345,0.958,0.123,0.392,0.614,0.378,0.728,0.904,0.853
25-4011.00,Archivists,0.313,0.620,0.315,0.327,0.138,0.828,0.640,0.728,0.507,0.664,0.128
25-4012.00,Curators,0.245,0.405,0.330,0.470,0.473,0.727,0.846,0.778,0.817,0.702,0.512
25-4013.00,Museum Technicians and Conservators,0.778,0.368,0.357,0.273,0.085,0.597,0.638,0.763,0.448,0.554,0.330
25-4022.00,Librarians and Media Collections Specialists,0.220,0.438,0.275,0.507,0.292,0.805,0.627,0.229,0.663,0.730,0.349
25-4031.00,Library Technicians,0.347,0.283,0.098,0.512,0.147,0.920,0.348,0.117,0.457,0.734,0.377
25-9021.00,Farm and Home Management Educators,0.493,0.547,0.218,0.638,0.415,0.363,0.783,0.629,0.939,0.889,0.772
25-9031.00,Instructional Coordinators,0.103,0.507,0.427,0.860,0.543,0.497,0.875,0.445,0.887,0.801,0.611
25-9042.00,"Teaching Assistants, Preschool, Elementary, Middle, and Secondary School, Except Special Education",0.258,0.217,0.297,0.920,0.330,0.542,0.490,0.256,0.597,0.879,0.916
25-9043.00,"Teaching Assistants, Special Education",0.163,0.382,0.390,1.000,0.190,0.428,0.543,0.408,0.571,0.933,0.964
25-9044.00,"Teaching Assistants, Postsecondary",0.192,0.355,0.168,0.922,0.298,0.665,0.656,0.266,0.648,0.869,0.846
27-1011.00,Art Directors,0.325,0.282,1.000,0.313,0.707,0.433,0.963,0.293,0.936,0.433,0.618
27-1012.00,Craft Artists,0.815,0.142,0.822,0.113,0.310,0.277,0.675,0.221,0.361,0.131,0.166
27-1013.00,"Fine Artists, Including Painters, Sculptors, and Illustrators",0.508,0.280,1.000,0.213,0.228,0.223,0.914,0.058,0.302,0.185,0.110
27-1014.00,Special Effects Artists and Animators,0.452,0.295,1.000,0.197,0.270,0.355,0.943,0.207,0.438,0.144,0.324
27-1021.00,Commercial and Industrial Designers,0.603,0.510,0.757,0.140,0.450,0.412,0.932,0.360,0.642,0.317,0.369
27-1022.00,Fashion Designers,0.557,0.195,1.000,0.225,0.493,0.323,0.917,0.245,0.751,0.220,0.528
27-1023.00,Floral Designers,0.678,0.107,0.575,0.242,0.457,0.480,0.581,0.171,0.588,0.616,0.516
27-1024.00,Graphic Designers,0.397,0.310,1.000,0.193,0.405,0.487,0.772,0.228,0.442,0.269,0.224
27-1025.00,Interior Designers,0.520,0.345,0.760,0.280,0.450,0.470,0.793,0.540,0.752,0.613,0.503
27-1026.00,Merchandise Displayers and Window Trimmers,0.575,0.085,0.617,0.198,0.547,0.348,0.667,0.183,0.541,0.248,0.327
27-1027.00,Set and Exhibit Designers,0.450,0.292,0.948,0.340,0.488,0.378,0.858,0.439,0.696,0.254,0.353
27-2011.00,Actors,0.215,0.193,1.000,0.513,0.500,0.135,0.890,0.122,0.683,0.216,0.857
27-2012.00,Producers and Directors,0.188,0.207,0.857,0.353,0.797,0.427,0.984,0.415,0.990,0.510,0.828
27-2012.03,Media Programming Directors,0.072,0.208,0.515,0.447,0.925,0.605,0.853,0.592,0.963,0.547,0.766
27-2012.04,Talent Directors,0.037,0.070,0.782,0.545,0.822,0.428,0.696,0.175,0.898,0.585,0.661
27-2012.05,Media Technical Directors/Managers,0.493,0.297,0.407,0.268,0.697,0.578,0.704,0.526,0.855,0.502,0.710
27-2021.00,Athletes and Sports Competitors,0.697,0.067,0.190,0.550,0.588,0.335,0.524,0.385,0.856,0.246,0.988
27-2022.00,Coaches and Scouts,0.542,0.192,0.238,0.718,0.692,0.408,0.649,0.394,0.996,0.775,0.905
27-2023.00,"Umpires, Referees, and Other Sports Officials",0.550,0.100,0.025,0.407,0.795,0.588,0.284,0.390,0.793,0.568,0.863
27-2031.00,Dancers,0.638,0.072,0.898,0.442,0.363,0.102,0.617,0.148,0.612,0.206,0.771
27-2032.00,Choreographers,0.438,0.203,1.000,0.493,0.462,0.188,0.979,0.180,0.969,0.467,0.749
27-2041.00,Music Directors and Composers,0.178,0.213,1.000,0.340,0.637,0.272,0.982,0.335,0.982,0.554,0.769
27-2042.00,Musicians and Singers,0.312,0.088,0.943,0.402,0.403,0.195,0.742,0.210,0.713,0.287,0.778
27-2091.00,"Disc Jockeys, Except Radio",0.333,0.092,0.637,0.322,0.425,0.417,0.600,0.046,0.889,0.339,0.760
27-3011.00,Broadcast Announcers and Radio Disc Jockeys,0.110,0.168,0.780,0.423,0.563,0.352,0.608,0.108,0.881,0.390,0.856
27-3023.00,"News Analysts, Reporters, and Journalists",0.078,0.527,0.682,0.300,0.492,0.440,0.938,0.403,0.829,0.489,0.657
27-3031.00,Public Relations Specialists,0.000,0.287,0.613,0.490,0.803,0.408,0.811,0.368,0.943,0.675,0.867
27-3041.00,Editors,0.005,0.317,0.732,0.260,0.522,0.613,0.778,0.826,0.820,0.538,0.581
27-3042.00,Technical Writers,0.297,0.448,0.538,0.168,0.162,0.720,0.648,0.420,0.296,0.394,0.143
27-3043.00,Writers and Authors,0.000,0.375,0.947,0.310,0.625,0.390,0.921,0.181,0.610,0.299,0.416
27-3043.05,"Poets, Lyricists and Creative Writers",0.028,0.430,1.000,0.305,0.362,0.313,0.902,0.043,0.287,0.199,0.071
27-3091.00,Interpreters and Translators,0.148,0.365,0.547,0.413,0.150,0.632,0.667,0.545,0.391,0.787,0.540
27-3092.00,Court Reporters and Simultaneous Captioners,0.202,0.188,0.320,0.317,0.273,0.770,0.147,0.594,0.176,0.358,0.581
27-4011.00,Audio and Video Technicians,0.700,0.290,0.373,0.162,0.145,0.597,0.597,0.350,0.520,0.291,0.563
27-4012.00,Broadcast Technicians,0.633,0.332,0.303,0.188,0.250,0.690,0.553,0.422,0.239,0.226,0.426
27-4014.00,Sound Engineering Technicians,0.690,0.280,0.575,0.115,0.193,0.537,0.680,0.511,0.418,0.291,0.470
27-4015.00,Lighting Technicians,0.998,0.170,0.230,0.040,0.158,0.518,0.496,0.398,0.382,0.245,0.430
27-4021.00,Photographers,0.757,0.197,0.713,0.157,0.213,0.392,0.727,0.309,0.486,0.349,0.404
27-4031.00,"Camera Operators, Television, Video, and Film",0.648,0.167,0.673,0.133,0.213,0.442,0.665,0.243,0.444,0.197,0.500
27-4032.00,Film and Video Editors,0.357,0.152,0.768,0.160,0.347,0.458,0.816,0.458,0.430,0.322,0.479
29-1011.00,Chiropractors,0.755,0.628,0.057,0.760,0.188,0.425,0.630,0.704,0.701,0.881,0.776
29-1021.00,"Dentists, General",0.705,0.747,0.028,0.568,0.167,0.452,0.602,0.893,0.722,0.829,0.850
29-1022.00,Oral and Maxillofacial Surgeons,0.792,0.807,0.028,0.578,0.195,0.433,0.770,0.964,0.803,0.720,0.887
29-1023.00,Orthodontists,0.767,0.787,0.095,0.502,0.075,0.597,0.624,0.863,0.703,0.743,0.731
29-1024.00,Prosthodontists,0.862,0.757,0.130,0.598,0.072,0.370,0.700,0.904,0.669,0.848,0.763
29-1031.00,Dietitians and Nutritionists,0.338,0.633,0.233,0.750,0.403,0.392,0.693,0.670,0.729,0.909,0.743
29-1041.00,Optometrists,0.633,0.797,0.100,0.670,0.212,0.487,0.614,0.744,0.658,0.843,0.661
29-1051.00,Pharmacists,0.303,0.778,0.080,0.647,0.270,0.593,0.569,0.953,0.675,0.922,0.780
29-1071.00,Physician Assistants,0.500,0.657,0.027,0.815,0.163,0.577,0.770,0.963,0.629,0.891,0.881
29-1071.01,Anesthesiologist Assistants,0.567,0.603,0.000,0.650,0.148,0.683,0.634,0.954,0.492,0.853,0.934
29-1081.00,Podiatrists,0.715,0.795,0.120,0.657,0.190,0.378,0.625,0.834,0.671,0.806,0.651
29-1122.00,Occupational Therapists,0.428,0.538,0.345,0.847,0.138,0.353,0.795,0.546,0.757,0.951,0.890
29-1122.01,"Low Vision Therapists, Orientation and Mobility Specialists, and Vision Rehabilitation Therapists",0.488,0.482,0.367,0.920,0.187,0.305,0.683,0.648,0.690,0.946,0.885
29-1123.00,Physical Therapists,0.555,0.645,0.195,0.818,0.248,0.345,0.717,0.842,0.762,0.948,0.921
29-1124.00,Radiation Therapists,0.660,0.607,0.040,0.628,0.120,0.580,0.342,0.692,0.625,0.965,0.939
29-1125.00,Recreational Therapists,0.448,0.553,0.312,0.970,0.252,0.278,0.671,0.313,0.866,0.958,0.903
29-1126.00,Respiratory Therapists,0.672,0.622,0.000,0.647,0.113,0.488,0.678,0.921,0.742,0.918,0.942
29-1127.00,Speech-Language Pathologists,0.270,0.762,0.333,0.848,0.073,0.505,0.740,0.797,0.722,0.947,0.872
29-1128.00,Exercise Physiologists,0.710,0.653,0.082,0.623,0.332,0.458,0.675,0.570,0.774,0.807,0.700
29-1129.01,Art Therapists,0.332,0.445,0.748,0.773,0.220,0.310,0.914,0.373,0.731,0.976,0.898
29-1129.02,Music Therapists,0.227,0.530,0.627,0.705,0.252,0.358,0.897,0.443,0.757,0.973,0.901
29-1131.00,Veterinarians,0.830,0.830,0.000,0.408,0.117,0.412,0.804,0.891,0.767,0.876,0.874
29-1141.00,Registered Nurses,0.410,0.618,0.057,0.762,0.230,0.625,0.709,0.852,0.836,0.938,0.875
29-1141.01,Acute Care Nurses,0.450,0.777,0.125,0.800,0.127,0.387,0.780,0.981,0.817,0.924,0.981
29-1141.02,Advanced Practice Psychiatric Nurses,0.265,0.817,0.303,0.845,0.173,0.392,0.836,0.962,0.883,0.978,0.982
29-1141.03,Critical Care Nurses,0.485,0.670,0.117,0.760,0.200,0.538,0.792,0.993,0.754,0.936,0.966
29-1141.04,Clinical Nurse Specialists,0.223,0.643,0.135,0.872,0.448,0.507,0.826,0.990,0.966,0.943,0.986
29-1151.00,Nurse Anesthetists,0.630,0.677,0.000,0.725,0.160,0.525,0.750,0.989,0.706,0.921,0.966
29-1161.00,Nurse Midwives,0.373,0.542,0.157,0.827,0.328,0.400,0.744,0.966,0.895,0.975,0.980
29-1171.00,Nurse Practitioners,0.427,0.757,0.063,0.753,0.178,0.510,0.811,0.992,0.848,0.952,0.972
29-1181.00,Audiologists,0.497,0.822,0.197,0.820,0.135,0.495,0.698,0.769,0.709,0.910,0.743
29-1211.00,Anesthesiologists,0.697,0.788,0.028,0.708,0.250,0.448,0.823,0.970,0.781,0.834,0.921
29-1212.00,Cardiologists,0.660,0.978,0.025,0.622,0.213,0.500,0.901,0.998,0.819,0.849,0.914
29-1213.00,Dermatologists,0.635,0.907,0.145,0.608,0.128,0.472,0.688,0.885,0.678,0.839,0.698
29-1214.00,Emergency Medicine Physicians,0.525,0.773,0.000,0.767,0.280,0.537,0.831,0.999,0.933,0.791,0.945
29-1215.00,Family Medicine Physicians,0.458,0.847,0.075,0.868,0.223,0.492,0.787,0.975,0.908,0.967,0.934
29-1216.00,General Internal Medicine Physicians,0.572,0.968,0.073,0.847,0.183,0.438,0.874,0.979,0.863,0.945,0.908
29-1217.00,Neurologists,0.517,1.000,0.180,0.670,0.232,0.448,0.864,0.956,0.713,0.887,0.840
29-1218.00,Obstetricians and Gynecologists,0.598,0.750,0.075,0.742,0.290,0.453,0.812,0.987,0.915,0.942,0.930
29-1221.00,"Pediatricians, General",0.440,0.863,0.147,0.940,0.257,0.430,0.780,0.959,0.866,0.949,0.971
29-1222.00,"Physicians, Pathologists",0.643,1.000,0.060,0.433,0.127,0.620,0.817,0.923,0.526,0.672,0.598
29-1223.00,Psychiatrists,0.217,0.932,0.275,0.805,0.158,0.433,0.849,0.867,0.808,0.990,0.916
29-1224.00,Radiologists,0.648,0.937,0.062,0.475,0.195,0.578,0.734,0.911,0.580,0.743,0.710
29-1229.01,Allergists and Immunologists,0.473,0.992,0.142,0.717,0.200,0.445,0.825,0.929,0.666,0.900,0.738
29-1229.02,Hospitalists,0.425,0.597,0.107,0.878,0.357,0.483,0.774,0.980,0.918,0.931,0.943
29-1229.03,Urologists,0.642,0.975,0.052,0.742,0.203,0.405,0.684,0.909,0.596,0.783,0.751
29-1229.04,Physical Medicine and Rehabilitation Physicians,0.653,0.877,0.145,0.833,0.115,0.333,0.833,0.925,0.870,0.926,0.879
29-1229.05,Preventive Medicine Physicians,0.395,0.950,0.147,0.738,0.228,0.398,0.946,0.929,0.944,0.889,0.789
29-1229.06,Sports Medicine Physicians,0.698,0.727,0.033,0.712,0.390,0.420,0.776,0.879,0.875,0.876,0.892
29-1241.00,"Ophthalmologists, Except Pediatric",0.567,0.873,0.117,0.743,0.330,0.453,0.685,0.955,0.734,0.837,0.790
29-1242.00,"Orthopedic Surgeons, Except Pediatric",0.680,0.917,0.080,0.637,0.227,0.485,0.761,0.997,0.919,0.695,0.870
29-1243.00,Pediatric Surgeons,0.658,0.920,0.092,0.665,0.238,0.485,0.940,1.000,0.913,0.852,0.973
29-1291.00,Acupuncturists,0.633,0.748,0.180,0.775,0.100,0.343,0.621,0.599,0.592,0.893,0.735
29-1292.00,Dental Hygienists,0.712,0.587,0.020,0.725,0.122,0.552,0.388,0.640,0.614,0.897,0.785
29-1299.01,Naturopathic Physicians,0.588,0.815,0.135,0.788,0.163,0.375,0.894,0.836,0.765,0.908,0.834
29-1299.02,Orthoptists,0.647,0.790,0.147,0.628,0.078,0.470,0.658,0.718,0.609,0.851,0.675
29-2011.00,Medical and Clinical Laboratory Technologists,0.802,0.858,0.022,0.295,0.085,0.665,0.542,0.854,0.445,0.562,0.516
29-2011.01,Cytogenetic Technologists,0.720,0.818,0.080,0.155,0.093,0.670,0.526,0.830,0.329,0.472,0.397
29-2011.02,Cytotechnologists,0.820,0.843,0.017,0.235,0.140,0.648,0.391,0.761,0.253,0.483,0.474
29-2011.04,Histotechnologists,0.787,0.927,0.052,0.315,0.008,0.693,0.492,0.767,0.366,0.492,0.389
29-2012.00,Medical and Clinical Laboratory Technicians,0.835,0.815,0.000,0.313,0.000,0.642,0.322,0.702,0.331,0.578,0.457
29-2012.01,Histology Technicians,0.882,0.728,0.043,0.187,0.000,0.672,0.210,0.427,0.118,0.261,0.175
29-2031.00,Cardiovascular Technologists and Technicians,0.768,0.718,0.000,0.542,0.050,0.617,0.419,0.638,0.543,0.864,0.860
29-2032.00,Diagnostic Medical Sonographers,0.812,0.625,0.053,0.517,0.085,0.675,0.518,0.662,0.516,0.834,0.692
29-2033.00,Nuclear Medicine Technologists,0.832,0.762,0.000,0.347,0.052,0.700,0.510,0.820,0.504,0.837,0.760
29-2034.00,Radiologic Technologists and Technicians,0.817,0.647,0.000,0.402,0.000,0.680,0.455,0.575,0.511,0.844,0.698
29-2035.00,Magnetic Resonance Imaging Technologists,0.743,0.632,0.000,0.418,0.045,0.655,0.437,0.629,0.489,0.863,0.710
29-2036.00,Medical Dosimetrists,0.595,0.717,0.053,0.428,0.202,0.667,0.716,0.939,0.585,0.773,0.637
29-2042.00,Emergency Medical Technicians,0.743,0.595,0.000,0.760,0.093,0.460,0.579,0.691,0.847,0.911,0.996
29-2043.00,Paramedics,0.700,0.672,0.000,0.748,0.152,0.403,0.692,0.526,0.808,0.821,0.999
29-2051.00,Dietetic Technicians,0.468,0.408,0.257,0.675,0.262,0.470,0.474,0.381,0.599,0.831,0.604
29-2052.00,Pharmacy Technicians,0.535,0.332,0.000,0.387,0.253,1.000,0.242,0.578,0.353,0.733,0.549
29-2053.00,Psychiatric Technicians,0.382,0.595,0.187,0.988,0.077,0.410,0.563,0.458,0.688,0.956,0.991
29-2055.00,Surgical Technologists,0.877,0.370,0.000,0.470,0.102,0.642,0.261,0.733,0.338,0.798,0.863
29-2056.00,Veterinary Technologists and Technicians,0.952,0.710,0.000,0.337,0.000,0.593,0.561,0.799,0.489,0.840,0.894
29-2057.00,Ophthalmic Medical Technicians,0.722,0.635,0.000,0.607,0.125,0.568,0.326,0.370,0.475,0.684,0.723
29-2061.00,Licensed Practical and Licensed Vocational Nurses,0.597,0.445,0.008,0.750,0.188,0.597,0.516,0.792,0.722,0.930,0.901
29-2072.00,Medical Records Specialists,0.310,0.555,0.000,0.402,0.147,0.992,0.305,0.447,0.127,0.576,0.291
29-2081.00,"Opticians, Dispensing",0.558,0.213,0.068,0.342,0.388,0.738,0.358,0.361,0.625,0.761,0.526
29-2091.00,Orthotists and Prosthetists,0.833,0.683,0.165,0.550,0.093,0.430,0.801,0.846,0.713,0.898,0.743
29-2092.00,Hearing Aid Specialists,0.478,0.563,0.122,0.592,0.122,0.567,0.593,0.654,0.703,0.914,0.710
29-2099.01,Neurodiagnostic Technologists,0.720,0.802,0.068,0.452,0.070,0.578,0.506,0.675,0.422,0.768,0.666
29-2099.05,Ophthalmic Medical Technologists,0.735,0.618,0.020,0.553,0.170,0.622,0.483,0.600,0.649,0.758,0.702
29-2099.08,Patient Representatives,0.045,0.510,0.098,0.937,0.353,0.472,0.573,0.524,0.745,0.957,0.919
29-9021.00,Health Information Technologists and Medical Registrars,0.263,0.695,0.030,0.472,0.200,0.825,0.733,0.785,0.541,0.683,0.426
29-9091.00,Athletic Trainers,0.772,0.567,0.025,0.792,0.207,0.370,0.653,0.713,0.803,0.884,0.898
29-9092.00,Genetic Counselors,0.110,0.810,0.223,0.742,0.288,0.482,0.815,0.898,0.733,0.978,0.824
29-9093.00,Surgical Assistants,0.783,0.408,0.000,0.473,0.130,0.567,0.337,0.889,0.402,0.809,0.887
29-9099.01,Midwives,0.497,0.423,0.152,0.840,0.283,0.377,0.704,0.943,0.784,0.982,1.000
31-1121.00,Home Health Aides,0.538,0.363,0.080,0.888,0.128,0.418,0.384,0.495,0.504,0.981,0.953
31-1122.00,Personal Care Aides,0.418,0.133,0.132,0.865,0.258,0.487,0.264,0.345,0.416,0.967,0.960
31-1131.00,Nursing Assistants,0.597,0.287,0.000,0.783,0.128,0.540,0.316,0.368,0.451,0.970,0.908
31-1132.00,Orderlies,0.737,0.175,0.000,0.528,0.032,0.640,0.167,0.126,0.306,0.778,0.686
31-1133.00,Psychiatric Aides,0.407,0.507,0.138,0.968,0.113,0.457,0.447,0.308,0.556,0.972,0.998
31-2011.00,Occupational Therapy Assistants,0.422,0.413,0.177,0.850,0.023,0.535,0.584,0.583,0.680,0.938,0.865
31-2012.00,Occupational Therapy Aides,0.485,0.258,0.115,0.833,0.137,0.453,0.320,0.166,0.412,0.896,0.557
31-2021.00,Physical Therapist Assistants,0.575,0.442,0.088,0.902,0.052,0.460,0.515,0.548,0.651,0.929,0.817
31-2022.00,Physical Therapist Aides,0.623,0.263,0.012,0.825,0.177,0.487,0.235,0.162,0.407,0.874,0.679
31-9011.00,Massage Therapists,0.640,0.465,0.205,0.792,0.183,0.277,0.480,0.231,0.561,0.916,0.747
31-9091.00,Dental Assistants,0.580,0.425,0.000,0.562,0.057,0.738,0.324,0.466,0.486,0.857,0.689
31-9092.00,Medical Assistants,0.510,0.467,0.000,0.633,0.163,0.792,0.400,0.570,0.522,0.893,0.815
31-9093.00,Medical Equipment Preparers,0.962,0.403,0.000,0.227,0.000,0.755,0.231,0.429,0.145,0.487,0.330
31-9094.00,Medical Transcriptionists,0.245,0.433,0.123,0.448,0.043,0.875,0.253,0.475,0.057,0.399,0.170
31-9095.00,Pharmacy Aides,0.458,0.095,0.000,0.352,0.473,0.965,0.174,0.190,0.320,0.766,0.525
31-9096.00,Veterinary Assistants and Laboratory Animal Caretakers,0.888,0.542,0.000,0.418,0.000,0.493,0.411,0.495,0.460,0.845,0.844
31-9097.00,Phlebotomists,0.740,0.615,0.000,0.433,0.067,0.737,0.204,0.449,0.406,0.812,0.783
31-9099.01,Speech-Language Pathology Assistants,0.245,0.562,0.275,0.747,0.088,0.667,0.489,0.469,0.510,0.919,0.795
31-9099.02,Endoscopy Technicians,0.910,0.515,0.000,0.333,0.012,0.690,0.317,0.526,0.392,0.729,0.661
33-1011.00,First-Line Supervisors of Correctional Officers,0.430,0.133,0.000,0.590,0.887,0.677,0.369,0.742,0.882,0.628,0.930
33-1012.00,First-Line Supervisors of Police and Detectives,0.408,0.223,0.002,0.463,0.980,0.682,0.596,0.929,0.979,0.815,0.925
33-1021.00,First-Line Supervisors of Firefighting and Prevention Workers,0.690,0.210,0.000,0.453,0.858,0.610,0.711,0.901,0.993,0.810,0.984
33-1091.00,First-Line Supervisors of Security Workers,0.563,0.137,0.000,0.428,0.825,0.683,0.442,0.813,0.889,0.743,0.842
33-2011.00,Firefighters,0.915,0.320,0.052,0.398,0.335,0.412,0.606,0.775,0.866,0.887,0.997
33-2021.00,Fire Inspectors and Investigators,0.748,0.555,0.003,0.265,0.387,0.697,0.579,0.915,0.653,0.698,0.738
33-2022.00,Forest Fire Inspectors and Prevention Specialists,0.892,0.427,0.018,0.363,0.402,0.595,0.565,0.874,0.763,0.601,0.861
33-3011.00,Bailiffs,0.632,0.193,0.000,0.380,0.500,0.580,0.190,0.384,0.554,0.537,0.809
33-3012.00,Correctional Officers and Jailers,0.722,0.115,0.008,0.477,0.360,0.635,0.111,0.467,0.514,0.404,0.896
33-3021.00,Detectives and Criminal Investigators,0.530,0.650,0.033,0.288,0.507,0.638,0.834,0.982,0.760,0.551,0.869
33-3021.02,Police Identification and Records Officers,0.638,0.447,0.097,0.162,0.322,0.773,0.630,0.848,0.492,0.695,0.854
33-3021.06,Intelligence Analysts,0.222,0.795,0.185,0.152,0.473,0.728,0.912,0.952,0.498,0.501,0.426
33-3031.00,Fish and Game Wardens,0.900,0.485,0.000,0.230,0.337,0.540,0.567,0.755,0.697,0.707,0.821
33-3041.00,Parking Enforcement Workers,0.895,0.072,0.000,0.268,0.375,0.685,0.076,0.058,0.357,0.116,0.535
33-3051.00,Police and Sheriff's Patrol Officers,0.727,0.293,0.012,0.408,0.513,0.558,0.487,0.889,0.869,0.830,0.946
33-3051.04,Customs and Border Protection Officers,0.398,0.273,0.000,0.267,0.548,0.712,0.456,0.822,0.726,0.452,0.834
33-3052.00,Transit and Railroad Police,0.862,0.213,0.000,0.252,0.368,0.657,0.442,0.737,0.736,0.649,0.910
33-9011.00,Animal Control Workers,0.822,0.432,0.000,0.272,0.195,0.482,0.457,0.405,0.575,0.776,0.830
33-9021.00,Private Detectives and Investigators,0.232,0.483,0.070,0.312,0.512,0.742,0.772,0.888,0.547,0.344,0.681
33-9031.00,Gambling Surveillance Officers and Gambling Investigators,0.523,0.195,0.000,0.192,0.630,0.770,0.370,0.478,0.399,0.212,0.570
33-9032.00,Security Guards,0.902,0.215,0.000,0.273,0.313,0.627,0.179,0.516,0.480,0.562,0.815
33-9091.00,Crossing Guards and Flaggers,0.810,0.108,0.018,0.347,0.333,0.437,0.051,0.206,0.597,0.715,0.692
33-9092.00,"Lifeguards, Ski Patrol, and Other Recreational Protective Service Workers",0.878,0.228,0.000,0.540,0.313,0.407,0.402,0.499,0.669,0.826,0.958
33-9093.00,Transportation Security Screeners,0.702,0.168,0.000,0.242,0.268,0.752,0.274,0.471,0.419,0.573,0.793
33-9094.00,School Bus Monitors,0.405,0.085,0.123,0.708,0.158,0.627,0.182,0.275,0.708,0.898,0.928
33-9099.02,Retail Loss Prevention Specialists,0.483,0.407,0.000,0.285,0.628,0.778,0.463,0.908,0.565,0.214,0.633
35-1011.00,Chefs and Head Cooks,0.640,0.113,0.287,0.325,0.688,0.558,0.721,0.733,0.916,0.534,0.803
35-1012.00,First-Line Supervisors of Food Preparation and Serving Workers,0.600,0.063,0.042,0.395,0.893,0.620,0.435,0.412,0.927,0.729,0.809
35-2011.00,"Cooks, Fast Food",0.888,0.063,0.142,0.237,0.393,0.553,0.046,0.012,0.121,0.188,0.474
35-2012.00,"Cooks, Institution and Cafeteria",0.817,0.138,0.168,0.362,0.360,0.558,0.222,0.222,0.379,0.417,0.567
35-2013.00,"Cooks, Private Household",0.663,0.067,0.462,0.463,0.425,0.452,0.620,0.171,0.475,0.653,0.645
35-2014.00,"Cooks, Restaurant",0.772,0.093,0.285,0.313,0.448,0.467,0.460,0.322,0.319,0.366,0.570
35-2015.00,"Cooks, Short Order",0.855,0.000,0.212,0.365,0.447,0.562,0.228,0.047,0.357,0.258,0.653
35-2021.00,Food Preparation Workers,0.900,0.058,0.150,0.285,0.205,0.530,0.091,0.050,0.072,0.229,0.283
35-3011.00,Bartenders,0.608,0.000,0.217,0.457,0.475,0.588,0.478,0.135,0.735,0.674,0.877
35-3023.00,Fast Food and Counter Workers,0.638,0.000,0.075,0.413,0.408,0.660,0.098,0.004,0.372,0.582,0.584
35-3023.01,Baristas,0.763,0.012,0.272,0.450,0.373,0.450,0.328,0.042,0.472,0.680,0.657
35-3031.00,Waiters and Waitresses,0.520,0.000,0.140,0.620,0.510,0.658,0.344,0.090,0.619,0.796,0.825
35-3041.00,"Food Servers, Nonrestaurant",0.640,0.077,0.183,0.538,0.308,0.478,0.187,0.074,0.364,0.718,0.581
35-9011.00,Dining Room and Cafeteria Attendants and Bartender Helpers,0.772,0.000,0.003,0.443,0.210,0.595,0.112,0.002,0.269,0.494,0.498
35-9021.00,Dishwashers,1.000,0.000,0.000,0.138,0.073,0.575,0.010,0.003,0.002,0.129,0.170
35-9031.00,"Hosts and Hostesses, Restaurant, Lounge, and Coffee Shop",0.365,0.000,0.122,0.707,0.573,0.515,0.238,0.019,0.629,0.787,0.762
37-1011.00,First-Line Supervisors of Housekeeping and Janitorial Workers,0.523,0.063,0.000,0.438,0.783,0.725,0.376,0.424,0.835,0.705,0.692
37-1012.00,"First-Line Supervisors of Landscaping, Lawn Service, and Groundskeeping Workers",0.592,0.128,0.005,0.335,0.852,0.707,0.474,0.478,0.906,0.598,0.627
37-2011.00,"Janitors and Cleaners, Except Maids and Housekeeping Cleaners",0.955,0.025,0.000,0.185,0.112,0.602,0.053,0.030,0.010,0.226,0.115
37-2012.00,Maids and Housekeeping Cleaners,0.847,0.000,0.065,0.248,0.078,0.600,0.029,0.016,0.054,0.363,0.110
37-2021.00,Pest Control Workers,0.975,0.323,0.000,0.112,0.202,0.528,0.285,0.306,0.280,0.274,0.399
37-3011.00,Landscaping and Groundskeeping Workers,1.000,0.103,0.150,0.075,0.135,0.392,0.194,0.060,0.131,0.135,0.122
37-3012.00,"Pesticide Handlers, Sprayers, and Applicators, Vegetation",0.918,0.288,0.000,0.158,0.070,0.445,0.330,0.357,0.139,0.195,0.260
37-3013.00,Tree Trimmers and Pruners,1.000,0.188,0.000,0.132,0.037,0.348,0.339,0.473,0.436,0.214,0.535
39-1013.00,First-Line Supervisors of Gambling Services Workers,0.450,0.000,0.000,0.337,0.822,0.748,0.405,0.543,0.938,0.651,0.834
39-1014.00,"First-Line Supervisors of Entertainment and Recreation Workers, Except Gambling Services",0.317,0.005,0.132,0.567,1.000,0.620,0.543,0.375,0.973,0.762,0.799
39-1022.00,First-Line Supervisors of Personal Service Workers,0.395,0.017,0.015,0.497,0.975,0.685,0.482,0.430,0.960,0.818,0.825
39-2011.00,Animal Trainers,0.920,0.217,0.127,0.435,0.180,0.328,0.560,0.529,0.583,0.751,0.785
39-2021.00,Animal Caretakers,0.862,0.292,0.105,0.458,0.087,0.375,0.311,0.271,0.396,0.740,0.664
39-3011.00,Gambling Dealers,0.452,0.000,0.017,0.193,0.697,0.743,0.090,0.020,0.512,0.528,0.778
39-3012.00,Gambling and Sports Book Writers and Runners,0.297,0.000,0.003,0.320,0.665,0.828,0.107,0.026,0.326,0.387,0.506
39-3021.00,Motion Picture Projectionists,0.740,0.170,0.350,0.170,0.165,0.565,0.123,0.153,0.039,0.027,0.066
39-3031.00,"Ushers, Lobby Attendants, and Ticket Takers",0.368,0.000,0.068,0.615,0.532,0.625,0.192,0.008,0.504,0.780,0.648
39-3091.00,Amusement and Recreation Attendants,0.538,0.000,0.113,0.558,0.472,0.620,0.020,0.015,0.422,0.544,0.584
39-3092.00,Costume Attendants,0.480,0.000,0.768,0.377,0.307,0.545,0.531,0.246,0.467,0.540,0.501
39-3093.00,"Locker Room, Coatroom, and Dressing Room Attendants",0.527,0.000,0.093,0.523,0.248,0.765,0.085,0.001,0.231,0.593,0.395
39-4011.00,Embalmers,0.807,0.262,0.102,0.400,0.275,0.475,0.201,0.344,0.249,0.753,0.716
39-4012.00,Crematory Operators,0.827,0.185,0.077,0.288,0.082,0.560,0.064,0.319,0.206,0.862,0.731
39-4021.00,Funeral Attendants,0.658,0.012,0.137,0.488,0.445,0.557,0.263,0.210,0.499,0.954,0.774
39-4031.00,"Morticians, Undertakers, and Funeral Arrangers",0.425,0.067,0.125,0.568,0.610,0.612,0.427,0.669,0.861,0.960,0.834
39-5011.00,Barbers,0.732,0.000,0.285,0.430,0.425,0.482,0.380,0.074,0.646,0.658,0.535
39-5012.00,"Hairdressers, Hairstylists, and Cosmetologists",0.733,0.090,0.373,0.453,0.375,0.487,0.507,0.192,0.675,0.713,0.665
39-5091.00,"Makeup Artists, Theatrical and Performance",0.555,0.062,0.953,0.333,0.347,0.335,0.752,0.417,0.698,0.426,0.603
39-5092.00,Manicurists and Pedicurists,0.772,0.050,0.215,0.343,0.225,0.445,0.230,0.066,0.462,0.637,0.542
39-5093.00,Shampooers,0.755,0.058,0.093,0.458,0.245,0.395,0.099,0.007,0.363,0.671,0.398
39-5094.00,Skincare Specialists,0.747,0.173,0.325,0.530,0.353,0.395,0.452,0.260,0.594,0.824,0.630
39-6011.00,Baggage Porters and Bellhops,0.653,0.000,0.000,0.418,0.258,0.637,0.217,0.039,0.464,0.796,0.648
39-6012.00,Concierges,0.283,0.000,0.215,0.723,0.612,0.530,0.585,0.291,0.671,0.907,0.889
39-7011.00,Tour Guides and Escorts,0.388,0.233,0.410,0.725,0.440,0.308,0.604,0.090,0.850,0.765,0.738
39-7012.00,Travel Guides,0.242,0.223,0.242,0.640,0.602,0.550,0.725,0.578,0.912,0.794,0.903
39-9011.00,Childcare Workers,0.347,0.080,0.430,0.863,0.292,0.407,0.412,0.333,0.604,0.963,0.953
39-9011.01,Nannies,0.318,0.198,0.417,0.883,0.280,0.390,0.471,0.554,0.694,0.944,0.951
39-9031.00,Exercise Trainers and Group Fitness Instructors,0.705,0.285,0.233,0.770,0.418,0.330,0.558,0.272,0.921,0.808,0.848
39-9032.00,Recreation Workers,0.458,0.163,0.342,0.650,0.585,0.410,0.493,0.175,0.838,0.800,0.675
39-9041.00,Residential Advisors,0.303,0.228,0.208,0.713,0.468,0.605,0.557,0.390,0.924,0.928,0.939
41-1011.00,First-Line Supervisors of Retail Sales Workers,0.292,0.023,0.000,0.440,1.000,0.768,0.501,0.607,0.950,0.755,0.856
41-1012.00,First-Line Supervisors of Non-Retail Sales Workers,0.123,0.018,0.000,0.513,1.000,0.718,0.561,0.567,0.985,0.641,0.643
41-2011.00,Cashiers,0.317,0.000,0.000,0.265,0.437,0.868,0.115,0.034,0.416,0.720,0.578
41-2012.00,Gambling Change Persons and Booth Cashiers,0.345,0.000,0.010,0.238,0.532,0.893,0.004,0.143,0.247,0.512,0.481
41-2021.00,Counter and Rental Clerks,0.362,0.000,0.045,0.383,0.477,0.817,0.203,0.044,0.558,0.661,0.560
41-2022.00,Parts Salespersons,0.773,0.100,0.000,0.160,0.472,0.687,0.381,0.263,0.652,0.525,0.487
41-2031.00,Retail Salespersons,0.367,0.000,0.163,0.327,0.855,0.695,0.396,0.199,0.763,0.544,0.704
41-3011.00,Advertising Sales Agents,0.030,0.087,0.440,0.327,0.942,0.557,0.662,0.350,0.964,0.314,0.827
41-3021.00,Insurance Sales Agents,0.000,0.208,0.015,0.452,0.825,0.743,0.578,0.808,0.925,0.606,0.793
41-3031.00,"Securities, Commodities, and Financial Services Sales Agents",0.043,0.255,0.048,0.345,0.847,0.712,0.823,0.856,0.953,0.474,0.861
41-3041.00,Travel Agents,0.025,0.085,0.150,0.552,0.797,0.795,0.502,0.303,0.713,0.689,0.622
41-3091.00,"Sales Representatives of Services, Except Advertising, Insurance, Financial Services, and Travel",0.012,0.157,0.075,0.458,0.955,0.678,0.654,0.502,0.961,0.434,0.790
41-4011.00,"Sales Representatives, Wholesale and Manufacturing, Technical and Scientific Products",0.300,0.358,0.073,0.353,0.712,0.690,0.724,0.735,0.972,0.404,0.743
41-4011.07,Solar Sales Representatives and Assessors,0.420,0.288,0.065,0.292,0.760,0.572,,,,,
41-4012.00,"Sales Representatives, Wholesale and Manufacturing, Except Technical and Scientific Products",0.272,0.207,0.108,0.282,0.853,0.653,0.610,0.417,0.969,0.382,0.815
41-9011.00,Demonstrators and Product Promoters,0.373,0.148,0.385,0.377,0.730,0.427,0.434,0.074,0.808,0.451,0.615
41-9012.00,Models,0.668,0.015,0.985,0.248,0.452,0.210,0.303,0.000,0.554,0.033,0.440
41-9021.00,Real Estate Brokers,0.285,0.087,0.000,0.317,0.913,0.793,0.636,0.778,0.984,0.588,0.803
41-9022.00,Real Estate Sales Agents,0.187,0.078,0.153,0.420,0.910,0.657,0.587,0.665,0.928,0.620,0.812
41-9031.00,Sales Engineers,0.397,0.430,0.127,0.303,0.797,0.585,0.878,0.697,0.950,0.585,0.764
41-9041.00,Telemarketers,0.145,0.015,0.040,0.435,0.727,0.678,0.161,0.050,0.661,0.102,0.872
41-9091.00,"Door-to-Door Sales Workers, News and Street Vendors, and Related Workers",0.427,0.000,0.173,0.298,0.753,0.617,0.513,0.320,0.930,0.181,0.753
43-1011.00,First-Line Supervisors of Office and Administrative Support Workers,0.097,0.063,0.000,0.555,0.983,0.783,0.511,0.607,0.947,0.781,0.757
43-2011.00,"Switchboard Operators, Including Answering Service",0.438,0.065,0.000,0.318,0.363,0.825,0.154,0.008,0.376,0.676,0.675
43-2021.00,Telephone Operators,0.372,0.023,0.000,0.508,0.388,0.868,0.169,0.029,0.339,0.748,0.755
43-3011.00,Bill and Account Collectors,0.180,0.000,0.000,0.377,0.560,1.000,0.259,0.460,0.617,0.247,0.720
43-3021.00,Billing and Posting Clerks,0.305,0.098,0.000,0.078,0.293,1.000,0.056,0.242,0.138,0.332,0.089
43-3031.00,"Bookkeeping, Accounting, and Auditing Clerks",0.105,0.197,0.000,0.082,0.312,1.000,0.063,0.433,0.102,0.302,0.075
43-3041.00,Gambling Cage Workers,0.317,0.000,0.000,0.318,0.610,0.830,0.026,0.269,0.370,0.571,0.596
43-3051.00,Payroll and Timekeeping Clerks,0.142,0.008,0.000,0.152,0.387,1.000,0.083,0.365,0.152,0.440,0.140
43-3061.00,Procurement Clerks,0.362,0.118,0.000,0.105,0.522,1.000,0.311,0.282,0.427,0.483,0.133
43-3071.00,Tellers,0.212,0.070,0.000,0.240,0.532,0.980,0.116,0.480,0.469,0.755,0.606
43-4011.00,Brokerage Clerks,0.183,0.045,0.000,0.220,0.585,0.993,0.243,0.225,0.310,0.424,0.356
43-4021.00,Correspondence Clerks,0.053,0.253,0.095,0.283,0.405,0.977,0.217,0.183,0.165,0.608,0.404
43-4031.00,"Court, Municipal, and License Clerks",0.162,0.152,0.018,0.420,0.540,0.860,0.229,0.325,0.399,0.670,0.489
43-4041.00,"Credit Authorizers, Checkers, and Clerks",0.000,0.145,0.000,0.398,0.580,1.000,0.307,0.437,0.425,0.513,0.258
43-4051.00,Customer Service Representatives,0.162,0.105,0.000,0.462,0.680,0.887,0.253,0.124,0.501,0.858,0.914
43-4061.00,"Eligibility Interviewers, Government Programs",0.000,0.242,0.000,0.577,0.487,0.887,0.262,0.324,0.460,0.821,0.590
43-4071.00,File Clerks,0.235,0.047,0.002,0.175,0.127,1.000,0.061,0.055,0.048,0.282,0.007
43-4081.00,"Hotel, Motel, and Resort Desk Clerks",0.270,0.000,0.058,0.582,0.467,0.787,0.345,0.176,0.601,0.825,0.819
43-4111.00,"Interviewers, Except Eligibility and Loan",0.000,0.153,0.063,0.520,0.443,0.835,0.270,0.120,0.594,0.737,0.560
43-4121.00,"Library Assistants, Clerical",0.318,0.167,0.048,0.462,0.197,0.982,0.236,0.097,0.385,0.654,0.366
43-4131.00,Loan Interviewers and Clerks,0.000,0.197,0.000,0.400,0.602,0.987,0.209,0.516,0.479,0.610,0.408
43-4141.00,New Accounts Clerks,0.062,0.152,0.000,0.443,0.608,0.977,0.276,0.335,0.608,0.803,0.608
43-4151.00,Order Clerks,0.262,0.000,0.000,0.253,0.590,0.995,0.215,0.142,0.383,0.619,0.447
43-4161.00,"Human Resources Assistants, Except Payroll and Timekeeping",0.072,0.058,0.000,0.373,0.485,1.000,0.248,0.197,0.410,0.779,0.430
43-4171.00,Receptionists and Information Clerks,0.158,0.132,0.017,0.428,0.543,0.883,0.289,0.062,0.528,0.846,0.731
43-4181.00,Reservation and Transportation Ticket Agents and Travel Clerks,0.187,0.000,0.053,0.565,0.513,0.757,0.348,0.225,0.533,0.739,0.727
43-5011.00,Cargo and Freight Agents,0.358,0.087,0.000,0.190,0.638,0.887,0.403,0.331,0.508,0.454,0.467
43-5011.01,Freight Forwarders,0.418,0.265,0.000,0.140,0.490,0.767,0.593,0.766,0.604,0.518,0.527
43-5021.00,Couriers and Messengers,0.578,0.012,0.000,0.327,0.310,0.678,0.197,0.146,0.304,0.463,0.348
43-5031.00,Public Safety Telecommunicators,0.555,0.318,0.000,0.442,0.315,0.753,0.364,0.712,0.638,0.857,0.978
43-5032.00,"Dispatchers, Except Police, Fire, and Ambulance",0.712,0.070,0.000,0.282,0.320,0.733,0.399,0.331,0.629,0.549,0.716
43-5041.00,"Meter Readers, Utilities",0.652,0.255,0.000,0.192,0.047,0.930,0.074,0.065,0.162,0.356,0.206
43-5051.00,Postal Service Clerks,0.368,0.000,0.000,0.262,0.285,0.925,0.038,0.149,0.335,0.580,0.511
43-5052.00,Postal Service Mail Carriers,0.427,0.000,0.000,0.282,0.318,0.878,0.140,0.237,0.334,0.596,0.538
43-5053.00,"Postal Service Mail Sorters, Processors, and Processing Machine Operators",0.600,0.090,0.000,0.138,0.110,0.818,0.128,0.080,0.007,0.142,0.110
43-5061.00,"Production, Planning, and Expediting Clerks",0.353,0.033,0.023,0.185,0.652,0.820,0.405,0.532,0.567,0.499,0.354
43-5071.00,"Shipping, Receiving, and Inventory Clerks",0.497,0.040,0.000,0.062,0.352,1.000,0.149,0.200,0.204,0.337,0.130
43-5111.00,"Weighers, Measurers, Checkers, and Samplers, Recordkeeping",0.718,0.228,0.000,0.000,0.127,0.895,0.013,0.131,0.066,0.199,0.012
43-6011.00,Executive Secretaries and Executive Administrative Assistants,0.053,0.157,0.058,0.490,0.752,0.902,0.447,0.536,0.616,0.692,0.655
43-6012.00,Legal Secretaries and Administrative Assistants,0.068,0.318,0.092,0.362,0.570,0.948,0.256,0.553,0.290,0.673,0.516
43-6013.00,Medical Secretaries and Administrative Assistants,0.215,0.337,0.000,0.522,0.362,0.945,0.353,0.388,0.374,0.793,0.670
43-6014.00,"Secretaries and Administrative Assistants, Except Legal, Medical, and Executive",0.163,0.062,0.000,0.435,0.530,0.992,0.278,0.217,0.412,0.663,0.522
43-9021.00,Data Entry Keyers,0.342,0.218,0.000,0.032,0.112,1.000,0.001,0.165,0.001,0.134,0.020
43-9022.00,Word Processors and Typists,0.312,0.157,0.210,0.205,0.143,0.932,0.052,0.108,0.013,0.167,0.028
43-9031.00,Desktop Publishers,0.397,0.307,0.540,0.115,0.118,0.783,0.375,0.156,0.128,0.049,0.037
43-9041.00,Insurance Claims and Policy Processing Clerks,0.040,0.238,0.000,0.260,0.477,1.000,0.152,0.274,0.235,0.597,0.358
43-9051.00,"Mail Clerks and Mail Machine Operators, Except Postal Service",0.502,0.000,0.000,0.168,0.190,0.910,0.033,0.029,0.051,0.191,0.047
43-9061.00,"Office Clerks, General",0.320,0.142,0.000,0.343,0.367,0.973,0.252,0.103,0.331,0.558,0.307
43-9071.00,"Office Machine Operators, Except Computer",0.592,0.188,0.027,0.113,0.177,0.928,0.093,0.040,0.016,0.074,0.031
43-9081.00,Proofreaders and Copy Markers,0.073,0.250,0.427,0.200,0.088,0.860,0.074,0.522,0.078,0.166,0.057
43-9111.00,Statistical Assistants,0.228,0.580,0.000,0.067,0.123,1.000,0.268,0.347,0.130,0.174,0.035
45-1011.00,"First-Line Supervisors of Farming, Fishing, and Forestry Workers",0.755,0.205,0.000,0.315,0.835,0.610,0.379,0.411,0.903,0.592,0.597
45-2011.00,Agricultural Inspectors,0.725,0.507,0.000,0.148,0.353,0.695,0.324,0.629,0.538,0.535,0.439
45-2021.00,Animal Breeders,0.893,0.400,0.075,0.230,0.167,0.430,0.414,0.409,0.280,0.384,0.467
45-2041.00,"Graders and Sorters, Agricultural Products",0.773,0.247,0.112,0.083,0.193,0.667,0.007,0.021,0.007,0.028,0.002
45-2091.00,Agricultural Equipment Operators,1.000,0.250,0.000,0.000,0.057,0.445,0.331,0.217,0.202,0.133,0.269
45-2092.00,"Farmworkers and Laborers, Crop, Nursery, and Greenhouse",1.000,0.220,0.047,0.143,0.228,0.393,0.233,0.147,0.172,0.256,0.301
45-2093.00,"Farmworkers, Farm, Ranch, and Aquacultural Animals",0.963,0.277,0.070,0.250,0.153,0.325,0.315,0.215,0.230,0.390,0.570
45-3031.00,Fishing and Hunting Workers,1.000,0.212,0.010,0.005,0.165,0.382,0.411,0.089,0.051,0.082,0.285
45-4011.00,Forest and Conservation Workers,1.000,0.388,0.000,0.285,0.338,0.512,0.298,0.169,0.226,0.319,0.395
45-4021.00,Fallers,1.000,0.247,0.022,0.153,0.095,0.387,0.216,0.325,0.116,0.015,0.474
45-4022.00,Logging Equipment Operators,0.972,0.135,0.000,0.018,0.017,0.567,0.211,0.261,0.182,0.095,0.381
45-4023.00,Log Graders and Scalers,0.663,0.228,0.000,0.017,0.127,0.885,0.143,0.111,0.129,0.120,0.018
47-1011.00,First-Line Supervisors of Construction Trades and Extraction Workers,0.612,0.150,0.000,0.320,0.833,0.658,0.530,0.830,0.938,0.669,0.753
47-1011.03,Solar Energy Installation Managers,0.810,0.275,0.045,0.123,0.642,0.532,,,,,
47-2011.00,Boilermakers,1.000,0.218,0.000,0.000,0.000,0.453,0.245,0.563,0.212,0.203,0.322
47-2021.00,Brickmasons and Blockmasons,0.992,0.170,0.112,0.018,0.035,0.470,0.108,0.164,0.179,0.137,0.184
47-2022.00,Stonemasons,1.000,0.190,0.317,0.143,0.048,0.333,0.103,0.252,0.168,0.103,0.175
47-2031.00,Carpenters,0.958,0.152,0.197,0.150,0.132,0.410,0.371,0.390,0.328,0.220,0.313
47-2041.00,Carpet Installers,1.000,0.022,0.157,0.048,0.000,0.417,0.126,0.099,0.153,0.100,0.076
47-2042.00,"Floor Layers, Except Carpet, Wood, and Hard Tiles",1.000,0.065,0.138,0.093,0.000,0.447,0.135,0.106,0.089,0.085,0.030
47-2043.00,Floor Sanders and Finishers,1.000,0.065,0.062,0.072,0.090,0.388,0.049,0.085,0.033,0.003,0.033
47-2044.00,Tile and Stone Setters,1.000,0.078,0.255,0.057,0.000,0.443,0.160,0.220,0.120,0.066,0.099
47-2051.00,Cement Masons and Concrete Finishers,1.000,0.215,0.110,0.000,0.000,0.378,0.138,0.179,0.240,0.124,0.263
47-2053.00,Terrazzo Workers and Finishers,1.000,0.133,0.155,0.000,0.000,0.380,0.176,0.101,0.151,0.025,0.039
47-2061.00,Construction Laborers,1.000,0.280,0.063,0.038,0.058,0.435,0.193,0.151,0.202,0.233,0.389
47-2071.00,"Paving, Surfacing, and Tamping Equipment Operators",1.000,0.120,0.000,0.000,0.000,0.448,0.125,0.069,0.185,0.138,0.252
47-2072.00,Pile Driver Operators,1.000,0.157,0.000,0.003,0.025,0.435,0.037,0.154,0.101,0.051,0.218
47-2073.00,Operating Engineers and Other Construction Equipment Operators,1.000,0.322,0.000,0.023,0.043,0.480,0.266,0.358,0.317,0.231,0.491
47-2081.00,Drywall and Ceiling Tile Installers,1.000,0.160,0.217,0.030,0.000,0.357,0.084,0.063,0.124,0.063,0.065
47-2082.00,Tapers,0.915,0.107,0.122,0.075,0.013,0.407,0.000,0.035,0.037,0.003,0.000
47-2111.00,Electricians,1.000,0.283,0.040,0.053,0.135,0.515,0.430,0.686,0.443,0.335,0.450
47-2121.00,Glaziers,0.887,0.182,0.222,0.113,0.112,0.432,0.220,0.204,0.249,0.146,0.216
47-2131.00,"Insulation Workers, Floor, Ceiling, and Wall",0.963,0.130,0.050,0.008,0.000,0.495,0.070,0.099,0.096,0.130,0.106
47-2132.00,"Insulation Workers, Mechanical",0.987,0.237,0.000,0.040,0.000,0.542,0.174,0.113,0.143,0.108,0.073
47-2141.00,"Painters, Construction and Maintenance",1.000,0.078,0.252,0.043,0.000,0.417,0.219,0.126,0.149,0.124,0.228
47-2142.00,Paperhangers,0.810,0.000,0.328,0.097,0.023,0.483,0.054,0.071,0.100,0.018,0.026
47-2151.00,Pipelayers,1.000,0.238,0.000,0.050,0.023,0.423,0.134,0.171,0.266,0.165,0.197
47-2152.00,"Plumbers, Pipefitters, and Steamfitters",1.000,0.200,0.000,0.027,0.000,0.453,0.333,0.462,0.365,0.267,0.297
47-2152.04,Solar Thermal Installers and Technicians,1.000,0.282,0.022,0.117,0.100,0.443,,,,,
47-2161.00,Plasterers and Stucco Masons,1.000,0.093,0.260,0.063,0.008,0.383,0.148,0.155,0.198,0.120,0.143
47-2171.00,Reinforcing Iron and Rebar Workers,1.000,0.197,0.020,0.033,0.055,0.417,0.033,0.160,0.134,0.111,0.213
47-2181.00,Roofers,1.000,0.050,0.035,0.080,0.098,0.423,0.138,0.296,0.246,0.145,0.336
47-2211.00,Sheet Metal Workers,1.000,0.178,0.092,0.000,0.000,0.430,0.358,0.294,0.341,0.177,0.246
47-2221.00,Structural Iron and Steel Workers,1.000,0.298,0.068,0.028,0.040,0.455,0.117,0.361,0.319,0.181,0.439
47-2231.00,Solar Photovoltaic Installers,1.000,0.275,0.065,0.032,0.122,0.513,0.462,0.585,0.370,0.325,0.374
47-3011.00,"Helpers--Brickmasons, Blockmasons, Stonemasons, and Tile and Marble Setters",1.000,0.058,0.095,0.147,0.000,0.388,0.078,0.053,0.017,0.298,0.189
47-3012.00,Helpers--Carpenters,0.985,0.048,0.067,0.190,0.102,0.410,0.075,0.052,0.065,0.287,0.152
47-3013.00,Helpers--Electricians,1.000,0.202,0.000,0.175,0.000,0.490,0.163,0.102,0.171,0.293,0.204
47-3014.00,"Helpers--Painters, Paperhangers, Plasterers, and Stucco Masons",0.920,0.018,0.130,0.238,0.060,0.412,0.033,0.010,0.028,0.306,0.097
47-3015.00,"Helpers--Pipelayers, Plumbers, Pipefitters, and Steamfitters",0.993,0.062,0.000,0.143,0.042,0.443,0.166,0.085,0.082,0.303,0.186
47-3016.00,Helpers--Roofers,0.992,0.000,0.000,0.160,0.068,0.435,0.040,0.054,0.046,0.222,0.256
47-4011.00,Construction and Building Inspectors,0.862,0.517,0.037,0.077,0.192,0.735,0.382,0.812,0.666,0.558,0.408
47-4011.01,Energy Auditors,0.588,0.528,0.000,0.148,0.390,0.822,,,,,
47-4021.00,Elevator and Escalator Installers and Repairers,1.000,0.240,0.000,0.063,0.037,0.487,0.352,0.693,0.285,0.297,0.389
47-4031.00,Fence Erectors,1.000,0.180,0.058,0.058,0.000,0.447,0.092,0.078,0.209,0.116,0.055
47-4041.00,Hazardous Materials Removal Workers,1.000,0.262,0.000,0.080,0.032,0.560,0.292,0.601,0.175,0.385,0.587
47-4051.00,Highway Maintenance Workers,1.000,0.117,0.007,0.128,0.078,0.420,0.158,0.204,0.178,0.187,0.389
47-4061.00,Rail-Track Laying and Maintenance Equipment Operators,1.000,0.117,0.000,0.000,0.000,0.518,0.080,0.283,0.117,0.179,0.263
47-4071.00,Septic Tank Servicers and Sewer Pipe Cleaners,1.000,0.178,0.000,0.075,0.032,0.543,0.222,0.234,0.162,0.191,0.401
47-4091.00,Segmental Pavers,0.988,0.100,0.162,0.050,0.037,0.400,0.146,0.133,0.204,0.148,0.115
47-4099.03,Weatherization Installers and Technicians,0.835,0.370,0.083,0.218,0.198,0.582,,,,,
47-5011.00,"Derrick Operators, Oil and Gas",1.000,0.257,0.000,0.002,0.107,0.440,0.246,0.512,0.448,0.273,0.547
47-5012.00,"Rotary Drill Operators, Oil and Gas",1.000,0.340,0.000,0.027,0.200,0.463,0.351,0.675,0.585,0.310,0.592
47-5013.00,"Service Unit Operators, Oil and Gas",1.000,0.263,0.000,0.033,0.137,0.512,0.389,0.532,0.333,0.183,0.516
47-5022.00,"Excavating and Loading Machine and Dragline Operators, Surface Mining",1.000,0.233,0.000,0.000,0.000,0.425,0.104,0.195,0.174,0.056,0.244
47-5023.00,"Earth Drillers, Except Oil and Gas",1.000,0.442,0.023,0.037,0.117,0.445,0.311,0.350,0.227,0.139,0.421
47-5032.00,"Explosives Workers, Ordnance Handling Experts, and Blasters",0.983,0.462,0.042,0.050,0.138,0.532,0.184,0.737,0.298,0.347,0.852
47-5041.00,Continuous Mining Machine Operators,0.995,0.250,0.000,0.007,0.057,0.512,0.133,0.456,0.140,0.158,0.538
47-5043.00,"Roof Bolters, Mining",1.000,0.243,0.000,0.000,0.002,0.390,0.019,0.379,0.111,0.063,0.543
47-5044.00,"Loading and Moving Machine Operators, Underground Mining",1.000,0.192,0.000,0.000,0.000,0.450,0.106,0.269,0.080,0.147,0.487
47-5051.00,"Rock Splitters, Quarry",0.998,0.178,0.123,0.043,0.028,0.365,0.003,0.037,0.011,0.000,0.071
47-5071.00,"Roustabouts, Oil and Gas",1.000,0.132,0.000,0.000,0.000,0.382,0.144,0.236,0.215,0.171,0.351
47-5081.00,Helpers--Extraction Workers,1.000,0.190,0.000,0.132,0.097,0.448,0.109,0.096,0.041,0.242,0.389
49-1011.00,"First-Line Supervisors of Mechanics, Installers, and Repairers",0.522,0.122,0.002,0.427,0.832,0.625,0.488,0.718,0.893,0.693,0.689
49-2011.00,"Computer, Automated Teller, and Office Machine Repairers",0.805,0.275,0.000,0.125,0.132,0.750,0.354,0.464,0.357,0.380,0.248
49-2021.00,"Radio, Cellular, and Tower Equipment Installers and Repairers",0.955,0.413,0.008,0.062,0.060,0.588,0.421,0.547,0.239,0.206,0.334
49-2022.00,"Telecommunications Equipment Installers and Repairers, Except Line Installers",0.905,0.237,0.000,0.135,0.100,0.638,0.474,0.554,0.426,0.506,0.436
49-2091.00,Avionics Technicians,1.000,0.552,0.027,0.063,0.010,0.568,0.520,0.783,0.293,0.322,0.421
49-2092.00,"Electric Motor, Power Tool, and Related Repairers",1.000,0.288,0.000,0.032,0.002,0.542,0.334,0.291,0.221,0.177,0.139
49-2093.00,"Electrical and Electronics Installers and Repairers, Transportation Equipment",1.000,0.397,0.000,0.025,0.003,0.638,0.433,0.557,0.244,0.249,0.361
49-2094.00,"Electrical and Electronics Repairers, Commercial and Industrial Equipment",1.000,0.473,0.000,0.000,0.073,0.712,0.557,0.563,0.361,0.280,0.381
49-2095.00,"Electrical and Electronics Repairers, Powerhouse, Substation, and Relay",1.000,0.420,0.000,0.012,0.050,0.712,0.480,0.652,0.288,0.262,0.463
49-2096.00,"Electronic Equipment Installers and Repairers, Motor Vehicles",1.000,0.407,0.000,0.050,0.000,0.555,0.424,0.312,0.303,0.252,0.246
49-2097.00,Audiovisual Equipment Installers and Repairers,0.975,0.270,0.110,0.107,0.020,0.602,0.398,0.285,0.385,0.361,0.337
49-2098.00,Security and Fire Alarm Systems Installers,0.945,0.392,0.000,0.062,0.097,0.657,0.387,0.592,0.390,0.444,0.324
49-3011.00,Aircraft Mechanics and Service Technicians,0.950,0.468,0.000,0.052,0.140,0.617,0.439,0.822,0.292,0.414,0.562
49-3021.00,Automotive Body and Related Repairers,1.000,0.100,0.072,0.010,0.075,0.390,0.296,0.276,0.206,0.184,0.267
49-3022.00,Automotive Glass Installers and Repairers,1.000,0.207,0.000,0.047,0.065,0.450,0.178,0.211,0.168,0.128,0.155
49-3023.00,Automotive Service Technicians and Mechanics,1.000,0.430,0.000,0.075,0.100,0.552,0.484,0.354,0.261,0.325,0.351
49-3031.00,Bus and Truck Mechanics and Diesel Engine Specialists,1.000,0.378,0.000,0.090,0.048,0.455,0.425,0.465,0.220,0.201,0.274
49-3041.00,Farm Equipment Mechanics and Service Technicians,1.000,0.337,0.000,0.050,0.013,0.550,0.444,0.484,0.256,0.243,0.291
49-3042.00,"Mobile Heavy Equipment Mechanics, Except Engines",1.000,0.423,0.000,0.000,0.000,0.558,0.450,0.587,0.262,0.228,0.307
49-3043.00,Rail Car Repairers,1.000,0.295,0.035,0.080,0.027,0.478,0.334,0.401,0.155,0.197,0.233
49-3051.00,Motorboat Mechanics and Service Technicians,1.000,0.310,0.000,0.002,0.102,0.480,0.339,0.403,0.213,0.152,0.213
49-3052.00,Motorcycle Mechanics,1.000,0.353,0.038,0.073,0.000,0.440,0.394,0.329,0.242,0.218,0.257
49-3053.00,Outdoor Power Equipment and Other Small Engine Mechanics,1.000,0.247,0.000,0.033,0.043,0.495,0.329,0.266,0.275,0.225,0.208
49-3091.00,Bicycle Repairers,1.000,0.137,0.028,0.103,0.082,0.390,0.294,0.238,0.346,0.448,0.192
49-3092.00,Recreational Vehicle Service Technicians,1.000,0.268,0.000,0.095,0.040,0.520,0.450,0.426,0.353,0.373,0.460
49-3093.00,Tire Repairers and Changers,1.000,0.133,0.000,0.132,0.097,0.402,0.067,0.081,0.111,0.157,0.192
49-9011.00,Mechanical Door Repairers,0.978,0.130,0.000,0.077,0.000,0.493,0.299,0.240,0.245,0.235,0.170
49-9012.00,"Control and Valve Installers and Repairers, Except Mechanical Door",1.000,0.308,0.000,0.033,0.000,0.585,0.248,0.329,0.165,0.222,0.186
49-9021.00,"Heating, Air Conditioning, and Refrigeration Mechanics and Installers",0.993,0.303,0.007,0.078,0.033,0.548,0.372,0.560,0.379,0.358,0.463
49-9031.00,Home Appliance Repairers,1.000,0.222,0.027,0.105,0.060,0.640,0.408,0.481,0.403,0.527,0.426
49-9041.00,Industrial Machinery Mechanics,1.000,0.335,0.002,0.000,0.028,0.555,0.408,0.592,0.249,0.233,0.364
49-9043.00,"Maintenance Workers, Machinery",1.000,0.173,0.000,0.000,0.033,0.542,0.239,0.287,0.179,0.162,0.220
49-9044.00,Millwrights,1.000,0.280,0.098,0.000,0.015,0.438,0.342,0.507,0.335,0.169,0.210
49-9045.00,"Refractory Materials Repairers, Except Brickmasons",1.000,0.200,0.052,0.003,0.000,0.425,0.048,0.146,0.020,0.092,0.199
49-9051.00,Electrical Power-Line Installers and Repairers,1.000,0.277,0.000,0.047,0.130,0.467,0.313,0.678,0.381,0.308,0.686
49-9052.00,Telecommunications Line Installers and Repairers,0.913,0.248,0.000,0.097,0.168,0.528,0.367,0.353,0.267,0.243,0.342
49-9061.00,Camera and Photographic Equipment Repairers,0.988,0.277,0.155,0.032,0.000,0.638,0.431,0.410,0.166,0.082,0.092
49-9062.00,Medical Equipment Repairers,1.000,0.598,0.000,0.160,0.000,0.633,0.612,0.787,0.351,0.531,0.450
49-9063.00,Musical Instrument Repairers and Tuners,0.898,0.273,0.410,0.097,0.000,0.423,0.440,0.381,0.197,0.210,0.103
49-9064.00,Watch and Clock Repairers,0.923,0.163,0.057,0.068,0.022,0.573,0.268,0.493,0.148,0.188,0.086
49-9071.00,"Maintenance and Repair Workers, General",1.000,0.255,0.033,0.125,0.088,0.528,0.529,0.520,0.312,0.271,0.404
49-9081.00,Wind Turbine Service Technicians,1.000,0.433,0.000,0.103,0.128,0.548,0.652,0.828,0.343,0.291,0.554
49-9091.00,"Coin, Vending, and Amusement Machine Servicers and Repairers",0.847,0.135,0.000,0.037,0.148,0.783,0.256,0.144,0.126,0.191,0.163
49-9092.00,Commercial Divers,1.000,0.433,0.058,0.017,0.110,0.350,0.569,0.934,0.484,0.414,0.866
49-9094.00,Locksmiths and Safe Repairers,0.848,0.185,0.000,0.095,0.070,0.667,0.355,0.560,0.237,0.396,0.256
49-9095.00,Manufactured Building and Mobile Home Installers,0.972,0.150,0.087,0.118,0.028,0.483,0.297,0.201,0.233,0.209,0.202
49-9096.00,Riggers,1.000,0.228,0.068,0.003,0.158,0.440,0.280,0.540,0.483,0.330,0.492
49-9097.00,Signal and Track Switch Repairers,0.915,0.273,0.000,0.032,0.002,0.577,0.307,0.570,0.196,0.206,0.330
49-9098.00,"Helpers--Installation, Maintenance, and Repair Workers",0.998,0.162,0.017,0.137,0.105,0.507,0.273,0.106,0.200,0.458,0.226
49-9099.01,Geothermal Technicians,0.897,0.407,0.000,0.113,0.130,0.665,,,,,
51-1011.00,First-Line Supervisors of Production and Operating Workers,0.550,0.097,0.000,0.312,0.883,0.675,0.536,0.744,0.929,0.665,0.684
51-2011.00,"Aircraft Structure, Surfaces, Rigging, and Systems Assemblers",1.000,0.277,0.123,0.000,0.062,0.470,0.206,0.563,0.146,0.269,0.253
51-2021.00,"Coil Winders, Tapers, and Finishers",0.923,0.213,0.000,0.020,0.067,0.528,0.011,0.083,0.015,0.016,0.006
51-2022.00,Electrical and Electronic Equipment Assemblers,1.000,0.377,0.117,0.035,0.000,0.493,0.244,0.261,0.154,0.153,0.124
51-2023.00,Electromechanical Equipment Assemblers,1.000,0.392,0.068,0.010,0.000,0.663,0.183,0.256,0.070,0.140,0.092
51-2031.00,Engine and Other Machine Assemblers,1.000,0.282,0.038,0.000,0.012,0.565,0.201,0.279,0.107,0.149,0.149
51-2041.00,Structural Metal Fabricators and Fitters,1.000,0.267,0.122,0.000,0.020,0.485,0.162,0.280,0.142,0.124,0.166
51-2051.00,Fiberglass Laminators and Fabricators,0.957,0.170,0.203,0.000,0.027,0.415,0.058,0.079,0.060,0.004,0.096
51-2061.00,Timing Device Assemblers and Adjusters,0.957,0.187,0.032,0.000,0.023,0.602,0.142,0.435,0.021,0.035,0.050
51-2092.00,Team Assemblers,0.728,0.072,0.100,0.237,0.488,0.597,0.321,0.213,0.564,0.590,0.408
51-3011.00,Bakers,0.882,0.110,0.232,0.122,0.183,0.533,0.309,0.278,0.173,0.164,0.282
51-3021.00,Butchers and Meat Cutters,0.877,0.068,0.130,0.148,0.297,0.487,0.207,0.121,0.325,0.262,0.293
51-3022.00,"Meat, Poultry, and Fish Cutters and Trimmers",1.000,0.128,0.000,0.062,0.070,0.487,0.006,0.031,0.006,0.024,0.128
51-3023.00,Slaughterers and Meat Packers,0.937,0.207,0.052,0.112,0.187,0.422,0.015,0.022,0.020,0.048,0.240
51-3091.00,"Food and Tobacco Roasting, Baking, and Drying Machine Operators and Tenders",0.977,0.100,0.018,0.043,0.138,0.527,0.069,0.139,0.056,0.043,0.117
51-3092.00,Food Batchmakers,0.848,0.185,0.152,0.083,0.270,0.608,0.249,0.274,0.243,0.172,0.261
51-3093.00,Food Cooking Machine Operators and Tenders,0.970,0.163,0.025,0.057,0.113,0.612,0.067,0.083,0.025,0.074,0.221
51-4021.00,"Extruding and Drawing Machine Setters, Operators, and Tenders, Metal and Plastic",0.950,0.205,0.072,0.013,0.000,0.552,0.202,0.195,0.058,0.047,0.094
51-4022.00,"Forging Machine Setters, Operators, and Tenders, Metal and Plastic",0.957,0.270,0.005,0.000,0.032,0.565,0.155,0.251,0.122,0.089,0.236
51-4023.00,"Rolling Machine Setters, Operators, and Tenders, Metal and Plastic",0.960,0.112,0.002,0.002,0.000,0.493,0.164,0.256,0.224,0.095,0.163
51-4031.00,"Cutting, Punching, and Press Machine Setters, Operators, and Tenders, Metal and Plastic",0.977,0.203,0.010,0.000,0.000,0.550,0.060,0.161,0.051,0.041,0.110
51-4032.00,"Drilling and Boring Machine Tool Setters, Operators, and Tenders, Metal and Plastic",1.000,0.292,0.000,0.000,0.000,0.545,0.153,0.230,0.099,0.082,0.139
51-4033.00,"Grinding, Lapping, Polishing, and Buffing Machine Tool Setters, Operators, and Tenders, Metal and Plastic",1.000,0.190,0.030,0.000,0.000,0.485,0.102,0.240,0.093,0.053,0.086
51-4034.00,"Lathe and Turning Machine Tool Setters, Operators, and Tenders, Metal and Plastic",1.000,0.187,0.000,0.000,0.000,0.557,0.189,0.258,0.048,0.046,0.092
51-4035.00,"Milling and Planing Machine Setters, Operators, and Tenders, Metal and Plastic",1.000,0.235,0.032,0.000,0.000,0.563,0.151,0.233,0.044,0.039,0.068
51-4041.00,Machinists,1.000,0.450,0.158,0.027,0.035,0.567,0.372,0.670,0.211,0.181,0.233
51-4051.00,Metal-Refining Furnace Operators and Tenders,0.980,0.292,0.008,0.002,0.000,0.495,0.144,0.310,0.119,0.109,0.317
51-4052.00,"Pourers and Casters, Metal",1.000,0.242,0.023,0.008,0.000,0.460,0.018,0.158,0.029,0.079,0.347
51-4061.00,"Model Makers, Metal and Plastic",0.977,0.318,0.277,0.008,0.000,0.505,0.396,0.505,0.215,0.085,0.110
51-4062.00,"Patternmakers, Metal and Plastic",0.868,0.122,0.395,0.000,0.000,0.535,0.208,0.301,0.089,0.066,0.057
51-4071.00,Foundry Mold and Coremakers,0.970,0.212,0.190,0.008,0.000,0.417,0.017,0.064,0.045,0.006,0.078
51-4072.00,"Molding, Coremaking, and Casting Machine Setters, Operators, and Tenders, Metal and Plastic",0.995,0.213,0.058,0.013,0.013,0.547,0.130,0.188,0.071,0.076,0.119
51-4081.00,"Multiple Machine Tool Setters, Operators, and Tenders, Metal and Plastic",1.000,0.212,0.000,0.013,0.000,0.598,0.292,0.350,0.170,0.118,0.236
51-4111.00,Tool and Die Makers,0.990,0.330,0.150,0.000,0.000,0.532,0.416,0.706,0.217,0.112,0.162
51-4121.00,"Welders, Cutters, Solderers, and Brazers",1.000,0.180,0.067,0.013,0.088,0.442,0.227,0.281,0.156,0.097,0.224
51-4122.00,"Welding, Soldering, and Brazing Machine Setters, Operators, and Tenders",1.000,0.170,0.048,0.022,0.083,0.483,0.234,0.244,0.148,0.110,0.175
51-4191.00,"Heat Treating Equipment Setters, Operators, and Tenders, Metal and Plastic",0.970,0.200,0.000,0.095,0.000,0.512,0.135,0.219,0.133,0.106,0.143
51-4192.00,"Layout Workers, Metal and Plastic",0.913,0.305,0.313,0.003,0.000,0.482,0.259,0.300,0.158,0.093,0.075
51-4193.00,"Plating Machine Setters, Operators, and Tenders, Metal and Plastic",1.000,0.205,0.068,0.000,0.000,0.517,0.089,0.167,0.084,0.045,0.122
51-4194.00,"Tool Grinders, Filers, and Sharpeners",1.000,0.170,0.042,0.000,0.000,0.525,0.157,0.253,0.076,0.012,0.080
51-5111.00,Prepress Technicians and Workers,0.668,0.160,0.350,0.108,0.058,0.793,0.289,0.163,0.063,0.058,0.016
51-5112.00,Printing Press Operators,0.633,0.030,0.123,0.118,0.128,0.738,0.199,0.285,0.144,0.078,0.125
51-5113.00,Print Binding and Finishing Workers,0.740,0.033,0.175,0.078,0.038,0.748,0.062,0.173,0.103,0.063,0.042
51-6011.00,Laundry and Dry-Cleaning Workers,0.897,0.000,0.030,0.060,0.090,0.543,0.027,0.017,0.003,0.088,0.001
51-6021.00,"Pressers, Textile, Garment, and Related Materials",0.897,0.077,0.218,0.025,0.000,0.417,0.013,0.024,0.001,0.006,0.008
51-6031.00,Sewing Machine Operators,0.963,0.062,0.125,0.027,0.025,0.495,0.016,0.094,0.030,0.029,0.033
51-6041.00,Shoe and Leather Workers and Repairers,0.990,0.105,0.355,0.053,0.088,0.365,0.251,0.178,0.082,0.056,0.042
51-6042.00,Shoe Machine Operators and Tenders,0.952,0.128,0.112,0.050,0.090,0.480,0.024,0.070,0.023,0.021,0.003
51-6051.00,"Sewers, Hand",0.913,0.000,0.232,0.093,0.025,0.375,0.042,0.117,0.025,0.016,0.011
51-6052.00,"Tailors, Dressmakers, and Custom Sewers",0.813,0.027,0.493,0.165,0.240,0.355,0.363,0.297,0.326,0.336,0.137
51-6061.00,Textile Bleaching and Dyeing Machine Operators and Tenders,0.962,0.178,0.045,0.045,0.035,0.530,0.088,0.139,0.089,0.061,0.102
51-6062.00,"Textile Cutting Machine Setters, Operators, and Tenders",0.893,0.092,0.085,0.037,0.093,0.582,0.057,0.106,0.092,0.085,0.068
51-6063.00,"Textile Knitting and Weaving Machine Setters, Operators, and Tenders",0.992,0.135,0.093,0.003,0.060,0.547,0.110,0.120,0.078,0.079,0.062
51-6064.00,"Textile Winding, Twisting, and Drawing Out Machine Setters, Operators, and Tenders",0.917,0.080,0.055,0.000,0.088,0.553,0.072,0.085,0.051,0.036,0.017
51-6091.00,"Extruding and Forming Machine Setters, Operators, and Tenders, Synthetic and Glass Fibers",0.917,0.202,0.045,0.037,0.068,0.508,0.078,0.117,0.112,0.033,0.110
51-6092.00,Fabric and Apparel Patternmakers,0.775,0.057,0.733,0.052,0.075,0.528,0.422,0.343,0.190,0.113,0.022
51-6093.00,Upholsterers,0.968,0.140,0.320,0.063,0.000,0.320,0.271,0.112,0.098,0.030,0.013
51-7011.00,Cabinetmakers and Bench Carpenters,1.000,0.175,0.250,0.018,0.038,0.397,0.276,0.306,0.115,0.071,0.083
51-7021.00,Furniture Finishers,1.000,0.075,0.322,0.042,0.000,0.312,0.302,0.193,0.089,0.037,0.053
51-7031.00,"Model Makers, Wood",1.000,0.262,0.465,0.063,0.098,0.498,0.393,0.335,0.184,0.089,0.057
51-7032.00,"Patternmakers, Wood",0.930,0.177,0.510,0.048,0.043,0.507,0.282,0.315,0.160,0.031,0.009
51-7041.00,"Sawing Machine Setters, Operators, and Tenders, Wood",1.000,0.227,0.000,0.027,0.000,0.478,0.047,0.152,0.094,0.038,0.157
51-7042.00,"Woodworking Machine Setters, Operators, and Tenders, Except Sawing",1.000,0.230,0.022,0.033,0.003,0.523,0.165,0.202,0.105,0.051,0.100
51-8011.00,Nuclear Power Reactor Operators,0.733,0.353,0.000,0.178,0.267,0.690,0.402,0.940,0.349,0.634,0.819
51-8012.00,Power Distributors and Dispatchers,0.700,0.238,0.000,0.163,0.348,0.685,0.498,0.761,0.655,0.444,0.782
51-8013.00,Power Plant Operators,0.973,0.307,0.000,0.042,0.157,0.685,0.272,0.686,0.264,0.287,0.645
51-8013.03,Biomass Plant Technicians,0.995,0.353,0.000,0.037,0.125,0.637,,,,,
51-8013.04,Hydroelectric Plant Technicians,1.000,0.380,0.000,0.035,0.128,0.613,,,,,
51-8021.00,Stationary Engineers and Boiler Operators,1.000,0.360,0.000,0.017,0.037,0.567,0.293,0.629,0.259,0.222,0.413
51-8031.00,Water and Wastewater Treatment Plant and System Operators,0.958,0.258,0.000,0.095,0.103,0.600,0.358,0.588,0.396,0.402,0.442
51-8091.00,Chemical Plant and System Operators,0.870,0.363,0.000,0.037,0.100,0.693,0.374,0.752,0.257,0.393,0.633
51-8092.00,Gas Plant Operators,0.942,0.263,0.000,0.077,0.213,0.698,0.284,0.604,0.259,0.314,0.616
51-8093.00,"Petroleum Pump System Operators, Refinery Operators, and Gaugers",0.862,0.240,0.000,0.055,0.207,0.677,0.237,0.611,0.272,0.275,0.484
51-8099.01,Biofuels Processing Technicians,0.812,0.380,0.000,0.000,0.188,0.722,,,,,
51-9011.00,Chemical Equipment Operators and Tenders,0.928,0.360,0.000,0.020,0.045,0.593,0.319,0.621,0.187,0.251,0.521
51-9012.00,"Separating, Filtering, Clarifying, Precipitating, and Still Machine Setters, Operators, and Tenders",0.878,0.215,0.000,0.017,0.015,0.578,0.169,0.247,0.089,0.142,0.183
51-9021.00,"Crushing, Grinding, and Polishing Machine Setters, Operators, and Tenders",0.973,0.187,0.000,0.000,0.068,0.598,0.054,0.128,0.041,0.043,0.097
51-9022.00,"Grinding and Polishing Workers, Hand",1.000,0.085,0.167,0.012,0.000,0.375,0.030,0.099,0.035,0.021,0.021
51-9023.00,"Mixing and Blending Machine Setters, Operators, and Tenders",0.927,0.157,0.022,0.015,0.027,0.540,0.071,0.253,0.034,0.115,0.157
51-9031.00,"Cutters and Trimmers, Hand",0.873,0.037,0.200,0.022,0.000,0.458,0.045,0.093,0.013,0.008,0.020
51-9032.00,"Cutting and Slicing Machine Setters, Operators, and Tenders",0.952,0.102,0.003,0.000,0.033,0.575,0.037,0.115,0.031,0.026,0.050
51-9041.00,"Extruding, Forming, Pressing, and Compacting Machine Setters, Operators, and Tenders",0.923,0.205,0.047,0.007,0.042,0.550,0.118,0.140,0.074,0.041,0.113
51-9051.00,"Furnace, Kiln, Oven, Drier, and Kettle Operators and Tenders",0.972,0.180,0.000,0.048,0.035,0.563,0.100,0.225,0.060,0.121,0.248
51-9061.00,"Inspectors, Testers, Sorters, Samplers, and Weighers",0.788,0.403,0.000,0.000,0.063,0.727,0.113,0.460,0.181,0.276,0.119
51-9071.00,Jewelers and Precious Stone and Metal Workers,0.932,0.267,0.450,0.005,0.085,0.392,0.476,0.654,0.282,0.253,0.206
51-9071.06,Gem and Diamond Workers,0.743,0.348,0.313,0.025,0.190,0.518,0.349,0.616,0.228,0.362,0.253
51-9081.00,Dental Laboratory Technicians,0.935,0.577,0.087,0.278,0.000,0.520,0.346,0.589,0.189,0.206,0.152
51-9082.00,Medical Appliance Technicians,1.000,0.493,0.097,0.367,0.000,0.443,0.453,0.606,0.408,0.636,0.433
51-9083.00,Ophthalmic Laboratory Technicians,0.895,0.312,0.117,0.150,0.062,0.522,0.121,0.269,0.085,0.101,0.047
51-9111.00,Packaging and Filling Machine Operators and Tenders,0.938,0.062,0.000,0.003,0.140,0.652,0.028,0.067,0.010,0.066,0.063
51-9123.00,"Painting, Coating, and Decorating Workers",0.988,0.057,0.403,0.095,0.000,0.400,0.222,0.048,0.109,0.013,0.048
51-9124.00,"Coating, Painting, and Spraying Machine Setters, Operators, and Tenders",0.997,0.082,0.185,0.038,0.008,0.440,0.190,0.137,0.096,0.069,0.129
51-9141.00,Semiconductor Processing Technicians,0.900,0.345,0.000,0.018,0.077,0.692,0.185,0.434,0.125,0.162,0.197
51-9151.00,Photographic Process Workers and Processing Machine Operators,0.748,0.188,0.320,0.018,0.018,0.698,0.225,0.129,0.105,0.091,0.060
51-9161.00,Computer Numerically Controlled Tool Operators,0.907,0.313,0.032,0.000,0.062,0.732,0.319,0.263,0.157,0.098,0.143
51-9162.00,Computer Numerically Controlled Tool Programmers,0.647,0.437,0.088,0.075,0.113,0.820,0.572,0.642,0.191,0.151,0.119
51-9191.00,Adhesive Bonding Machine Operators and Tenders,0.915,0.177,0.013,0.000,0.018,0.565,0.044,0.071,0.075,0.056,0.052
51-9192.00,"Cleaning, Washing, and Metal Pickling Equipment Operators and Tenders",1.000,0.113,0.000,0.000,0.000,0.568,0.002,0.061,0.035,0.001,0.042
51-9193.00,Cooling and Freezing Equipment Operators and Tenders,0.998,0.220,0.000,0.068,0.020,0.548,0.095,0.186,0.072,0.107,0.137
51-9194.00,Etchers and Engravers,0.920,0.242,0.458,0.063,0.000,0.407,0.240,0.249,0.039,0.010,0.027
51-9195.00,"Molders, Shapers, and Casters, Except Metal and Plastic",0.940,0.208,0.190,0.002,0.000,0.548,0.097,0.035,0.068,0.019,0.010
51-9195.03,"Stone Cutters and Carvers, Manufacturing",1.000,0.147,0.472,0.038,0.000,0.458,0.095,0.234,0.062,0.011,0.045
51-9195.04,"Glass Blowers, Molders, Benders, and Finishers",0.965,0.250,0.077,0.000,0.080,0.687,0.226,0.110,0.107,0.021,0.216
51-9195.05,"Potters, Manufacturing",0.987,0.107,0.193,0.000,0.032,0.448,0.385,0.130,0.222,0.069,0.071
51-9196.00,"Paper Goods Machine Setters, Operators, and Tenders",0.922,0.120,0.043,0.000,0.075,0.592,0.212,0.184,0.082,0.060,0.158
51-9197.00,Tire Builders,1.000,0.213,0.000,0.015,0.000,0.463,0.039,0.038,0.064,0.009,0.054
51-9198.00,Helpers--Production Workers,0.923,0.050,0.023,0.112,0.148,0.567,0.025,0.006,0.043,0.211,0.061
53-1041.00,Aircraft Cargo Handling Supervisors,0.600,0.198,0.000,0.245,0.728,0.632,0.429,0.781,0.833,0.536,0.769
53-1042.00,"First-Line Supervisors of Helpers, Laborers, and Material Movers, Hand",0.397,0.022,0.018,0.455,0.860,0.647,0.461,0.508,0.954,0.690,0.727
53-1042.01,Recycling Coordinators,0.500,0.208,0.000,0.395,0.628,0.595,,,,,
53-1043.00,First-Line Supervisors of Material-Moving Machine and Vehicle Operators,0.627,0.138,0.000,0.260,0.700,0.632,0.448,0.689,0.892,0.644,0.696
53-1044.00,First-Line Supervisors of Passenger Attendants,0.267,0.008,0.000,0.513,0.920,0.705,0.507,0.585,0.954,0.762,0.800
53-2011.00,"Airline Pilots, Copilots, and Flight Engineers",0.623,0.358,0.073,0.250,0.468,0.617,0.407,0.961,0.858,0.571,0.970
53-2012.00,Commercial Pilots,0.632,0.258,0.017,0.262,0.487,0.637,0.584,0.926,0.817,0.519,0.948
53-2021.00,Air Traffic Controllers,0.592,0.242,0.000,0.280,0.548,0.665,0.361,0.938,0.660,0.525,0.921
53-2022.00,Airfield Operations Specialists,0.605,0.423,0.000,0.248,0.578,0.655,0.516,0.946,0.771,0.660,0.870
53-2031.00,Flight Attendants,0.507,0.173,0.045,0.532,0.438,0.568,0.444,0.727,0.796,0.904,0.992
53-3011.00,"Ambulance Drivers and Attendants, Except Emergency Medical Technicians",0.908,0.242,0.000,0.622,0.088,0.428,0.421,0.317,0.463,0.854,0.936
53-3031.00,Driver/Sales Workers,0.723,0.000,0.000,0.238,0.445,0.612,0.289,0.306,0.573,0.522,0.601
53-3032.00,Heavy and Tractor-Trailer Truck Drivers,1.000,0.153,0.000,0.055,0.050,0.517,0.266,0.518,0.224,0.258,0.557
53-3033.00,Light Truck Drivers,0.980,0.090,0.003,0.060,0.183,0.570,0.128,0.207,0.288,0.353,0.467
53-3051.00,"Bus Drivers, School",0.750,0.102,0.035,0.575,0.197,0.617,0.123,0.383,0.440,0.790,0.785
53-3052.00,"Bus Drivers, Transit and Intercity",0.825,0.000,0.000,0.433,0.302,0.617,0.175,0.337,0.437,0.725,0.812
53-3053.00,Shuttle Drivers and Chauffeurs,0.917,0.000,0.000,0.340,0.187,0.527,0.196,0.212,0.394,0.710,0.608
53-3054.00,Taxi Drivers,0.788,0.017,0.000,0.300,0.248,0.633,0.300,0.126,0.374,0.497,0.625
53-4011.00,Locomotive Engineers,1.000,0.415,0.000,0.142,0.148,0.608,0.198,0.611,0.284,0.301,0.716
53-4013.00,"Rail Yard Engineers, Dinkey Operators, and Hostlers",0.963,0.170,0.000,0.127,0.178,0.550,0.171,0.356,0.291,0.312,0.471
53-4022.00,"Railroad Brake, Signal, and Switch Operators and Locomotive Firers",1.000,0.178,0.000,0.037,0.072,0.542,0.139,0.365,0.269,0.378,0.510
53-4031.00,Railroad Conductors and Yardmasters,0.800,0.162,0.000,0.142,0.462,0.645,0.378,0.680,0.799,0.490,0.738
53-4041.00,Subway and Streetcar Operators,0.818,0.062,0.000,0.300,0.213,0.543,0.131,0.315,0.399,0.446,0.797
53-5011.00,Sailors and Marine Oilers,0.995,0.270,0.000,0.040,0.235,0.493,0.340,0.453,0.314,0.328,0.575
53-5021.00,"Captains, Mates, and Pilots of Water Vessels",0.768,0.273,0.000,0.147,0.537,0.593,0.582,0.959,0.925,0.566,0.884
53-5022.00,Motorboat Operators,0.923,0.203,0.020,0.165,0.365,0.443,0.366,0.475,0.638,0.469,0.648
53-5031.00,Ship Engineers,0.907,0.423,0.000,0.127,0.455,0.652,0.575,0.933,0.673,0.512,0.723
53-6011.00,Bridge and Lock Tenders,0.858,0.233,0.000,0.132,0.263,0.562,0.156,0.291,0.308,0.278,0.311
53-6021.00,Parking Attendants,0.773,0.000,0.025,0.338,0.353,0.678,0.081,0.011,0.352,0.556,0.496
53-6031.00,Automotive and Watercraft Service Attendants,0.900,0.053,0.000,0.162,0.192,0.562,0.120,0.056,0.279,0.467,0.312
53-6032.00,Aircraft Service Attendants,0.852,0.138,0.000,0.145,0.183,0.527,0.181,0.225,0.162,0.238,0.377
53-6041.00,Traffic Technicians,0.645,0.563,0.067,0.155,0.160,0.578,0.390,0.192,0.337,0.371,0.307
53-6051.00,Transportation Inspectors,0.782,0.318,0.000,0.093,0.273,0.862,0.287,0.673,0.558,0.494,0.434
53-6051.01,Aviation Inspectors,0.762,0.515,0.000,0.070,0.260,0.788,0.416,0.951,0.516,0.594,0.624
53-6051.07,"Transportation Vehicle, Equipment and Systems Inspectors, Except Aviation",1.000,0.453,0.000,0.000,0.058,0.690,0.188,0.499,0.262,0.289,0.296
53-6061.00,Passenger Attendants,0.460,0.025,0.000,0.558,0.347,0.575,0.257,0.188,0.551,0.885,0.795
53-7011.00,Conveyor Operators and Tenders,0.855,0.060,0.000,0.035,0.263,0.658,0.101,0.046,0.056,0.104,0.035
53-7021.00,Crane and Tower Operators,1.000,0.203,0.000,0.032,0.050,0.490,0.043,0.289,0.219,0.175,0.413
53-7031.00,Dredge Operators,0.938,0.332,0.000,0.060,0.222,0.413,0.119,0.133,0.192,0.099,0.222
53-7041.00,Hoist and Winch Operators,0.982,0.092,0.012,0.075,0.075,0.388,0.022,0.093,0.137,0.126,0.203
53-7051.00,Industrial Truck and Tractor Operators,1.000,0.130,0.000,0.018,0.038,0.452,0.082,0.088,0.113,0.126,0.199
53-7061.00,Cleaners of Vehicles and Equipment,1.000,0.025,0.000,0.007,0.000,0.507,0.021,0.013,0.018,0.074,0.042
53-7062.00,"Laborers and Freight, Stock, and Material Movers, Hand",0.840,0.020,0.000,0.078,0.173,0.657,0.065,0.018,0.068,0.154,0.170
53-7062.04,Recycling and Reclamation Workers,0.880,0.173,0.000,0.047,0.098,0.565,,,,,
53-7063.00,Machine Feeders and Offbearers,0.993,0.178,0.000,0.000,0.000,0.582,0.009,0.025,0.004,0.056,0.015
53-7064.00,"Packers and Packagers, Hand",0.765,0.057,0.083,0.065,0.212,0.735,0.008,0.027,0.023,0.074,0.004
53-7065.00,Stockers and Order Fillers,0.632,0.000,0.000,0.147,0.382,0.875,0.130,0.076,0.275,0.371,0.211
53-7071.00,Gas Compressor and Gas Pumping Station Operators,0.878,0.217,0.000,0.085,0.082,0.638,0.301,0.443,0.252,0.230,0.430
53-7072.00,"Pump Operators, Except Wellhead Pumpers",0.947,0.212,0.000,0.047,0.077,0.583,0.180,0.354,0.187,0.155,0.322
53-7073.00,Wellhead Pumpers,0.987,0.210,0.000,0.018,0.128,0.548,0.213,0.319,0.193,0.137,0.389
53-7081.00,Refuse and Recyclable Material Collectors,1.000,0.138,0.000,0.048,0.060,0.588,0.087,0.033,0.028,0.161,0.279
53-7121.00,"Tank Car, Truck, and Ship Loaders",0.993,0.163,0.000,0.000,0.050,0.628,0.035,0.248,0.136,0.174,0.307
