id,sector,name,pitch,target_market,model_slug,budget_band,location,team,time_mode,source,ref
3001,ODOP (One District One Product),Amla Processing,"Aamla Products is the ODOP of Pratapgarh. Buy direct from growers there and sell a processed, branded product.",,fruit-and-vegetable-processing,2,,,,odop,odop:aamla-product
3002,ODOP (One District One Product),Agarwood & Its Derivatives,Agarwood & Its Derivatives is the ODOP of Golaghat. Work with its makers and sell their work to city and export buyers.,,handcrafted-home-decor,3,,,,odop,odop:agarwood-its-derivative
3003,ODOP (One District One Product),Agate Stone Crafts,Agates Stone is the ODOP of Anand. Work with its makers and sell their work to city and export buyers.,,jewellery-brand,3,,,,odop,odop:agate-stone
3004,ODOP (One District One Product),Farm Implements Manufacturing,Agri - Implements is the ODOP of Kurukshetra. Work with its makers and sell their work to city and export buyers.,,light-engineering-unit,4,,,,odop,odop:agri-implement
3005,ODOP (One District One Product),Agriculture Implements,"Agriculture Implements is the ODOP of Hisar, Moga, Sri Muktsar Sahib. Work with its makers and sell their work to city and export buyers.",,light-engineering-unit,4,,,,odop,odop:agriculture-implement
3006,ODOP (One District One Product),Aipan Products,Aipan Products is the ODOP of Nainital. Work with its makers and sell their work to city and export buyers.,,handcrafted-home-decor,2,,,,odop,odop:aipan-product
3007,ODOP (One District One Product),Allagadda Stone Carving,Allagadda Stone Carving is the ODOP of Nandyal. Work with its makers and sell their work to city and export buyers.,,handcrafted-home-decor,3,,,,odop,odop:allagadda-stone-carving
3008,ODOP (One District One Product),Alphonso Mangoes Processing,"Alphonso Mangoes is the ODOP of Ratnagiri. Buy direct from growers there and sell a processed, branded product.",,fruit-and-vegetable-processing,3,,,,odop,odop:alphonso-mangoe
3009,ODOP (One District One Product),Ghungroo & Brass Bells,"Ankle Bells (Ghungroo), Bells and Brass Products is the ODOP of Etah. Work with its makers and sell their work to city and export buyers.",,handcrafted-home-decor,2,,,,odop,odop:ankle-bell-ghungroo-bell-bras-product
3010,ODOP (One District One Product),Jackets & Jeans Manufacturing,Apparels (Jackets & Jeans) is the ODOP of North-East. Work with its makers and sell their work to city and export buyers.,,d2c-apparel-brand,3,,,,odop,odop:apparel-jacket-jean
3011,ODOP (One District One Product),Apple Processing,"Apple is the ODOP of West Kameng, Baramulla, Shopian. Buy direct from growers there and sell a processed, branded product.",,fruit-and-vegetable-processing,3,,,,odop,odop:apple
3012,ODOP (One District One Product),Applique Work,"Applique Work is the ODOP of Bhojpur, Sitamarhi. Work with its makers and sell their work to city and export buyers.",,handloom-textiles-brand,2,,,,odop,odop:applique-work
3013,ODOP (One District One Product),Apricot Processing,"Apricot is the ODOP of Kargil. Buy direct from growers there and sell a processed, branded product.",,fruit-and-vegetable-processing,3,,,,odop,odop:apricot
3014,ODOP (One District One Product),Areca Leaf Based Products,"Areca leaf based Products (Plates, Cups Etc) is the ODOP of Chikkamagaluru. Work with its makers and sell their work to city and export buyers.",,eco-friendly-products-brand,3,,,,odop,odop:areca-leaf-based-product-plate-cup-etc
3015,ODOP (One District One Product),Arecanut Processing Unit,"Arecanut is the ODOP of Changlang, Hailakandi. Buy direct from growers there and sell a processed, branded product.",,agro-processing-unit,3,,,,odop,odop:areca-nut
3016,ODOP (One District One Product),Aromatic Plants,Aromatic Plants is the ODOP of Reasi. Work with its makers and sell their work to city and export buyers.,,personal-care-brand,3,,,,odop,odop:aromatic-plant
3017,ODOP (One District One Product),Aromatic Rice Processing Unit,"Aromatic Rice is the ODOP of Charaideo. Buy direct from growers there and sell a processed, branded product.",,agro-processing-unit,3,,,,odop,odop:aromatic-rice
3018,ODOP (One District One Product),Assam Lemon Processing,"Assam Lemon is the ODOP of Tinsukia. Buy direct from growers there and sell a processed, branded product.",,fruit-and-vegetable-processing,2,,,,odop,odop:assam-lemon
3019,ODOP (One District One Product),Auto Components,"Auto Components is the ODOP of Faridabad, Belagavi (Belgaum), Dharampuri. Work with its makers and sell their work to city and export buyers.",,light-engineering-unit,4,,,,odop,odop:auto-component
3020,ODOP (One District One Product),Automobile Parts,"Automobile Parts is the ODOP of Panchkula, Alwar, Khairthal-Tijara and 1 more. Work with its makers and sell their work to city and export buyers.",,light-engineering-unit,4,,,,odop,odop:automobile-part
3021,ODOP (One District One Product),Automobile Products,Automobile products is the ODOP of Chengalpattu. Work with its makers and sell their work to city and export buyers.,,light-engineering-unit,4,,,,odop,odop:automobile-product
3022,ODOP (One District One Product),Automobile Refurbishing Component,Automobile Refurbishing Component is the ODOP of New Delhi. Work with its makers and sell their work to city and export buyers.,,light-engineering-unit,4,,,,odop,odop:automobile-refurbishing-component
3023,ODOP (One District One Product),Ayurvedic Products,Ayurvedic Products is the ODOP of Karnal. Work with its makers and sell their work to city and export buyers.,,nutrition-supplements-brand,3,,,,odop,odop:ayurvedic-product
3024,ODOP (One District One Product),Bags & Garments Unit,"Bags & Garments is the ODOP of East Champaran, Muzaffarpur. Work with its makers and sell their work to city and export buyers.",,d2c-apparel-brand,3,,,,odop,odop:bag-garment
3025,ODOP (One District One Product),Bakery Brand,"Bakery is the ODOP of Dehradun. Buy direct from growers there and sell a processed, branded product.",,home-bakery,3,,,,odop,odop:bakery
3026,ODOP (One District One Product),Bal Mithai Brand,"Bal Mithai is the ODOP of Almora. Buy direct from growers there and sell a processed, branded product.",,sweet-shop,2,,,,odop,odop:bal-mithai
3027,ODOP (One District One Product),Bamboo Products,"Bamboo is the ODOP of Dumka, Dewas, Harda and 3 more. Work with its makers and sell their work to city and export buyers.",,eco-friendly-products-brand,3,,,,odop,odop:bamboo
3028,ODOP (One District One Product),Bamboo Art,"Bamboo Art is the ODOP of Khagaria, Madhepura, Purnea and 1 more. Work with its makers and sell their work to city and export buyers.",,eco-friendly-products-brand,2,,,,odop,odop:bamboo-art
3029,ODOP (One District One Product),Banaganapalle Mangoes Processing,"Banaganapalle Mangoes is the ODOP of Nagarkurnool. Buy direct from growers there and sell a processed, branded product.",,fruit-and-vegetable-processing,3,,,,odop,odop:banaganapalle-mangoe
3030,ODOP (One District One Product),Banana Processing,"Banana is the ODOP of Goalpara, Kamrup(R), Vaishali and 7 more. Buy direct from growers there and sell a processed, branded product.",,fruit-and-vegetable-processing,3,,,,odop,odop:banana
3031,ODOP (One District One Product),Bandhani,Bandhani is the ODOP of Jamnagar. Work with its makers and sell their work to city and export buyers.,,handloom-textiles-brand,2,,,,odop,odop:bandhani
3032,ODOP (One District One Product),Banka Silk,Banka Silk is the ODOP of Banka. Work with its makers and sell their work to city and export buyers.,,handloom-textiles-brand,3,,,,odop,odop:banka-silk
3033,ODOP (One District One Product),Basholi Pashmina,Basholi Pashmina is the ODOP of Kathua. Work with its makers and sell their work to city and export buyers.,,handloom-textiles-brand,2,,,,odop,odop:basholi-pashmina
3034,ODOP (One District One Product),Basmati Rice Processing Unit,"Basmati Rice is the ODOP of Jammu, Raisen, Faridkot and 2 more. Buy direct from growers there and sell a processed, branded product.",,agro-processing-unit,3,,,,odop,odop:basmati-rice
3035,ODOP (One District One Product),Bastar Craft,Bastar Craft is the ODOP of Kondagaon. Work with its makers and sell their work to city and export buyers.,,handcrafted-home-decor,2,,,,odop,odop:bastar-craft
3036,ODOP (One District One Product),Batik Print,Batik print is the ODOP of Ujjain. Work with its makers and sell their work to city and export buyers.,,handloom-textiles-brand,2,,,,odop,odop:batik-print
3037,ODOP (One District One Product),Bawan Booti,Bawan Booti is the ODOP of Nalanda. Work with its makers and sell their work to city and export buyers.,,handloom-textiles-brand,3,,,,odop,odop:bawan-booti
3038,ODOP (One District One Product),Bead Necklace,Bead Necklace is the ODOP of Longding. Work with its makers and sell their work to city and export buyers.,,jewellery-brand,2,,,,odop,odop:bead-necklace
3039,ODOP (One District One Product),Bedsheets,Bedsheets is the ODOP of Fatehpur. Work with its makers and sell their work to city and export buyers.,,handloom-textiles-brand,3,,,,odop,odop:bedsheet
3040,ODOP (One District One Product),Bell Metal Products,Bell Metal Products is the ODOP of Barpeta. Work with its makers and sell their work to city and export buyers.,,handcrafted-home-decor,2,,,,odop,odop:bell-metal-product
3041,ODOP (One District One Product),Bellary Denim Jeans Unit,Bellary Denim Jeans is the ODOP of Ballary. Work with its makers and sell their work to city and export buyers.,,d2c-apparel-brand,4,,,,odop,odop:bellary-denim-jean
3042,ODOP (One District One Product),Bengal Dokra,Bengal Dokra is the ODOP of Purba Bardhaman. Work with its makers and sell their work to city and export buyers.,,handcrafted-home-decor,2,,,,odop,odop:bengal-dokra
3043,ODOP (One District One Product),Bengal Patachitra,Bengal Patachitra is the ODOP of Paschim Medinipur  (West Medinipur). Work with its makers and sell their work to city and export buyers.,,handcrafted-home-decor,1,,,,odop,odop:bengal-patachitra
3044,ODOP (One District One Product),Berhampur Patta Saree,Berhampur Patta (Phoda Kumbha) Saree is the ODOP of Boudh. Work with its makers and sell their work to city and export buyers.,,handloom-textiles-brand,2,,,,odop,odop:berhampur-patta-phoda-kumbha-saree
3045,ODOP (One District One Product),Bhagalpur Silk,Bhagalpur Silk is the ODOP of Bhagalpur. Work with its makers and sell their work to city and export buyers.,,handloom-textiles-brand,3,,,,odop,odop:bhagalpur-silk
3046,ODOP (One District One Product),Bhoot Jholokia Brand,"Bhoot Jholokia is the ODOP of Jorhat. Buy direct from growers there and sell a processed, branded product.",,spice-processing-unit,2,,,,odop,odop:bhoot-jholokia
3047,ODOP (One District One Product),Bhujodi Shawl Weaving,Bhujodi Shawl weaving is the ODOP of Kachchh. Work with its makers and sell their work to city and export buyers.,,handloom-textiles-brand,2,,,,odop,odop:bhujodi-shawl-weaving
3048,ODOP (One District One Product),Bidari Ware,Bidari ware is the ODOP of Bidar. Work with its makers and sell their work to city and export buyers.,,handcrafted-home-decor,3,,,,odop,odop:bidari-ware
3049,ODOP (One District One Product),Bikaneri Namkeen Brand,"Bikaneri  Namkeen is the ODOP of Bikaner. Buy direct from growers there and sell a processed, branded product.",,healthy-snacks-brand,3,,,,odop,odop:bikaneri-namkeen
3050,ODOP (One District One Product),Bindi,Bindi (Tikuli) is the ODOP of Ballia. Work with its makers and sell their work to city and export buyers.,,jewellery-brand,2,,,,odop,odop:bindi-tikuli
3051,ODOP (One District One Product),Biscuits & Confectionery Brand,"Biscuits & Confectionery is the ODOP of Ranga Reddy. Buy direct from growers there and sell a processed, branded product.",,sweet-shop,3,,,,odop,odop:biscuit-confectionery
3052,ODOP (One District One Product),Black Gram Processing Unit,"Black Gram is the ODOP of Narayanpur. Buy direct from growers there and sell a processed, branded product.",,agro-processing-unit,3,,,,odop,odop:black-gram
3053,ODOP (One District One Product),Black Pottery,Black Pottery is the ODOP of Azamgarh. Work with its makers and sell their work to city and export buyers.,,pottery-studio,2,,,,odop,odop:black-pottery
3054,ODOP (One District One Product),Black Rice Processing Unit,"Black Rice is the ODOP of Bilaspur. Buy direct from growers there and sell a processed, branded product.",,agro-processing-unit,3,,,,odop,odop:black-rice
3055,ODOP (One District One Product),Bobilli Veena,Bobilli Veena is the ODOP of Parvathipuram Manyam. Work with its makers and sell their work to city and export buyers.,,handcrafted-home-decor,2,,,,odop,odop:bobilli-veena
3056,ODOP (One District One Product),Bomkai Saree & Fabrics,Bomkai Saree & Fabrics is the ODOP of Sonepur (Subarnapur). Work with its makers and sell their work to city and export buyers.,,handloom-textiles-brand,2,,,,odop,odop:bomkai-saree-fabric
3057,ODOP (One District One Product),Brass Artifacts,Brass Artifacts is the ODOP of Jangaon. Work with its makers and sell their work to city and export buyers.,,handcrafted-home-decor,3,,,,odop,odop:bras-artifact
3058,ODOP (One District One Product),Brass Metal Work,Brass Metal Work is the ODOP of Patna. Work with its makers and sell their work to city and export buyers.,,handcrafted-home-decor,3,,,,odop,odop:bras-metal-work
3059,ODOP (One District One Product),Buck Wheat Brand,"Buck Wheat is the ODOP of North Sikkim (Mangan). Buy direct from growers there and sell a processed, branded product.",,healthy-snacks-brand,3,,,,odop,odop:buck-wheat
3060,ODOP (One District One Product),Byadagi Chilies Brand,"Byadagi Chilies is the ODOP of Gadag. Buy direct from growers there and sell a processed, branded product.",,spice-processing-unit,2,,,,odop,odop:byadagi-chilli
3061,ODOP (One District One Product),Cane & Bamboo Handicrafts,Cane & Bamboo Handicrafts (Mats) is the ODOP of West Khasi Hills. Work with its makers and sell their work to city and export buyers.,,handcrafted-home-decor,2,,,,odop,odop:cane-bamboo-handicraft-mat
3062,ODOP (One District One Product),Cane Sugar Brand,"Cane Sugar is the ODOP of Ahmednagar. Buy direct from growers there and sell a processed, branded product.",,honey-and-organic-produce,4,,,,odop,odop:cane-sugar
3063,ODOP (One District One Product),Hand-Woven Carpets,"Carpet is the ODOP of Kaimur (Bhabua), Garhwa, Mirzapur and 1 more. Work with its makers and sell their work to city and export buyers.",,handloom-textiles-brand,3,,,,odop,odop:carpet
3064,ODOP (One District One Product),Carpets,Carpets (Dari) is the ODOP of Sitapur. Work with its makers and sell their work to city and export buyers.,,handloom-textiles-brand,2,,,,odop,odop:carpet-dari
3065,ODOP (One District One Product),Cashew Processing Unit,"Cashew is the ODOP of West Garo Hills, Koraput, Kanyakumari. Buy direct from growers there and sell a processed, branded product.",,agro-processing-unit,3,,,,odop,odop:cashew
3066,ODOP (One District One Product),Ceramic Products,Ceramic Product is the ODOP of Bulandshahar. Work with its makers and sell their work to city and export buyers.,,pottery-studio,2,,,,odop,odop:ceramic-product
3067,ODOP (One District One Product),Chamba Rumal,Chamba Rumal is the ODOP of Chamba. Work with its makers and sell their work to city and export buyers.,,handloom-textiles-brand,2,,,,odop,odop:chamba-rumal
3068,ODOP (One District One Product),Chanderi Handloom,Chanderi Handloom is the ODOP of Ashoknagar. Work with its makers and sell their work to city and export buyers.,,handloom-textiles-brand,3,,,,odop,odop:chanderi-handloom
3069,ODOP (One District One Product),Chilli Brand,"Chilly is the ODOP of Guntur, Tawang, Dhubri and 7 more. Buy direct from growers there and sell a processed, branded product.",,spice-processing-unit,3,,,,odop,odop:chilli
3070,ODOP (One District One Product),Mizo Chilli Brand,"Chilli - Mizo is the ODOP of Siaha. Buy direct from growers there and sell a processed, branded product.",,spice-processing-unit,3,,,,odop,odop:chilli-mizo
3071,ODOP (One District One Product),Chilli Powder Brand,"Chilli powder is the ODOP of Nandurbar. Buy direct from growers there and sell a processed, branded product.",,spice-processing-unit,3,,,,odop,odop:chilli-powder
3072,ODOP (One District One Product),Chinnaur Rice Processing Unit,"Chinnaur Rice is the ODOP of Balaghat. Buy direct from growers there and sell a processed, branded product.",,agro-processing-unit,3,,,,odop,odop:chinnaur-rice
3073,ODOP (One District One Product),Cilantro Brand,"Cilantro is the ODOP of Seoni. Buy direct from growers there and sell a processed, branded product.",,spice-processing-unit,2,,,,odop,odop:cilantro
3074,ODOP (One District One Product),Citrus Fruits Processing,"Citrus Fruits (Kinnow) is the ODOP of Bathinda, Fazilka. Buy direct from growers there and sell a processed, branded product.",,fruit-and-vegetable-processing,3,,,,odop,odop:citru-fruit-kinnow
3075,ODOP (One District One Product),Coconut Processing Unit,"Coconut is the ODOP of Thanjavur. Buy direct from growers there and sell a processed, branded product.",,agro-processing-unit,3,,,,odop,odop:coconut
3076,ODOP (One District One Product),Coffee Brand,"Coffee is the ODOP of Kodagu, Wayanad, Mokokchung. Buy direct from growers there and sell a processed, branded product.",,beverage-brand,3,,,,odop,odop:coffee
3077,ODOP (One District One Product),Coffee-Arabica Brand,"Coffee-Arabica is the ODOP of Chikkamagaluru (Chikmagalur). Buy direct from growers there and sell a processed, branded product.",,beverage-brand,3,,,,odop,odop:coffee-arabica
3078,ODOP (One District One Product),Coir Pith Block,"Coir pith block is the ODOP of Dindigul, Tenkasi. Work with its makers and sell their work to city and export buyers.",,eco-friendly-products-brand,3,,,,odop,odop:coir-pith-block
3079,ODOP (One District One Product),Coir Products,"Coir products is the ODOP of Hassan, Alappuzha, Mahe and 1 more. Work with its makers and sell their work to city and export buyers.",,eco-friendly-products-brand,3,,,,odop,odop:coir-product
3080,ODOP (One District One Product),Copper Based Products,Copper based Products is the ODOP of Bageshwar. Work with its makers and sell their work to city and export buyers.,,handcrafted-home-decor,3,,,,odop,odop:copper-based-product
3081,ODOP (One District One Product),Coriander Brand,"Coriander is the ODOP of Guna, Neemuch. Buy direct from growers there and sell a processed, branded product.",,spice-processing-unit,3,,,,odop,odop:coriander
3082,ODOP (One District One Product),Corn Products Processing Unit,"Corn Products is the ODOP of Dahod. Buy direct from growers there and sell a processed, branded product.",,agro-processing-unit,3,,,,odop,odop:corn-product
3083,ODOP (One District One Product),Cotton Ginning Unit,"Cotton is the ODOP of Bolangir, Nuapada, Rayagada and 1 more. Buy direct from growers there and sell a processed, branded product.",,agro-processing-unit,3,,,,odop,odop:cotton
3084,ODOP (One District One Product),Cotton Bales Processing Unit,"Cotton Bales is the ODOP of Adilabad, Nirmal. Buy direct from growers there and sell a processed, branded product.",,agro-processing-unit,4,,,,odop,odop:cotton-bale
3085,ODOP (One District One Product),Cottonseed Oil Brand,"Cotton and cotton seed oil is the ODOP of Beed. Buy direct from growers there and sell a processed, branded product.",,cold-pressed-oil-mill,4,,,,odop,odop:cotton-cotton-seed-oil
3086,ODOP (One District One Product),Cotton & Denim Pants,"Cotton/Jean Pants is the ODOP of Anantapuram (Anantapur), Annamayya (Rayachoty). Work with its makers and sell their work to city and export buyers.",,d2c-apparel-brand,3,,,,odop,odop:cotton-jean-pant
3087,ODOP (One District One Product),Cotton Balls & Swabs,"Cotton Products (Balls, Swabs) is the ODOP of Sirsa. Work with its makers and sell their work to city and export buyers.",,handloom-textiles-brand,3,,,,odop,odop:cotton-product-ball-swab
3088,ODOP (One District One Product),Cotton Yarn,"Cotton Yarn is the ODOP of Wardha, Mansa. Work with its makers and sell their work to city and export buyers.",,handloom-textiles-brand,4,,,,odop,odop:cotton-yarn
3089,ODOP (One District One Product),Crewal Based Shawl,Crewal Based Shawl is the ODOP of Bandipora. Work with its makers and sell their work to city and export buyers.,,handloom-textiles-brand,2,,,,odop,odop:crewal-based-shawl
3090,ODOP (One District One Product),Crochet Goods,Crochet Goods is the ODOP of Jamui. Work with its makers and sell their work to city and export buyers.,,d2c-apparel-brand,2,,,,odop,odop:crochet-good
3091,ODOP (One District One Product),Custard Apple Processing,"Custard Apple is the ODOP of West Singhbhum (chaibassa). Buy direct from growers there and sell a processed, branded product.",,fruit-and-vegetable-processing,3,,,,odop,odop:custard-apple
3092,ODOP (One District One Product),Cut Stone Supply,Cut Stone is the ODOP of Katni. Work with its makers and sell their work to city and export buyers.,,stone-and-marble-products,2,,,,odop,odop:cut-stone
3093,ODOP (One District One Product),Dahanu Gholvad Chikoo Processing,"Dahanu Gholvad Chikoo (Sapota) is the ODOP of Palghar. Buy direct from growers there and sell a processed, branded product.",,fruit-and-vegetable-processing,2,,,,odop,odop:dahanu-gholvad-chikoo-sapota
3094,ODOP (One District One Product),Darjeeling Tea Brand,"Darjeeling Tea is the ODOP of Darjeeling. Buy direct from growers there and sell a processed, branded product.",,beverage-brand,3,,,,odop,odop:darjeeling-tea
3095,ODOP (One District One Product),De-Oiled Cake Processing Unit,"De-Oiled Cake is the ODOP of Dhule. Buy direct from growers there and sell a processed, branded product.",,agro-processing-unit,3,,,,odop,odop:de-oiled-cake
3096,ODOP (One District One Product),Dhaniakhali Saree,Dhaniakhali Saree is the ODOP of Hooghly. Work with its makers and sell their work to city and export buyers.,,handloom-textiles-brand,3,,,,odop,odop:dhaniakhali-saree
3097,ODOP (One District One Product),Dharmavaram Silk Sarees,Dharmavaram Silk Sarees is the ODOP of Ananthpuram (Anantapur). Work with its makers and sell their work to city and export buyers.,,handloom-textiles-brand,3,,,,odop,odop:dharmavaram-silk-saree
3098,ODOP (One District One Product),Diesel Engine And Auto Parts,Diesel engine and Auto Parts is the ODOP of Kapurthala. Work with its makers and sell their work to city and export buyers.,,light-engineering-unit,4,,,,odop,odop:diesel-engine-auto-part
3099,ODOP (One District One Product),Double Ikkat Patan,Double Ikkat Patan is the ODOP of Patan. Work with its makers and sell their work to city and export buyers.,,handloom-textiles-brand,3,,,,odop,odop:double-ikkat-patan
3100,ODOP (One District One Product),Dragon Fruit Processing,"Dragon Fruit is the ODOP of Kishanganj, Aizawl, Kolasib. Buy direct from growers there and sell a processed, branded product.",,fruit-and-vegetable-processing,3,,,,odop,odop:dragon-fruit
3101,ODOP (One District One Product),Dry Fruits & Spices Brand,"Dry Fruits & Spices is the ODOP of Central. Buy direct from growers there and sell a processed, branded product.",,spice-processing-unit,2,,,,odop,odop:dry-fruit-spice
3102,ODOP (One District One Product),Durgi Stone Carving,Durgi Stone Carving is the ODOP of Palnadu (Narasaraopeta). Work with its makers and sell their work to city and export buyers.,,handcrafted-home-decor,2,,,,odop,odop:durgi-stone-carving
3103,ODOP (One District One Product),Edible Oil Brand,"Edible Oil is the ODOP of Tiruvannamalai. Buy direct from growers there and sell a processed, branded product.",,cold-pressed-oil-mill,3,,,,odop,odop:edible-oil
3104,ODOP (One District One Product),Embroidery Studio,Embroidery is the ODOP of Amritsar. Work with its makers and sell their work to city and export buyers.,,handloom-textiles-brand,2,,,,odop,odop:embroidery
3105,ODOP (One District One Product),Sequin Embroidered Garments,Embroidery/Sequence Ladies Garments is the ODOP of South-East. Work with its makers and sell their work to city and export buyers.,,d2c-apparel-brand,3,,,,odop,odop:embroidery-sequence-ladie-garment
3106,ODOP (One District One Product),Etikoppaka Lacquerware/Wooden Toys,Etikoppaka Lacquerware/Wooden Toys is the ODOP of Anakapalli. Work with its makers and sell their work to city and export buyers.,,toys-and-games-brand,2,,,,odop,odop:etikoppaka-lacquerware-wooden-toy
3107,ODOP (One District One Product),Farrukhabad Prints,Farrukhabad Prints is the ODOP of Farrukhabad. Work with its makers and sell their work to city and export buyers.,,handloom-textiles-brand,3,,,,odop,odop:farrukhabad-print
3108,ODOP (One District One Product),Fasteners & Machine Tools,Fastners and Machine Tools is the ODOP of Rohtak. Work with its makers and sell their work to city and export buyers.,,light-engineering-unit,3,,,,odop,odop:fastner-machine-tool
3109,ODOP (One District One Product),Feni Brand,"Feni is the ODOP of South Goa. Buy direct from growers there and sell a processed, branded product.",,beverage-brand,3,,,,odop,odop:feni
3110,ODOP (One District One Product),Firozabad Glass,Firozabad Glass is the ODOP of Firozabad. Work with its makers and sell their work to city and export buyers.,,handcrafted-home-decor,3,,,,odop,odop:firozabad-glas
3111,ODOP (One District One Product),Fish Products Processing,"Fish product is the ODOP of Khurdha. Buy direct from growers there and sell a processed, branded product.",,seafood-processing,3,,,,odop,odop:fish-product
3112,ODOP (One District One Product),Fisheries And Allied Products Processing,"Fisheries and Allied Products is the ODOP of Yanam. Buy direct from growers there and sell a processed, branded product.",,seafood-processing,3,,,,odop,odop:fisherie-allied-product
3113,ODOP (One District One Product),Floriculture Nursery,"Floriculture is the ODOP of Pakyong. Buy direct from growers there and sell a processed, branded product.",,nursery-and-plants,3,,,,odop,odop:floriculture
3114,ODOP (One District One Product),Flute And Wooden Products,Flute and Wooden Products is the ODOP of Pilibhit. Work with its makers and sell their work to city and export buyers.,,handcrafted-home-decor,2,,,,odop,odop:flute-wooden-product
3115,ODOP (One District One Product),Papaya Processing,"Food Processing Papaya is the ODOP of Mahisagar. Buy direct from growers there and sell a processed, branded product.",,fruit-and-vegetable-processing,3,,,,odop,odop:food-processing-papaya
3116,ODOP (One District One Product),Food Processing Unit,"Food Processing (Rice Mill & Dairy Products ) is the ODOP of Kaithal. Buy direct from growers there and sell a processed, branded product.",,dairy-farm,4,,,,odop,odop:food-processing-rice-mill-dairy-product
3117,ODOP (One District One Product),Forged Items,Forged Items is the ODOP of Fatehgarh Sahib. Work with its makers and sell their work to city and export buyers.,,light-engineering-unit,3,,,,odop,odop:forged-item
3118,ODOP (One District One Product),Foundry,Foundry is the ODOP of Belagavi. Work with its makers and sell their work to city and export buyers.,,light-engineering-unit,4,,,,odop,odop:foundry
3119,ODOP (One District One Product),Fruit Based Food Products,"Fruit Based Food Products (Pickles, Mango Jelly, Fruit Pulp, Cashew nuts, Lemon extracts) is the ODOP of East Godavari. Buy direct from growers there and sell a processed, branded product.",,pickle-and-papad-brand,3,,,,odop,odop:fruit-based-food-product-pickle-mango-jelly-fruit-pulp-cashew-nut-lemon-extract
3120,ODOP (One District One Product),Garlic Brand,"Garlic is the ODOP of Kulgam, Udhampur, Mandsaur. Buy direct from growers there and sell a processed, branded product.",,spice-processing-unit,2,,,,odop,odop:garlic
3121,ODOP (One District One Product),Gaura Stone Craft,Gaura Stone Craft is the ODOP of Mahoba. Work with its makers and sell their work to city and export buyers.,,handcrafted-home-decor,2,,,,odop,odop:gaura-stone-craft
3122,ODOP (One District One Product),Gauze & Medical Cloth,Gauze Cloth is the ODOP of Virudhunagar. Work with its makers and sell their work to city and export buyers.,,handloom-textiles-brand,3,,,,odop,odop:gauze-cloth
3123,ODOP (One District One Product),Gems & Jewellery,"Gems & Jewellery is the ODOP of Surat, Mumbai City, Mumbai Suburban and 2 more. Work with its makers and sell their work to city and export buyers.",,jewellery-brand,3,,,,odop,odop:gem-jewellery
3124,ODOP (One District One Product),Ghazipur Wall Hangings,Ghazipur Wall Hangings is the ODOP of Ghazipur. Work with its makers and sell their work to city and export buyers.,,handcrafted-home-decor,2,,,,odop,odop:ghazipur-wall-hanging
3125,ODOP (One District One Product),Ginger Brand,"Ginger is the ODOP of Lower Dibang Valley, Pakke Kessang, Tirap and 9 more. Buy direct from growers there and sell a processed, branded product.",,spice-processing-unit,3,,,,odop,odop:ginger
3126,ODOP (One District One Product),Gold Jewellery,Gold Jewellery is the ODOP of Eluru. Work with its makers and sell their work to city and export buyers.,,jewellery-brand,3,,,,odop,odop:gold-jewellery
3127,ODOP (One District One Product),Golden Grass Product,Golden Grass Product is the ODOP of Kendrapara. Work with its makers and sell their work to city and export buyers.,,handcrafted-home-decor,2,,,,odop,odop:golden-gras-product
3128,ODOP (One District One Product),Gooseberry Processing,"Gooseberry is the ODOP of Panna. Buy direct from growers there and sell a processed, branded product.",,fruit-and-vegetable-processing,2,,,,odop,odop:gooseberry
3129,ODOP (One District One Product),Gorakhpur Terracotta,Gorakhpur Terracotta is the ODOP of Gorakhpur. Work with its makers and sell their work to city and export buyers.,,pottery-studio,2,,,,odop,odop:gorakhpur-terracotta
3130,ODOP (One District One Product),Granite,Granite (Black Galaxy) is the ODOP of Prakasam. Work with its makers and sell their work to city and export buyers.,,stone-and-marble-products,4,,,,odop,odop:granite-black-galaxy
3131,ODOP (One District One Product),Granite Cutting And Polishing,Granite Cutting and Polishing is the ODOP of Bapatla. Work with its makers and sell their work to city and export buyers.,,stone-and-marble-products,3,,,,odop,odop:granite-cutting-polishing
3132,ODOP (One District One Product),Granite And Marble Blocks,Granite and Marble Blocks is the ODOP of Banaskantha. Work with its makers and sell their work to city and export buyers.,,stone-and-marble-products,4,,,,odop,odop:granite-marble-block
3133,ODOP (One District One Product),Granite Slabs,Granite Slabs is the ODOP of Warangal Urban (Hanumakonda). Work with its makers and sell their work to city and export buyers.,,stone-and-marble-products,4,,,,odop,odop:granite-slab
3134,ODOP (One District One Product),Grapes/Raisins Processing,"Grapes/Raisins is the ODOP of Nashik. Buy direct from growers there and sell a processed, branded product.",,fruit-and-vegetable-processing,3,,,,odop,odop:grape-raisin
3135,ODOP (One District One Product),Groundnuts Brand,"Groundnuts is the ODOP of Gaurella Pendra Marwahi, Mungeli. Buy direct from growers there and sell a processed, branded product.",,healthy-snacks-brand,3,,,,odop,odop:groundnut
3136,ODOP (One District One Product),Guava Processing,"Guava is the ODOP of Sheopur. Buy direct from growers there and sell a processed, branded product.",,fruit-and-vegetable-processing,2,,,,odop,odop:guava
3137,ODOP (One District One Product),Hand Embroidery,Hand Embroidery is the ODOP of Buxar. Work with its makers and sell their work to city and export buyers.,,handloom-textiles-brand,2,,,,odop,odop:hand-embroidery
3138,ODOP (One District One Product),Horn & Bone Crafts,Handicrafts - Horn Bone is the ODOP of Sambhal. Work with its makers and sell their work to city and export buyers.,,handcrafted-home-decor,3,,,,odop,odop:handicraft-horn-bone
3139,ODOP (One District One Product),Tribal Handicrafts,Handicrafts - Tribal is the ODOP of Churachandpur. Work with its makers and sell their work to city and export buyers.,,handcrafted-home-decor,2,,,,odop,odop:handicraft-tribal
3140,ODOP (One District One Product),Handicraft,Handicraft (Wood Carving) is the ODOP of Kalahandi. Work with its makers and sell their work to city and export buyers.,,handcrafted-home-decor,2,,,,odop,odop:handicraft-wood-carving
3141,ODOP (One District One Product),Powerloom Textiles,Handloom and Powerloom products is the ODOP of Erode. Work with its makers and sell their work to city and export buyers.,,handloom-textiles-brand,3,,,,odop,odop:handloom-powerloom-product
3142,ODOP (One District One Product),Handmade Carpet Of Bhadohi,Handmade carpet of Bhadohi is the ODOP of Bhadohi. Work with its makers and sell their work to city and export buyers.,,handloom-textiles-brand,2,,,,odop,odop:handmade-carpet-bhadohi
3143,ODOP (One District One Product),Handmade Paper Art,Handmade Paper Art is the ODOP of Jalaun. Work with its makers and sell their work to city and export buyers.,,eco-friendly-products-brand,2,,,,odop,odop:handmade-paper-art
3144,ODOP (One District One Product),Herbal Products,Herbal Products is the ODOP of Pauri Garhwal. Work with its makers and sell their work to city and export buyers.,,nutrition-supplements-brand,3,,,,odop,odop:herbal-product
3145,ODOP (One District One Product),Himalyan Honey Brand,"Himalyan Honey is the ODOP of Champawat. Buy direct from growers there and sell a processed, branded product.",,honey-and-organic-produce,2,,,,odop,odop:himalyan-honey
3146,ODOP (One District One Product),Hing Brand,"Hing (Asafoetida) is the ODOP of Hathras. Buy direct from growers there and sell a processed, branded product.",,spice-processing-unit,3,,,,odop,odop:hing-asafoetida
3147,ODOP (One District One Product),Eri & Muga Silk Home Furnishings,"Home Furnishing made of Eri , Muga & Assam Silk, etc. is the ODOP of Kamrup (M). Work with its makers and sell their work to city and export buyers.",,handloom-textiles-brand,2,,,,odop,odop:home-furnishing-made-eri-muga-assam-silk-etc
3148,ODOP (One District One Product),Honey Brand,"Honey is the ODOP of Baksa, Tamulpur, Ramban and 2 more. Buy direct from growers there and sell a processed, branded product.",,honey-and-organic-produce,2,,,,odop,odop:honey
3149,ODOP (One District One Product),Hosiery Garments,Hosiery Garments is the ODOP of Tiruppur. Work with its makers and sell their work to city and export buyers.,,d2c-apparel-brand,3,,,,odop,odop:hosiery-garment
3150,ODOP (One District One Product),Ilkal Sarees,Ilkal Sarees is the ODOP of Bagalkote. Work with its makers and sell their work to city and export buyers.,,handloom-textiles-brand,2,,,,odop,odop:ilkal-saree
3151,ODOP (One District One Product),Jackfruit Processing,"Jackfruit is the ODOP of Surguja, South Garo Hills. Buy direct from growers there and sell a processed, branded product.",,fruit-and-vegetable-processing,3,,,,odop,odop:jackfruit
3152,ODOP (One District One Product),Jaggery Brand,"Jaggery is the ODOP of East Siang, Hojai, Mandya and 5 more. Buy direct from growers there and sell a processed, branded product.",,honey-and-organic-produce,3,,,,odop,odop:jaggery
3153,ODOP (One District One Product),Jalgaon Banana Processing,"Jalgaon Banana is the ODOP of Jalgaon. Buy direct from growers there and sell a processed, branded product.",,fruit-and-vegetable-processing,2,,,,odop,odop:jalgaon-banana
3154,ODOP (One District One Product),Jute Products,"Jute is the ODOP of Araria, Katihar, Pakur and 1 more. Work with its makers and sell their work to city and export buyers.",,eco-friendly-products-brand,2,,,,odop,odop:jute
3155,ODOP (One District One Product),Kachai Lemon Processing,"Kachai Lemon is the ODOP of Ukhrul. Buy direct from growers there and sell a processed, branded product.",,fruit-and-vegetable-processing,3,,,,odop,odop:kachai-lemon
3156,ODOP (One District One Product),Kadaknath Chicken Farming,"Kadaknath Chicken is the ODOP of Jhabua. Buy direct from growers there and sell a processed, branded product.",,poultry-farm,1,,,,odop,odop:kadaknath-chicken
3157,ODOP (One District One Product),Kalanamak Rice Processing Unit,"Kalanamak Rice is the ODOP of Siddharthnagar. Buy direct from growers there and sell a processed, branded product.",,agro-processing-unit,3,,,,odop,odop:kalanamak-rice
3158,ODOP (One District One Product),Kandhamal Haladi Brand,"Kandhamal Haladi is the ODOP of Kandhamal. Buy direct from growers there and sell a processed, branded product.",,spice-processing-unit,3,,,,odop,odop:kandhamal-haladi
3159,ODOP (One District One Product),Kangra Tea Brand,"Kangra Tea is the ODOP of Kangra. Buy direct from growers there and sell a processed, branded product.",,beverage-brand,3,,,,odop,odop:kangra-tea
3160,ODOP (One District One Product),Kani Shawls,Kani Shawls is the ODOP of Budgam. Work with its makers and sell their work to city and export buyers.,,handloom-textiles-brand,3,,,,odop,odop:kani-shawl
3161,ODOP (One District One Product),Kannauj Perfume,Kannauj Perfume is the ODOP of Kannauj. Work with its makers and sell their work to city and export buyers.,,personal-care-brand,2,,,,odop,odop:kannauj-perfume
3162,ODOP (One District One Product),Kasheedakari,Kasheedakari is the ODOP of Barmer. Work with its makers and sell their work to city and export buyers.,,handloom-textiles-brand,3,,,,odop,odop:kasheedakari
3163,ODOP (One District One Product),Kesar Mango Processing,"Kesar Mango is the ODOP of Gir Somnath. Buy direct from growers there and sell a processed, branded product.",,fruit-and-vegetable-processing,3,,,,odop,odop:kesar-mango
3164,ODOP (One District One Product),Khambhaliya Shawl,Khambhaliya Shawl is the ODOP of Devbhoomi Dwarka. Work with its makers and sell their work to city and export buyers.,,handloom-textiles-brand,2,,,,odop,odop:khambhaliya-shawl
3165,ODOP (One District One Product),Kharsawan Silk,Kharsawan Silk is the ODOP of Saraikela- Kharsawan. Work with its makers and sell their work to city and export buyers.,,handloom-textiles-brand,3,,,,odop,odop:kharsawan-silk
3166,ODOP (One District One Product),Khasi Mandarin,Khasi Mandarin (Orange) is the ODOP of East Khasi Hills. Work with its makers and sell their work to city and export buyers.,,handloom-textiles-brand,3,,,,odop,odop:khasi-mandarin-orange
3167,ODOP (One District One Product),Kholar Processing Unit,"Kholar is the ODOP of Kiphire, Tuensang. Buy direct from growers there and sell a processed, branded product.",,agro-processing-unit,2,,,,odop,odop:kholar
3168,ODOP (One District One Product),King Chilli Brand,"King Chilli is the ODOP of Leparada, Kamjong. Buy direct from growers there and sell a processed, branded product.",,spice-processing-unit,2,,,,odop,odop:king-chilli
3169,ODOP (One District One Product),Kinhal Toys,Kinhal Toys is the ODOP of Koppal. Work with its makers and sell their work to city and export buyers.,,toys-and-games-brand,2,,,,odop,odop:kinhal-toy
3170,ODOP (One District One Product),Kiwi Processing,"Kiwi is the ODOP of Dibang Valley, Lower Subansiri, Shi Yomi and 3 more. Buy direct from growers there and sell a processed, branded product.",,fruit-and-vegetable-processing,3,,,,odop,odop:kiwi
3171,ODOP (One District One Product),Kodo Kutki Brand,"Kodo Kutki is the ODOP of Anuppur, Dindori, Mandla. Buy direct from growers there and sell a processed, branded product.",,healthy-snacks-brand,3,,,,odop,odop:kodo-kutki
3172,ODOP (One District One Product),Kolhapur Jaggery Brand,"Kolhapur Jaggery (Sugarcane Products etc) is the ODOP of Kolhapur. Buy direct from growers there and sell a processed, branded product.",,honey-and-organic-produce,3,,,,odop,odop:kolhapur-jaggery-sugarcane-product-etc
3173,ODOP (One District One Product),Kondapalli Toys,Kondapalli Toys is the ODOP of NTR (Vijaywada). Work with its makers and sell their work to city and export buyers.,,toys-and-games-brand,2,,,,odop,odop:kondapalli-toy
3174,ODOP (One District One Product),Kosa Silk,"Kosa is the ODOP of Janjagir-champa, Sakti. Work with its makers and sell their work to city and export buyers.",,handloom-textiles-brand,3,,,,odop,odop:kosa
3175,ODOP (One District One Product),Kota Doria,Kota Doria is the ODOP of Kota. Work with its makers and sell their work to city and export buyers.,,handloom-textiles-brand,3,,,,odop,odop:kota-doria
3176,ODOP (One District One Product),Kota Stone Products,Kota Stone Products is the ODOP of Jhalawar. Work with its makers and sell their work to city and export buyers.,,stone-and-marble-products,3,,,,odop,odop:kota-stone-product
3177,ODOP (One District One Product),Lac Products,"Lac is the ODOP of Khunti. Buy direct from growers there and sell a processed, branded product.",,honey-and-organic-produce,2,,,,odop,odop:lac
3178,ODOP (One District One Product),Lac Bangles,Lac Bangles is the ODOP of Supaul. Work with its makers and sell their work to city and export buyers.,,jewellery-brand,2,,,,odop,odop:lac-bangle
3179,ODOP (One District One Product),Large Cardamom Brand,"Large Cardamom is the ODOP of Anjaw, Kra Daadi, Kurung Kumey and 2 more. Buy direct from growers there and sell a processed, branded product.",,spice-processing-unit,3,,,,odop,odop:large-cardamom
3180,ODOP (One District One Product),Leather Goods,"Leather goods is the ODOP of Kolkata, South 24 Parganas. Work with its makers and sell their work to city and export buyers.",,leather-goods-workshop,3,,,,odop,odop:leather-good
3181,ODOP (One District One Product),Lemon Processing,"Lemon is the ODOP of Chirang. Buy direct from growers there and sell a processed, branded product.",,fruit-and-vegetable-processing,2,,,,odop,odop:lemon
3182,ODOP (One District One Product),Lemon Grass,"Lemon Grass is the ODOP of Aurangabad, Munger. Work with its makers and sell their work to city and export buyers.",,personal-care-brand,3,,,,odop,odop:lemon-gras
3183,ODOP (One District One Product),Litchi Processing,"Litchi is the ODOP of Jashpur, Pathankot. Buy direct from growers there and sell a processed, branded product.",,fruit-and-vegetable-processing,3,,,,odop,odop:litchi
3184,ODOP (One District One Product),Lock & Hardware,Lock & Hardware is the ODOP of Aligarh. Work with its makers and sell their work to city and export buyers.,,light-engineering-unit,3,,,,odop,odop:lock-hardware
3185,ODOP (One District One Product),Lucknow Chikan Craft & Lucknow Zardozi,Lucknow Chikan Craft & Lucknow Zardozi is the ODOP of Lucknow. Work with its makers and sell their work to city and export buyers.,,handloom-textiles-brand,2,,,,odop,odop:lucknow-chikan-craft-lucknow-zardozi
3186,ODOP (One District One Product),Machilipatnam Kalamkari,Machilipatnam Kalamkari is the ODOP of Krishna. Work with its makers and sell their work to city and export buyers.,,handloom-textiles-brand,2,,,,odop,odop:machilipatnam-kalamkari
3187,ODOP (One District One Product),Machine Tool,Machine Tool is the ODOP of Tumakuru (Tumkur). Work with its makers and sell their work to city and export buyers.,,light-engineering-unit,4,,,,odop,odop:machine-tool
3188,ODOP (One District One Product),Machineries - Agriculture & Dairy,Machineries - Agriculture & Dairy is the ODOP of Palwal. Work with its makers and sell their work to city and export buyers.,,light-engineering-unit,4,,,,odop,odop:machinerie-agriculture-dairy
3189,ODOP (One District One Product),Madhubani Paintings,"Madhubani Paintings is the ODOP of Darbhanga, Madhubani. Work with its makers and sell their work to city and export buyers.",,handcrafted-home-decor,2,,,,odop,odop:madhubani-painting
3190,ODOP (One District One Product),Mahua Brand,"Mahua is the ODOP of Latehar, Alirajpur, Umaria. Buy direct from growers there and sell a processed, branded product.",,honey-and-organic-produce,3,,,,odop,odop:mahua
3191,ODOP (One District One Product),Maize Processing Unit,"Maize is the ODOP of Bongaigaon, Morigaon, Sheohar and 2 more. Buy direct from growers there and sell a processed, branded product.",,agro-processing-unit,3,,,,odop,odop:maize
3192,ODOP (One District One Product),Makhana Brand,"Makhana (Foxnut) is the ODOP of Saharsa. Buy direct from growers there and sell a processed, branded product.",,healthy-snacks-brand,3,,,,odop,odop:makhana-foxnut
3193,ODOP (One District One Product),Mango Processing,"Mango is the ODOP of Jagtial, Mancherial. Buy direct from growers there and sell a processed, branded product.",,fruit-and-vegetable-processing,3,,,,odop,odop:mango
3194,ODOP (One District One Product),Mango Jelly Processing,"Mango Jelly is the ODOP of Vizianagaram. Buy direct from growers there and sell a processed, branded product.",,fruit-and-vegetable-processing,3,,,,odop,odop:mango-jelly
3195,ODOP (One District One Product),Marble Products,"Marble Products is the ODOP of Banswara, Sawai Madhopur, Sirohi. Work with its makers and sell their work to city and export buyers.",,stone-and-marble-products,3,,,,odop,odop:marble-product
3196,ODOP (One District One Product),Marcha Chura Brand,"Marcha Chura is the ODOP of West Champaran. Buy direct from growers there and sell a processed, branded product.",,sweet-shop,2,,,,odop,odop:marcha-chura
3197,ODOP (One District One Product),Marine Produce Processing,"Marine Produce is the ODOP of Raigad. Buy direct from growers there and sell a processed, branded product.",,seafood-processing,3,,,,odop,odop:marine-produce
3198,ODOP (One District One Product),Queen Fish Processing,"Marine (Queen Fish) is the ODOP of Porbandar. Buy direct from growers there and sell a processed, branded product.",,seafood-processing,3,,,,odop,odop:marine-queen-fish
3199,ODOP (One District One Product),Mentha Oil,Mentha is the ODOP of Siwan. Work with its makers and sell their work to city and export buyers.,,personal-care-brand,3,,,,odop,odop:mentha
3200,ODOP (One District One Product),Menthol Crystals,Menthol is the ODOP of Rohtas. Work with its makers and sell their work to city and export buyers.,,personal-care-brand,3,,,,odop,odop:menthol
3201,ODOP (One District One Product),Metal Casting,Metal Casting is the ODOP of Malerkotla. Work with its makers and sell their work to city and export buyers.,,light-engineering-unit,4,,,,odop,odop:metal-casting
3202,ODOP (One District One Product),Metal Utensils,Metal Utensils is the ODOP of Yamunanagar. Work with its makers and sell their work to city and export buyers.,,handcrafted-home-decor,3,,,,odop,odop:metal-utensil
3203,ODOP (One District One Product),Millet Brand,"Millet is the ODOP of Davangere, Noklak, Malkangiri and 1 more. Buy direct from growers there and sell a processed, branded product.",,healthy-snacks-brand,3,,,,odop,odop:millet
3204,ODOP (One District One Product),Minor Forest Produce Brand,"Minor Forest Produce is the ODOP of Simdega. Buy direct from growers there and sell a processed, branded product.",,honey-and-organic-produce,2,,,,odop,odop:minor-forest-produce
3205,ODOP (One District One Product),Moirang Fi Chanbi Fanek,Moirang Fi Chanbi Fanek is the ODOP of Bishnupur. Work with its makers and sell their work to city and export buyers.,,handloom-textiles-brand,3,,,,odop,odop:moirang-fi-chanbi-fanek
3206,ODOP (One District One Product),Molakalmuru Sarees,Molakalmuru Sarees is the ODOP of Chitradurga. Work with its makers and sell their work to city and export buyers.,,handloom-textiles-brand,2,,,,odop,odop:molakalmuru-saree
3207,ODOP (One District One Product),Moonj Products,"Moonj products is the ODOP of Amethi, Prayagraj, Sultanpur. Work with its makers and sell their work to city and export buyers.",,eco-friendly-products-brand,2,,,,odop,odop:moonj-product
3208,ODOP (One District One Product),Moradabad Metal Craft,Moradabad Metal Craft is the ODOP of Moradabad. Work with its makers and sell their work to city and export buyers.,,handcrafted-home-decor,2,,,,odop,odop:moradabad-metal-craft
3209,ODOP (One District One Product),Motor Pumps,Motor Pumps is the ODOP of Coimbatore. Work with its makers and sell their work to city and export buyers.,,light-engineering-unit,3,,,,odop,odop:motor-pump
3210,ODOP (One District One Product),Murshidabad Silk Saree/Scarf,Murshidabad Silk Saree/Scarf is the ODOP of Murshidabad. Work with its makers and sell their work to city and export buyers.,,handloom-textiles-brand,3,,,,odop,odop:murshidabad-silk-saree-scarf
3211,ODOP (One District One Product),Mushroom Farming,"Mushroom is the ODOP of Kokrajhar, Arwal, Jehanabad and 2 more. Buy direct from growers there and sell a processed, branded product.",,mushroom-farming,2,,,,odop,odop:mushroom
3212,ODOP (One District One Product),Dholak Making,Musical Instruments (Dholak) is the ODOP of Amroha. Work with its makers and sell their work to city and export buyers.,,handcrafted-home-decor,2,,,,odop,odop:musical-instrument-dholak
3213,ODOP (One District One Product),Mustard Brand,"Mustard is the ODOP of Bhind. Buy direct from growers there and sell a processed, branded product.",,cold-pressed-oil-mill,3,,,,odop,odop:mustard
3214,ODOP (One District One Product),Mustard Oil Brand,"Mustard Oil is the ODOP of Mahendragarh, Sri Ganganagar. Buy direct from growers there and sell a processed, branded product.",,cold-pressed-oil-mill,3,,,,odop,odop:mustard-oil
3215,ODOP (One District One Product),Naga Mircha Brand,"Naga Mircha is the ODOP of Peren. Buy direct from growers there and sell a processed, branded product.",,spice-processing-unit,3,,,,odop,odop:naga-chilli
3216,ODOP (One District One Product),Nagali (Ragi) Products,"Nagali Products is the ODOP of Dang. Buy direct from growers there and sell a processed, branded product.",,healthy-snacks-brand,3,,,,odop,odop:nagali-product
3217,ODOP (One District One Product),Nagpur Orange Processing,"Nagpur Orange is the ODOP of Nagpur. Buy direct from growers there and sell a processed, branded product.",,fruit-and-vegetable-processing,3,,,,odop,odop:nagpur-orange
3218,ODOP (One District One Product),Narayanpet Handloom Sarees,Narayanpet Handloom Sarees is the ODOP of Narayanpet. Work with its makers and sell their work to city and export buyers.,,handloom-textiles-brand,3,,,,odop,odop:narayanpet-handloom-saree
3219,ODOP (One District One Product),Natural Banana Fibres,Natural banana fibres is the ODOP of Dr BR Ambedkar Konaseema. Work with its makers and sell their work to city and export buyers.,,eco-friendly-products-brand,3,,,,odop,odop:natural-banana-fibre
3220,ODOP (One District One Product),Lavender Oil,Natural Oils (Lavender) is the ODOP of Doda. Work with its makers and sell their work to city and export buyers.,,personal-care-brand,3,,,,odop,odop:natural-oil-lavender
3221,ODOP (One District One Product),Nettle Based Product,Nettle based product is the ODOP of Chamoli. Work with its makers and sell their work to city and export buyers.,,eco-friendly-products-brand,3,,,,odop,odop:nettle-based-product
3222,ODOP (One District One Product),Nilgiri Tea Brand,"Nilgiri Tea (Orthodox) is the ODOP of Nilgiris. Buy direct from growers there and sell a processed, branded product.",,beverage-brand,3,,,,odop,odop:nilgiri-tea-orthodox
3223,ODOP (One District One Product),Wild Apricot (Chulli) Oil,"Oil-Himachali Chulli is the ODOP of Kinnaur. Buy direct from growers there and sell a processed, branded product.",,cold-pressed-oil-mill,3,,,,odop,odop:oil-himachali-chulli
3224,ODOP (One District One Product),Oleo Raisins Processing,"Oleo Raisins is the ODOP of Ernakulam. Buy direct from growers there and sell a processed, branded product.",,fruit-and-vegetable-processing,4,,,,odop,odop:oleo-raisin
3225,ODOP (One District One Product),Onion Processing,"Onion is the ODOP of Sheikhpura, Khandwa, Shajapur. Buy direct from growers there and sell a processed, branded product.",,fruit-and-vegetable-processing,3,,,,odop,odop:onion
3226,ODOP (One District One Product),Orange Processing,"Orange is the ODOP of East Kameng, Kamle, Upper Siang and 3 more. Buy direct from growers there and sell a processed, branded product.",,fruit-and-vegetable-processing,3,,,,odop,odop:orange
3227,ODOP (One District One Product),Orchid & Flowers Nursery,"Orchid & Flowers is the ODOP of Kalimpong. Buy direct from growers there and sell a processed, branded product.",,nursery-and-plants,3,,,,odop,odop:orchid-flower
3228,ODOP (One District One Product),Organic Tea Brand,"Organic Tea is the ODOP of Dibrugarh. Buy direct from growers there and sell a processed, branded product.",,beverage-brand,4,,,,odop,odop:organic-tea
3229,ODOP (One District One Product),Orissa Pattachitra,Orissa Pattachitra is the ODOP of Puri. Work with its makers and sell their work to city and export buyers.,,handcrafted-home-decor,2,,,,odop,odop:orissa-pattachitra
3230,ODOP (One District One Product),Orthodox & Green Tea Brand,"Orthodox Tea (black) and Green Tea is the ODOP of Udalguri. Buy direct from growers there and sell a processed, branded product.",,beverage-brand,3,,,,odop,odop:orthodox-tea-black-green-tea
3231,ODOP (One District One Product),Paithkar Painting,Paithkar Painting is the ODOP of Jamshedpur (East Singhbhum). Work with its makers and sell their work to city and export buyers.,,handcrafted-home-decor,2,,,,odop,odop:paithkar-painting
3232,ODOP (One District One Product),Palakkadan Matta Rice Processing Unit,"Palakkadan Matta Rice is the ODOP of Palakkad. Buy direct from growers there and sell a processed, branded product.",,agro-processing-unit,3,,,,odop,odop:palakkadan-matta-rice
3233,ODOP (One District One Product),Pan Meethi And Spices Processing,"Pan Meethi and Spices processing is the ODOP of Nagaur. Buy direct from growers there and sell a processed, branded product.",,spice-processing-unit,3,,,,odop,odop:pan-meethi-spice-processing
3234,ODOP (One District One Product),Parboiled Rice Processing Unit,"Parboiled Rice , Steam Rice & all Rice products is the ODOP of Sonitpur. Buy direct from growers there and sell a processed, branded product.",,agro-processing-unit,3,,,,odop,odop:parboiled-rice-steam-rice-all-rice-product
3235,ODOP (One District One Product),Pashmina,Pashmina is the ODOP of Leh. Work with its makers and sell their work to city and export buyers.,,handloom-textiles-brand,3,,,,odop,odop:pashmina
3236,ODOP (One District One Product),Peas Processing,"Peas is the ODOP of Jabalpur. Buy direct from growers there and sell a processed, branded product.",,fruit-and-vegetable-processing,3,,,,odop,odop:pea
3237,ODOP (One District One Product),Pearl Jewellery,Pearl is the ODOP of Nagaon. Work with its makers and sell their work to city and export buyers.,,jewellery-brand,3,,,,odop,odop:pearl
3238,ODOP (One District One Product),Pecannut Processing Unit,"Pecannut is the ODOP of Poonch. Buy direct from growers there and sell a processed, branded product.",,agro-processing-unit,3,,,,odop,odop:pecannut
3239,ODOP (One District One Product),Phulkari,Phulkari is the ODOP of Patiala. Work with its makers and sell their work to city and export buyers.,,handloom-textiles-brand,2,,,,odop,odop:phulkari
3240,ODOP (One District One Product),Pickles Brand,"Pickles is the ODOP of Kohima. Buy direct from growers there and sell a processed, branded product.",,pickle-and-papad-brand,3,,,,odop,odop:pickle
3241,ODOP (One District One Product),Pineapple Processing,"Pineapple is the ODOP of West Siang, Thoubal, East Garo Hills and 5 more. Buy direct from growers there and sell a processed, branded product.",,fruit-and-vegetable-processing,3,,,,odop,odop:pineapple
3242,ODOP (One District One Product),Pochampalli Ikat,Pochampalli Ikat is the ODOP of Yadadri Bhuvanagiri. Work with its makers and sell their work to city and export buyers.,,handloom-textiles-brand,3,,,,odop,odop:pochampalli-ikat
3243,ODOP (One District One Product),Ponduru Cotton Sarees,Ponduru Cotton Sarees is the ODOP of Srikakulam. Work with its makers and sell their work to city and export buyers.,,handloom-textiles-brand,3,,,,odop,odop:ponduru-cotton-saree
3244,ODOP (One District One Product),Potato Processing,"Potato is the ODOP of Surajpur, Indore. Buy direct from growers there and sell a processed, branded product.",,fruit-and-vegetable-processing,3,,,,odop,odop:potato
3245,ODOP (One District One Product),Poultry Feed Unit,"Poultry feed and products is the ODOP of Namakkal. Buy direct from growers there and sell a processed, branded product.",,poultry-farm,3,,,,odop,odop:poultry-feed-product
3246,ODOP (One District One Product),Processed Prawn & Shrimp Processing,"Processed Prawn & Shrimp is the ODOP of West Godavari District. Buy direct from growers there and sell a processed, branded product.",,seafood-processing,4,,,,odop,odop:processed-prawn-shrimp
3247,ODOP (One District One Product),Seabuckthorn Processing,Processing of Seabuckthorn (Charma) is the ODOP of Lahaul & Spiti. Work with its makers and sell their work to city and export buyers.,,handcrafted-home-decor,3,,,,odop,odop:processing-seabuckthorn-charma
3248,ODOP (One District One Product),Pulses Processing Unit,"Pulses is the ODOP of Osmanabad. Buy direct from growers there and sell a processed, branded product.",,agro-processing-unit,3,,,,odop,odop:pulse
3249,ODOP (One District One Product),Queen Pineapple Processing,"Queen Pineapple and Pineapple Based Products is the ODOP of Dhalai. Buy direct from growers there and sell a processed, branded product.",,fruit-and-vegetable-processing,3,,,,odop,odop:queen-pineapple-pineapple-based-product
3250,ODOP (One District One Product),Ragi Brand,"Ragi is the ODOP of Gumla. Buy direct from growers there and sell a processed, branded product.",,healthy-snacks-brand,2,,,,odop,odop:ragi
3251,ODOP (One District One Product),Ratlami Namkeen Brand,"Ratlami Namkeen is the ODOP of Ratlam. Buy direct from growers there and sell a processed, branded product.",,healthy-snacks-brand,3,,,,odop,odop:ratlami-namkeen
3252,ODOP (One District One Product),Ready-made Garment Manufacturing,Ready-made Garment Manufacturing is the ODOP of Bengaluru (Bangalore) Rural. Work with its makers and sell their work to city and export buyers.,,d2c-apparel-brand,4,,,,odop,odop:ready-made-garment-manufacturing
3253,ODOP (One District One Product),Readymade Clothes/garments,Readymade clothes/garments is the ODOP of Shahdara. Work with its makers and sell their work to city and export buyers.,,d2c-apparel-brand,3,,,,odop,odop:readymade-clothe-garment
3254,ODOP (One District One Product),Red Rice Processing Unit,"Red Rice is the ODOP of Dhemaji, Uttarkashi. Buy direct from growers there and sell a processed, branded product.",,agro-processing-unit,3,,,,odop,odop:red-rice
3255,ODOP (One District One Product),Poha & Rice Products,"Rice based products - poha etc is the ODOP of Baloda bazar. Buy direct from growers there and sell a processed, branded product.",,agro-processing-unit,2,,,,odop,odop:rice-based-product-poha-etc
3256,ODOP (One District One Product),Jiraphul Rice Brand,"Rice- Jiraphul, Bisni etc is the ODOP of Balrampur. Buy direct from growers there and sell a processed, branded product.",,agro-processing-unit,3,,,,odop,odop:rice-jiraphul-bisni-etc
3257,ODOP (One District One Product),Rim And Axle And Iron Work,Rim and Axle and Iron Work is the ODOP of Shamli. Work with its makers and sell their work to city and export buyers.,,light-engineering-unit,3,,,,odop,odop:rim-axle-iron-work
3258,ODOP (One District One Product),Risha Weaves,Risha is the ODOP of Gomati. Work with its makers and sell their work to city and export buyers.,,handloom-textiles-brand,3,,,,odop,odop:risha
3259,ODOP (One District One Product),Saffron Brand,"Saffron is the ODOP of Kishtwar, Pulwama. Buy direct from growers there and sell a processed, branded product.",,spice-processing-unit,3,,,,odop,odop:saffron
3260,ODOP (One District One Product),Saharanpur Wood Craft,Saharanpur Wood Craft is the ODOP of Saharanpur. Work with its makers and sell their work to city and export buyers.,,handcrafted-home-decor,2,,,,odop,odop:saharanpur-wood-craft
3261,ODOP (One District One Product),Sal Leaf Based Products,Sal leaf based products is the ODOP of Jhargram. Work with its makers and sell their work to city and export buyers.,,eco-friendly-products-brand,2,,,,odop,odop:sal-leaf-based-product
3262,ODOP (One District One Product),Sambalpuri Bandha Saree,Sambalpuri Bandha Saree is the ODOP of Sambalpur. Work with its makers and sell their work to city and export buyers.,,handloom-textiles-brand,2,,,,odop,odop:sambalpuri-bandha-saree
3263,ODOP (One District One Product),Sandstone Products,Sandstone products is the ODOP of Karauli. Work with its makers and sell their work to city and export buyers.,,stone-and-marble-products,3,,,,odop,odop:sandstone-product
3264,ODOP (One District One Product),Sandstone Tiles,Sandstone Tiles is the ODOP of Gwalior. Work with its makers and sell their work to city and export buyers.,,stone-and-marble-products,3,,,,odop,odop:sandstone-tile
3265,ODOP (One District One Product),Sandur Lambani Embroidery,Sandur Lambani Embroidery is the ODOP of Vijayanagara. Work with its makers and sell their work to city and export buyers.,,handloom-textiles-brand,1,,,,odop,odop:sandur-lambani-embroidery
3266,ODOP (One District One Product),Sanitary Fittings Unit,Sanitary Fittings is the ODOP of Mathura. Work with its makers and sell their work to city and export buyers.,,light-engineering-unit,3,,,,odop,odop:sanitary-fitting
3267,ODOP (One District One Product),Sankheda Furniture,Sankheda furniture is the ODOP of Chhota Udaipur. Work with its makers and sell their work to city and export buyers.,,furniture-workshop,3,,,,odop,odop:sankheda-furniture
3268,ODOP (One District One Product),Santiniketan Leather Goods,Santiniketan Leather goods is the ODOP of Birbhum. Work with its makers and sell their work to city and export buyers.,,leather-goods-workshop,3,,,,odop,odop:santiniketan-leather-good
3269,ODOP (One District One Product),Scented Rice Brand,"Scented and Glutonious Rice is the ODOP of Cachar. Buy direct from growers there and sell a processed, branded product.",,agro-processing-unit,3,,,,odop,odop:scented-glutoniou-rice
3270,ODOP (One District One Product),Scientific Equipment,Scientific Equipment is the ODOP of Ambala. Work with its makers and sell their work to city and export buyers.,,light-engineering-unit,3,,,,odop,odop:scientific-equipment
3271,ODOP (One District One Product),Seafood Cluster Processing,"Seafood Cluster is the ODOP of Visakhapatnam. Buy direct from growers there and sell a processed, branded product.",,seafood-processing,4,,,,odop,odop:seafood-cluster
3272,ODOP (One District One Product),Shazar Stone Craft,Shazar Stone Craft is the ODOP of Banda. Work with its makers and sell their work to city and export buyers.,,handcrafted-home-decor,2,,,,odop,odop:shazar-stone-craft
3273,ODOP (One District One Product),Shidlagatta Silk And Raw Silk Based Sarees,Shidlagatta silk and Raw Silk based sarees is the ODOP of Chikkaballapura. Work with its makers and sell their work to city and export buyers.,,handloom-textiles-brand,3,,,,odop,odop:shidlagatta-silk-raw-silk-based-saree
3274,ODOP (One District One Product),Shrimp Processing,"Shrimp is the ODOP of Dr. B. R. Ambedkar Konaseema. Buy direct from growers there and sell a processed, branded product.",,seafood-processing,4,,,,odop,odop:shrimp
3275,ODOP (One District One Product),Siddipet Gollabama,Siddipet Gollabama is the ODOP of Siddipet. Work with its makers and sell their work to city and export buyers.,,handloom-textiles-brand,2,,,,odop,odop:siddipet-gollabama
3276,ODOP (One District One Product),Silk Carpet,Silk Carpet (Hand Knotted Carpet) is the ODOP of Srinagar. Work with its makers and sell their work to city and export buyers.,,handloom-textiles-brand,3,,,,odop,odop:silk-carpet-hand-knotted-carpet
3277,ODOP (One District One Product),Silk Products,Silk Products is the ODOP of Varanasi. Work with its makers and sell their work to city and export buyers.,,handloom-textiles-brand,2,,,,odop,odop:silk-product
3278,ODOP (One District One Product),Silver Filigree,Silverfiligree is the ODOP of Karimnager. Work with its makers and sell their work to city and export buyers.,,jewellery-brand,2,,,,odop,odop:silver-filigree
3279,ODOP (One District One Product),Silver Jewellery,"Silver Jewellery is the ODOP of Ramgarh, Salem. Work with its makers and sell their work to city and export buyers.",,jewellery-brand,3,,,,odop,odop:silver-jewellery
3280,ODOP (One District One Product),Single Ikat Weaving,Single Ikat weaving is the ODOP of Surendranagar. Work with its makers and sell their work to city and export buyers.,,handloom-textiles-brand,2,,,,odop,odop:single-ikat-weaving
3281,ODOP (One District One Product),Sital Pati & Its Products,Sital pati & its products is the ODOP of Cooch Behar. Work with its makers and sell their work to city and export buyers.,,eco-friendly-products-brand,1,,,,odop,odop:sital-pati-its-product
3282,ODOP (One District One Product),Sohrai Painting,Sohrai Painting is the ODOP of Hazaribagh. Work with its makers and sell their work to city and export buyers.,,handcrafted-home-decor,2,,,,odop,odop:sohrai-painting
3283,ODOP (One District One Product),Solapur Terry Towel,Solapur Terry Towel is the ODOP of Solapur. Work with its makers and sell their work to city and export buyers.,,handloom-textiles-brand,3,,,,odop,odop:solapur-terry-towel
3284,ODOP (One District One Product),Sonamukhi Products,Sonamukhi Products is the ODOP of Phalodi. Work with its makers and sell their work to city and export buyers.,,eco-friendly-products-brand,3,,,,odop,odop:sonamukhi-product
3285,ODOP (One District One Product),Soyabean Processing Unit,"Soyabean is the ODOP of Khairagarh-Chhuikhadan-Gandai, Manpur-Mohla- Ambagad Chowki, Rajnandgaon and 2 more. Buy direct from growers there and sell a processed, branded product.",,agro-processing-unit,3,,,,odop,odop:soya-bean
3286,ODOP (One District One Product),Srikalahasthi Kalamkari,Srikalahasthi Kalamkari fabrics/Handicrafts is the ODOP of Tirupati. Work with its makers and sell their work to city and export buyers.,,handcrafted-home-decor,3,,,,odop,odop:srikalahasthi-kalamkari-fabric-handicraft
3287,ODOP (One District One Product),Slate Stone Tiles,Stale stone tiles is the ODOP of Tonk. Work with its makers and sell their work to city and export buyers.,,stone-and-marble-products,4,,,,odop,odop:stale-stone-tile
3288,ODOP (One District One Product),Steel Furniture,"Steel Furniture is the ODOP of Mandi, North 24 Parganas. Work with its makers and sell their work to city and export buyers.",,furniture-workshop,3,,,,odop,odop:steel-furniture
3289,ODOP (One District One Product),Stone Based Products,"Stone Based Products is the ODOP of Deeg, Dholpur. Work with its makers and sell their work to city and export buyers.",,stone-and-marble-products,4,,,,odop,odop:stone-based-product
3290,ODOP (One District One Product),Stone Carved Products,Stone carved products is the ODOP of Kurnool. Work with its makers and sell their work to city and export buyers.,,handcrafted-home-decor,2,,,,odop,odop:stone-carved-product
3291,ODOP (One District One Product),Strawberries Processing,"Strawberries is the ODOP of Satara. Buy direct from growers there and sell a processed, branded product.",,fruit-and-vegetable-processing,3,,,,odop,odop:strawberrie
3292,ODOP (One District One Product),Sugarcane Brand,"Sugarcane is the ODOP of Gopalganj. Buy direct from growers there and sell a processed, branded product.",,honey-and-organic-produce,3,,,,odop,odop:sugarcane
3293,ODOP (One District One Product),Sweet Orange Processing,"Sweet Orange is the ODOP of Jalna. Buy direct from growers there and sell a processed, branded product.",,fruit-and-vegetable-processing,3,,,,odop,odop:sweet-orange
3294,ODOP (One District One Product),Tangail & Jamdani Sarees,"Tangail, Jamdani Saree & Shantipore Saree is the ODOP of Nadia. Work with its makers and sell their work to city and export buyers.",,handloom-textiles-brand,2,,,,odop,odop:tangail-jamdani-saree-shantipore-saree
3295,ODOP (One District One Product),Tarkashi Art,Tarkashi Art is the ODOP of Mainpuri. Work with its makers and sell their work to city and export buyers.,,handcrafted-home-decor,2,,,,odop,odop:tarakashi-art
3296,ODOP (One District One Product),Tasar Silk,Tasar Silk is the ODOP of Godda. Work with its makers and sell their work to city and export buyers.,,handloom-textiles-brand,3,,,,odop,odop:tasar-silk
3297,ODOP (One District One Product),Tea Brand,"Tea is the ODOP of Biswanath, South Sikkim (Namchi), Unakoti and 1 more. Buy direct from growers there and sell a processed, branded product.",,beverage-brand,4,,,,odop,odop:tea
3298,ODOP (One District One Product),Teak Furniture,Teak is the ODOP of Betul. Work with its makers and sell their work to city and export buyers.,,furniture-workshop,4,,,,odop,odop:teak
3299,ODOP (One District One Product),Terracotta Crafts,"Terracotta is the ODOP of Angul, Kendujhar (Keonjhar). Work with its makers and sell their work to city and export buyers.",,pottery-studio,2,,,,odop,odop:terracotta
3300,ODOP (One District One Product),Home Textiles,Textiles - Home Made Ups is the ODOP of Karur. Work with its makers and sell their work to city and export buyers.,,handloom-textiles-brand,3,,,,odop,odop:textile-home-made-ups
3301,ODOP (One District One Product),Towel Manufacturing,Textile-Towels is the ODOP of Barnala. Work with its makers and sell their work to city and export buyers.,,handloom-textiles-brand,2,,,,odop,odop:textile-towel
3302,ODOP (One District One Product),Thewa Jewellery,Thewa Jewellery is the ODOP of Pratapgarh. Work with its makers and sell their work to city and export buyers.,,jewellery-brand,3,,,,odop,odop:thewa-jewellery
3303,ODOP (One District One Product),Tomato Processing,"Tomato is the ODOP of Saran, Koriya, Manendragarh- Chirmiri- Bharatpur and 3 more. Buy direct from growers there and sell a processed, branded product.",,fruit-and-vegetable-processing,3,,,,odop,odop:tomato
3304,ODOP (One District One Product),Toor Dal Processing Unit,"Toor Dal is the ODOP of Kalaburagi (Gulbarga), Narsinghpur. Buy direct from growers there and sell a processed, branded product.",,agro-processing-unit,3,,,,odop,odop:toor-dal
3305,ODOP (One District One Product),Medical & Religious Tourism,Tourism (Medical & Religious) is the ODOP of South. Work with its makers and sell their work to city and export buyers.,,local-tour-guide,4,,,,odop,odop:tourism-medical-religiou
3306,ODOP (One District One Product),Laiphadibi Dolls,Toys- Laiphadibi is the ODOP of Imphal West. Work with its makers and sell their work to city and export buyers.,,toys-and-games-brand,2,,,,odop,odop:toy-laiphadibi
3307,ODOP (One District One Product),Tractor & Parts,Tractor & parts is the ODOP of Hoshiarpur. Work with its makers and sell their work to city and export buyers.,,light-engineering-unit,4,,,,odop,odop:tractor-part
3308,ODOP (One District One Product),Tripura Silk,Tripura Silk is the ODOP of Sepahijala. Work with its makers and sell their work to city and export buyers.,,handloom-textiles-brand,3,,,,odop,odop:tripura-silk
3309,ODOP (One District One Product),Trout Fish Processing,"Trout Fish is the ODOP of Anantnag. Buy direct from growers there and sell a processed, branded product.",,seafood-processing,3,,,,odop,odop:trout-fish
3310,ODOP (One District One Product),Tulai Panji Rice Processing Unit,"Tulai Panji Rice (Aromatic Rice) is the ODOP of Uttar Dinajpur (North Dinajpur). Buy direct from growers there and sell a processed, branded product.",,agro-processing-unit,2,,,,odop,odop:tulai-panji-rice-aromatic-rice
3311,ODOP (One District One Product),Turmeric Brand,"Turmeric is the ODOP of Lower Siang, Namsai, Papum Pare and 10 more. Buy direct from growers there and sell a processed, branded product.",,spice-processing-unit,3,,,,odop,odop:turmeric
3312,ODOP (One District One Product),Udayagiri Wooden Cutlery,Udayagiri Wooden Cutlery is the ODOP of SPSR Nellore. Work with its makers and sell their work to city and export buyers.,,handcrafted-home-decor,2,,,,odop,odop:udayagiri-wooden-cutlery
3313,ODOP (One District One Product),Uppada Jamdani Sarees,Uppada Jamdani Sarees is the ODOP of Kakinada. Work with its makers and sell their work to city and export buyers.,,handloom-textiles-brand,3,,,,odop,odop:uppada-jamdani-saree
3314,ODOP (One District One Product),Vegetable Oil Brand,"Vegetable Oil is the ODOP of Sangrur. Buy direct from growers there and sell a processed, branded product.",,cold-pressed-oil-mill,4,,,,odop,odop:vegetable-oil
3315,ODOP (One District One Product),Venkatagiri Sarees,Venkatagiri Sarees is the ODOP of Chittoor. Work with its makers and sell their work to city and export buyers.,,handloom-textiles-brand,3,,,,odop,odop:venkatagiri-saree
3316,ODOP (One District One Product),Vonipenta Brass,Vonipenta Brass is the ODOP of YSR Kadapa. Work with its makers and sell their work to city and export buyers.,,handcrafted-home-decor,3,,,,odop,odop:vonipenta-bras
3317,ODOP (One District One Product),Walnut Processing Unit,"Walnut is the ODOP of Kupwara, Rajouri. Buy direct from growers there and sell a processed, branded product.",,agro-processing-unit,3,,,,odop,odop:walnut
3318,ODOP (One District One Product),Wangkhei Phee,Wangkhei Phee is the ODOP of Imphal East. Work with its makers and sell their work to city and export buyers.,,handloom-textiles-brand,2,,,,odop,odop:wangkhei-phee
3319,ODOP (One District One Product),Warangal Durries,Warangal Durries is the ODOP of Warangal Rural. Work with its makers and sell their work to city and export buyers.,,handloom-textiles-brand,2,,,,odop,odop:warangal-durrie
3320,ODOP (One District One Product),Watermelon Processing,"Watermelon is the ODOP of Deogarh. Buy direct from growers there and sell a processed, branded product.",,fruit-and-vegetable-processing,3,,,,odop,odop:watermelon
3321,ODOP (One District One Product),Wheat Stalk Handicrafts,Wheat Stalk Handicrafts is the ODOP of Bahraich. Work with its makers and sell their work to city and export buyers.,,handcrafted-home-decor,2,,,,odop,odop:wheat-stalk-handicraft
3322,ODOP (One District One Product),Wicker Willow,Wicker Willow is the ODOP of Ganderbal. Work with its makers and sell their work to city and export buyers.,,eco-friendly-products-brand,2,,,,odop,odop:wicker-willow
3323,ODOP (One District One Product),Temple Woodcraft,Wood crafts/Temple imitiation is the ODOP of Rudraprayag. Work with its makers and sell their work to city and export buyers.,,handcrafted-home-decor,2,,,,odop,odop:wood-craft-temple-imitiation
3324,ODOP (One District One Product),Wood Carving,Wooden Carving is the ODOP of Shivamogga. Work with its makers and sell their work to city and export buyers.,,handcrafted-home-decor,3,,,,odop,odop:wooden-carving
3325,ODOP (One District One Product),Wooden Mask & Wall Hanging,Wooden Mask & Wall Hanging is the ODOP of Dakshin Dinajpur. Work with its makers and sell their work to city and export buyers.,,handcrafted-home-decor,2,,,,odop,odop:wooden-mask-wall-hanging
3326,ODOP (One District One Product),Wooden Toys And Handicraft,Wooden Toys and Handicraft is the ODOP of Sehore. Work with its makers and sell their work to city and export buyers.,,toys-and-games-brand,2,,,,odop,odop:wooden-toy-handicraft
3327,ODOP (One District One Product),Woollen Carpets,Woollen Carpets (Dari) is the ODOP of Jaunpur. Work with its makers and sell their work to city and export buyers.,,handloom-textiles-brand,3,,,,odop,odop:woollen-carpet-dari
3328,ODOP (One District One Product),Woollen Products,Woollen Product is the ODOP of Pithoragarh. Work with its makers and sell their work to city and export buyers.,,handloom-textiles-brand,3,,,,odop,odop:woollen-product
3329,ODOP (One District One Product),Yellow Stone Products,Yellow Stone Products is the ODOP of Jaisalmer. Work with its makers and sell their work to city and export buyers.,,stone-and-marble-products,3,,,,odop,odop:yellow-stone-product
3330,ODOP (One District One Product),Zari Silk Sarees,Zari Silk Sarees is the ODOP of Lalitpur. Work with its makers and sell their work to city and export buyers.,,handloom-textiles-brand,3,,,,odop,odop:zari-silk-saree
3331,ODOP (One District One Product),Zari Zardozi Work,"Zari Zardosi is the ODOP of Bhopal, Bareilly, Budaun and 4 more. Work with its makers and sell their work to city and export buyers.",,handloom-textiles-brand,2,,,,odop,odop:zari-zardozi
3332,ODOP (One District One Product),Zinc Utensils,Zinc Utensils is the ODOP of Kanpur Dehat. Work with its makers and sell their work to city and export buyers.,,handcrafted-home-decor,2,,,,odop,odop:zinc-utensil
2001,Shark Tank India,Frozen Momos,"Inspired by Blue Pine Foods from Delhi, who pitched this on Shark Tank India (S1 E1) and got ₹75L for 16%.",,frozen-and-ready-to-cook-foods,,,,,sharktank,S1E1P1
2002,Shark Tank India,E-Bike Rental for Campuses,"Inspired by Booz Scooters from Ahmedabad, who pitched this on Shark Tank India (S1 E1) and got ₹40L for 50%.",,ev-charging-and-rental,,,,,sharktank,S1E1P2
2003,Shark Tank India,Detachable Sleeves,"Inspired by Heart Up My Sleeves from Delhi, who pitched this on Shark Tank India (S1 E1) and got ₹25L for 30%.",,d2c-apparel-brand,,,,,sharktank,S1E1P3
2004,Shark Tank India,Healthy Potato Chips,"Inspired by Tagz Foods from Bangalore, who pitched this on Shark Tank India (S1 E2) and got ₹70L for 2.75%.",,healthy-snacks-brand,,,,,sharktank,S1E2P4
2005,Shark Tank India,Brain Development Course,"Inspired by Head And Heart from Patiala, who pitched this on Shark Tank India (S1 E2) and asked ₹50L, no deal.",,kids-enrichment-classes,,,,,sharktank,S1E2P5
2006,Shark Tank India,Food Freshness Detector,"Inspired by q Zense Labs from Delhi, who pitched this on Shark Tank India (S1 E3) and asked ₹1 Cr, no deal.",,agritech-devices,,,,,sharktank,S1E3P7
2007,Shark Tank India,Disposable Urine Bags,"Inspired by Peeschute from Jalna, who pitched this on Shark Tank India (S1 E3) and got ₹75L for 6%.",,personal-care-brand,,,,,sharktank,S1E3P8
2008,Shark Tank India,Energy Drink,"Inspired by NOCD from Bangalore, who pitched this on Shark Tank India (S1 E3) and got ₹20L for 15%.",,beverage-brand,,,,,sharktank,S1E3P9
2009,Shark Tank India,Science-Led Skincare Brand,"Inspired by Cos IQ from Delhi, who pitched this on Shark Tank India (S1 E4) and got ₹50L for 25%.",,personal-care-brand,,,,,sharktank,S1E4P10
2010,Shark Tank India,Underwear Brand,"Inspired by Bummer from Ahmedabad, who pitched this on Shark Tank India (S1 E4) and got ₹75L for 7.5%.",,d2c-apparel-brand,,,,,sharktank,S1E4P12
2011,Shark Tank India,Electric Bike Brand,"Inspired by Revamp Moto from Nashik, who pitched this on Shark Tank India (S1 E5) and got ₹1 Cr for 1.5%.",,ev-assembly,,,,,sharktank,S1E5P13
2012,Shark Tank India,Maggi Cafe,"Inspired by Hungry Head from Mumbai, who pitched this on Shark Tank India (S1 E5) and asked ₹50L, no deal.",,quick-service-food-outlet,,,,,sharktank,S1E5P14
2013,Shark Tank India,Belly Button Shaper,"Inspired by Shrawani Engineers from Nagpur, who pitched this on Shark Tank India (S1 E5) and asked ₹20L, no deal.",,personal-care-brand,,,,,sharktank,S1E5P15
2014,Shark Tank India,Ice-Pops Brand,"Inspired by Skippi Ice Pops from Hyderabad, who pitched this on Shark Tank India (S1 E6) and got ₹1 Cr for 15%.",,ice-cream-and-desserts-brand,,,,,sharktank,S1E6P16
2015,Shark Tank India,Menstrual Awareness Comic,"Inspired by Menstrupedia from Ahmedabad, who pitched this on Shark Tank India (S1 E6) and got ₹50L for 20%.",,publishing-and-comics,,,,,sharktank,S1E6P17
2016,Shark Tank India,Anti-Pollution Fabric,"Inspired by Hecoll from Hyderabad, who pitched this on Shark Tank India (S1 E6) and asked ₹1 Cr, no deal.",,industrial-solutions,,,,,sharktank,S1E6P18
2017,Shark Tank India,Child Development App,"Inspired by Raising Superstars from Gurgaon, who pitched this on Shark Tank India (S1 E7) and got ₹1 Cr for 4%.",,edtech-startup,,,,,sharktank,S1E7P19
2018,Shark Tank India,Gadgets For Visually Impaired People,"Inspired by Torch-it from Ahmedabad, who pitched this on Shark Tank India (S1 E7) and asked ₹75L, no deal.",,medical-devices-startup,,,,,sharktank,S1E7P20
2019,Shark Tank India,Anti-Bullying Reporting App,"Inspired by Kavach from Gurgaon, who pitched this on Shark Tank India (S1 E7) and got ₹5L for 10%.",,edtech-startup,,,,,sharktank,S1E7P21
2020,Shark Tank India,Flavoured Kheer Brand,"Inspired by La Kheer Deli from Pune, who pitched this on Shark Tank India (S1 E7) and asked ₹50L, no deal.",,ice-cream-and-desserts-brand,,,,,sharktank,S1E7P22
2021,Shark Tank India,Kerala Banana Chips,"Inspired by Beyond Snack from Thiruvananthapuram, who pitched this on Shark Tank India (S1 E8) and got ₹50L for 2.5%.",,healthy-snacks-brand,,,,,sharktank,S1E8P23
2022,Shark Tank India,Easy Life Prickless Diabetes Testing Machine,"Inspired by Vivalyf Innovations from Hyderabad, who pitched this on Shark Tank India (S1 E8) and got ₹56L for 33.33%.",,medical-devices-startup,,,,,sharktank,S1E8P24
2023,Shark Tank India,Smart Electric Motorcycle,"Inspired by Motion Breeze from Vadodara, who pitched this on Shark Tank India (S1 E8) and got ₹30L for 6%.",,ev-assembly,,,,,sharktank,S1E8P25
2024,Shark Tank India,Smart Helmets,"Inspired by Altor from Kolkata, who pitched this on Shark Tank India (S1 E9) and got ₹50L for 7%.",,safety-and-security-devices,,,,,sharktank,S1E9P26
2025,Shark Tank India,Healthy Staples Brand,"Inspired by Kabira Handmad from Jaipur, who pitched this on Shark Tank India (S1 E9) and asked ₹1 Cr, no deal.",,spice-processing-unit,,,,,sharktank,S1E9P28
2026,Shark Tank India,Male Intimate Hygiene Deo Spray,"Inspired by Nuutjob from Ahmedabad, who pitched this on Shark Tank India (S1 E10) and got ₹25L for 20%.",,personal-care-brand,,,,,sharktank,S1E10P29
2027,Shark Tank India,Student Community App,"Inspired by Event Beep from Pune, who pitched this on Shark Tank India (S1 E10) and got ₹30L for 3%.",,edtech-startup,,,,,sharktank,S1E10P31
2028,Shark Tank India,Fiber Ice Cream,"Inspired by Gopal's56 from Delhi, who pitched this on Shark Tank India (S1 E11) and asked ₹300 Cr, no deal.",,ice-cream-and-desserts-brand,,,,,sharktank,S1E11P32
2029,Shark Tank India,Wall Building Surface Textures,"Inspired by ARRCOATSurface Textures from Delhi, who pitched this on Shark Tank India (S1 E11) and got ₹50L for 15%.",,home-painting-contractor,,,,,sharktank,S1E11P33
2030,Shark Tank India,Customised Streetwear,"Inspired by Farda from Nagpur, who pitched this on Shark Tank India (S1 E11) and got ₹30L for 20%.",,d2c-apparel-brand,,,,,sharktank,S1E11P34
2031,Shark Tank India,Ayurvedic Skincare & Lifestyle Brand,"Inspired by Auli from Kolkata, who pitched this on Shark Tank India (S1 E12) and got ₹75L for 15%.",,personal-care-brand,,,,,sharktank,S1E12P35
2032,Shark Tank India,Indian Sweets,"Inspired by Swee Desi from Pune, who pitched this on Shark Tank India (S1 E12) and asked ₹40L, no deal.",,sweet-shop,,,,,sharktank,S1E12P36
2033,Shark Tank India,Metaverse App,"Inspired by LOKA from Delhi, who pitched this on Shark Tank India (S1 E12) and got ₹40L for 24%.",,gaming-and-esports,,,,,sharktank,S1E12P37
2034,Shark Tank India,Braille Literacy Device,"Inspired by Annie from Bangalore, who pitched this on Shark Tank India (S1 E13) and got ₹1.05 Cr for 3%.",,medical-devices-startup,,,,,sharktank,S1E13P38
2035,Shark Tank India,Eco-Friendly Boxes,"Inspired by Carragreen from Indore, who pitched this on Shark Tank India (S1 E13) and got ₹50L for 20%.",,eco-friendly-products-brand,,,,,sharktank,S1E13P39
2036,Shark Tank India,B2B Yarn Trading Marketplace,"Inspired by The Yarn Bazaar from Mumbai, who pitched this on Shark Tank India (S1 E13) and got ₹1 Cr for 10%.",,b2b-marketplace,,,,,sharktank,S1E13P40
2037,Shark Tank India,Home Dialysis Treatment,"Inspired by The Renal Project from Mumbai, who pitched this on Shark Tank India (S1 E14) and got ₹1 Cr for 6%.",,medical-devices-startup,,,,,sharktank,S1E14P41
2038,Shark Tank India,Healthy Indian Snacks,"Inspired by Morriko Pure Foods from Valsad, who pitched this on Shark Tank India (S1 E14) and asked ₹1 Cr, no deal.",,healthy-snacks-brand,,,,,sharktank,S1E14P42
2039,Shark Tank India,Digital Piggy Bank,"Inspired by Good Good Piggy from Delhi, who pitched this on Shark Tank India (S1 E14) and asked ₹45L, no deal.",,fintech-startup,,,,,sharktank,S1E14P43
2040,Shark Tank India,Smart Audio Products,"Inspired by Hammer Lifestyle from Panipat, who pitched this on Shark Tank India (S1 E15) and got ₹1 Cr for 40%.",,consumer-gadgets-brand,,,,,sharktank,S1E15P44
2041,Shark Tank India,Coconut Water Franchise,"Inspired by Cocofit from Hyderabad, who pitched this on Shark Tank India (S1 E15) and got ₹5e-05L for 5%.",,beverage-brand,,,,,sharktank,S1E15P46
2042,Shark Tank India,Dog Hygiene Products,"Inspired by Flying Fur from Delhi, who pitched this on Shark Tank India (S1 E16) and asked ₹75L, no deal.",,pet-grooming,,,,,sharktank,S1E16P48
2043,Shark Tank India,Liquid Water Enhancer,"Inspired by Beyond Water from Kolkata, who pitched this on Shark Tank India (S1 E16) and got ₹75L for 15%.",,beverage-brand,,,,,sharktank,S1E16P49
2044,Shark Tank India,Sneaker Resale,"Inspired by Find Your Kicks India from Ludhiana, who pitched this on Shark Tank India (S1 E17) and got ₹50L for 25%.",,sneaker-and-streetwear-resale,,,,,sharktank,S1E17P51
2045,Shark Tank India,EdTech App,"Inspired by Aas Vidyalaya from Mumbai, who pitched this on Shark Tank India (S1 E17) and got ₹1.5 Cr for 15%.",,edtech-startup,,,,,sharktank,S1E17P52
2046,Shark Tank India,Surprise Planning Service,"Inspired by Outbox from Kolkata, who pitched this on Shark Tank India (S1 E17) and asked ₹50L, no deal.",,event-planning,,,,,sharktank,S1E17P53
2047,Shark Tank India,Pothole Detection Software And Data,"Inspired by Road Bounce from Pune, who pitched this on Shark Tank India (S1 E17) and got ₹80L for 20%.",,b2b-saas-startup,,,,,sharktank,S1E17P54
2048,Shark Tank India,Thin Crust Pizza,"Inspired by Mommy's Kitchen from Mumbai, who pitched this on Shark Tank India (S1 E18) and asked ₹90L, no deal.",,quick-service-food-outlet,,,,,sharktank,S1E18P55
2049,Shark Tank India,Hemp Food Products,"Inspired by India Hempand Co from Bangalore, who pitched this on Shark Tank India (S1 E18) and asked ₹50L, no deal.",,traditional-health-foods,,,,,sharktank,S1E18P56
2050,Shark Tank India,Electric Auto-Rickshaw,"Inspired by Otua from Gurgaon, who pitched this on Shark Tank India (S1 E18) and got ₹1L for 1%.",,ev-assembly,,,,,sharktank,S1E18P57
2051,Shark Tank India,Leather-free Shoes,"Inspired by Ethik from Bangalore, who pitched this on Shark Tank India (S1 E19) and asked ₹15L, no deal.",,footwear-brand,,,,,sharktank,S1E19P59
2052,Shark Tank India,Livestock Health Monitoring Tags,"Inspired by We STOCK from Ernakulam, who pitched this on Shark Tank India (S1 E19) and got ₹60L for 10%.",,agritech-devices,,,,,sharktank,S1E19P60
2053,Shark Tank India,Medical Keto Diet Plans,"Inspired by Keto India from Delhi, who pitched this on Shark Tank India (S1 E19) and asked ₹1.5 Cr, no deal.",,nutrition-coaching,,,,,sharktank,S1E19P61
2054,Shark Tank India,LPG Cylinder Lock,"Inspired by Magiclock from Mumbai, who pitched this on Shark Tank India (S1 E19) and asked ₹1.2 Cr, no deal.",,safety-and-security-devices,,,,,sharktank,S1E19P62
2055,Shark Tank India,Comics & Animation,"Inspired by Bakarmax from Delhi, who pitched this on Shark Tank India (S1 E20) and asked ₹35L, no deal.",,video-editing-service,,,,,sharktank,S1E20P64
2056,Shark Tank India,Can Cocktails,"Inspired by INACAN from Pune, who pitched this on Shark Tank India (S1 E20) and got ₹1 Cr for 10%.",,beverage-brand,,,,,sharktank,S1E20P65
2057,Shark Tank India,Sugar-Free Icecream,"Inspired by Get-A-Whey from Mumbai, who pitched this on Shark Tank India (S1 E21) and got ₹1 Cr for 15%.",,ice-cream-and-desserts-brand,,,,,sharktank,S1E21P66
2058,Shark Tank India,Customised Apparels,"Inspired by The Quirky Naari from Mathura, who pitched this on Shark Tank India (S1 E21) and got ₹35L for 24%.",,d2c-apparel-brand,,,,,sharktank,S1E21P68
2059,Shark Tank India,Natural Hair Extensions,"Inspired by Hair Originals from Gurgaon, who pitched this on Shark Tank India (S1 E22) and got ₹60L for 4%.",,personal-care-brand,,,,,sharktank,S1E22P69
2060,Shark Tank India,Toilet Spray With Essential Oils,"Inspired by Poo-de-Cologne from Mumbai, who pitched this on Shark Tank India (S1 E22) and asked ₹75L, no deal.",,personal-care-brand,,,,,sharktank,S1E22P70
2061,Shark Tank India,Meads Brand,"Inspired by Moonshine from Mumbai, who pitched this on Shark Tank India (S1 E22) and asked ₹80L, no deal.",,beverage-brand,,,,,sharktank,S1E22P71
2062,Shark Tank India,Fresh Fruits Salads,"Inspired by Falhari from Gurgaon, who pitched this on Shark Tank India (S1 E22) and asked ₹50L, no deal.",,juice-and-shake-bar,,,,,sharktank,S1E22P72
2063,Shark Tank India,Ayurvedic Enriched Food,"Inspired by Namhya Foods from Jammu, who pitched this on Shark Tank India (S1 E23) and got ₹50L for 10%.",,healthy-snacks-brand,,,,,sharktank,S1E23P73
2064,Shark Tank India,Streetwear Brand,"Inspired by Urban Monkey from Mumbai, who pitched this on Shark Tank India (S1 E23) and asked ₹1 Cr, no deal.",,d2c-apparel-brand,,,,,sharktank,S1E23P74
2065,Shark Tank India,Motorcycle Luggage Bags,"Inspired by Guardian Gears from Hyderabad, who pitched this on Shark Tank India (S1 E23) and asked ₹30L, no deal.",,bags-and-accessories-brand,,,,,sharktank,S1E23P75
2066,Shark Tank India,Gift Soaps,"Inspired by The Sass Bar from Mumbai, who pitched this on Shark Tank India (S1 E24) and got ₹50L for 35%.",,handmade-soap-and-cosmetics,,,,,sharktank,S1E24P77
2067,Shark Tank India,Home-Style Food Delivery,"Inspired by Nuskha Kitchen from Jaipur, who pitched this on Shark Tank India (S1 E24) and asked ₹20L, no deal.",,cloud-kitchen,,,,,sharktank,S1E24P79
2068,Shark Tank India,Dog Products,"Inspired by Paws India from Mumbai, who pitched this on Shark Tank India (S1 E25) and got ₹50L for 15%.",,pet-grooming,,,,,sharktank,S1E25P80
2069,Shark Tank India,Portable ECG Device,"Inspired by Sunfox Technologies from Dehradun, who pitched this on Shark Tank India (S1 E25) and got ₹1 Cr for 6%.",,medical-devices-startup,,,,,sharktank,S1E25P81
2070,Shark Tank India,Roasted Peanut Butter Products,"Inspired by Alpino from Surat, who pitched this on Shark Tank India (S1 E25) and asked ₹1.5 Cr, no deal.",,healthy-snacks-brand,,,,,sharktank,S1E25P82
2071,Shark Tank India,Perfumes Fragrances,"Inspired by Isak Fragrances from Lucknow, who pitched this on Shark Tank India (S1 E26) and got ₹50L for 50%.",,personal-care-brand,,,,,sharktank,S1E26P83
2072,Shark Tank India,Automatic Cradle,"Inspired by Julaa Automation from Ahmedabad, who pitched this on Shark Tank India (S1 E26) and asked ₹50L, no deal.",,consumer-gadgets-brand,,,,,sharktank,S1E26P84
2073,Shark Tank India,Ventilated PPE Kits,"Inspired by Watt Technovations from Pune, who pitched this on Shark Tank India (S1 E27) and got ₹0.00101L for 4%.",,medical-devices-startup,,,,,sharktank,S1E27P87
2074,Shark Tank India,Industrial Automation Solutions,"Inspired by Aliste Technologies from Noida, who pitched this on Shark Tank India (S1 E27) and asked ₹60L, no deal.",,b2b-saas-startup,,,,,sharktank,S1E27P88
2075,Shark Tank India,Insurance Claim Help Service,"Inspired by Insurance Samadhan from Noida, who pitched this on Shark Tank India (S1 E27) and got ₹1 Cr for 4%.",,insurance-agency,,,,,sharktank,S1E27P89
2076,Shark Tank India,Organic Milk A2 Products,"Inspired by Humpy A2 from Pune, who pitched this on Shark Tank India (S1 E28) and got ₹1 Cr for 15%.",,dairy-farm,,,,,sharktank,S1E28P90
2077,Shark Tank India,Kunafa Dessert Outlet,"Inspired by Kunafa World from Mangalore, who pitched this on Shark Tank India (S1 E28) and asked ₹90L, no deal.",,quick-service-food-outlet,,,,,sharktank,S1E28P91
2078,Shark Tank India,Anti-Suicidal Fan Rod,"Inspired by Gold Safe Solutions from Mumbai, who pitched this on Shark Tank India (S1 E28) and got ₹50L for 30%.",,safety-and-security-devices,,,,,sharktank,S1E28P92
2079,Shark Tank India,Stainless Steel Kitchenware,"Inspired by PDDFalcon from Gandhinagar, who pitched this on Shark Tank India (S1 E29) and asked ₹75L, no deal.",,crockery-and-kitchenware-store,,,,,sharktank,S1E29P94
2080,Shark Tank India,OTT Streaming Aggregator,"Inspired by Play Box TV from Mumbai, who pitched this on Shark Tank India (S1 E29) and asked ₹1 Cr, no deal.",,content-and-media-platform,,,,,sharktank,S1E29P95
2081,Shark Tank India,Drinking Glass Rim Shields,"Inspired by Sippline from Pune, who pitched this on Shark Tank India (S1 E30) and asked ₹75L, no deal.",,industrial-solutions,,,,,sharktank,S1E30P96
2082,Shark Tank India,Kabaddi League & App,"Inspired by Kabaddi Adda from Bangalore, who pitched this on Shark Tank India (S1 E30) and got ₹80L for 6%.",,services-marketplace-app,,,,,sharktank,S1E30P97
2083,Shark Tank India,Scholarship Platform,"Inspired by Scholify from Bangalore, who pitched this on Shark Tank India (S1 E30) and asked ₹50L, no deal.",,edtech-startup,,,,,sharktank,S1E30P99
2084,Shark Tank India,Upcycled Scrap Products,"Inspired by Scrapshala from Varanasi, who pitched this on Shark Tank India (S1 E31) and asked ₹50L, no deal.",,recycling-and-waste,,,,,sharktank,S1E31P100
2085,Shark Tank India,Vegetable Storage Device,"Inspired by Sabjikothi from Bhagalpur, who pitched this on Shark Tank India (S1 E31) and asked ₹60L, no deal.",,agritech-devices,,,,,sharktank,S1E31P101
2086,Shark Tank India,Ayurvedic Wellness App,"Inspired by Ayu Rythm from Bangalore, who pitched this on Shark Tank India (S1 E31) and got ₹75L for 2.68%.",,nutrition-supplements-brand,,,,,sharktank,S1E31P102
2087,Shark Tank India,Smart Locks,"Inspired by Astrix from Coimbatore, who pitched this on Shark Tank India (S1 E31) and asked ₹75L, no deal.",,safety-and-security-devices,,,,,sharktank,S1E31P103
2088,Shark Tank India,Proposal Planning Service,"Inspired by Thea And Sid from Mumbai, who pitched this on Shark Tank India (S1 E32) and asked ₹80L, no deal.",,event-planning,,,,,sharktank,S1E32P104
2089,Shark Tank India,Ad-Tech Display Agency,"Inspired by Experential Etc from Mumbai, who pitched this on Shark Tank India (S1 E32) and asked ₹2 Cr, no deal.",,digital-agency,,,,,sharktank,S1E32P105
2090,Shark Tank India,Rewards App,"Inspired by Grow Fitter from Mumbai, who pitched this on Shark Tank India (S1 E32) and got ₹50L for 2%.",,fintech-startup,,,,,sharktank,S1E32P106
2091,Shark Tank India,Portable Ophthalmic Vision Devices,"Inspired by C3Med-Tech from Ahmedabad, who pitched this on Shark Tank India (S1 E32) and asked ₹35L, no deal.",,medical-devices-startup,,,,,sharktank,S1E32P107
2092,Shark Tank India,Orthopaedic Insoles,"Inspired by Colour Me Mad-CMM from Mumbai, who pitched this on Shark Tank India (S1 E33) and got ₹40L for 25%.",,footwear-brand,,,,,sharktank,S1E33P108
2093,Shark Tank India,Vegan Fermented Food,"Inspired by Mavi's from Thane, who pitched this on Shark Tank India (S1 E33) and asked ₹40L, no deal.",,traditional-health-foods,,,,,sharktank,S1E33P109
2094,Shark Tank India,Virtual Reality Experiences,"Inspired by Proxgy from Delhi, who pitched this on Shark Tank India (S1 E33) and got ₹1 Cr for 10%.",,deeptech-hardware,,,,,sharktank,S1E33P111
2095,Shark Tank India,Bacon Jams & Relishes,"Inspired by Nomad Food Project from Delhi, who pitched this on Shark Tank India (S1 E34) and got ₹40L for 20%.",,pickle-and-papad-brand,,,,,sharktank,S1E34P112
2096,Shark Tank India,Reversible And Convertible Clothing,"Inspired by Twee In One from Mumbai, who pitched this on Shark Tank India (S1 E34) and asked ₹30L, no deal.",,d2c-apparel-brand,,,,,sharktank,S1E34P113
2097,Shark Tank India,Plant-Based Protein,"Inspired by Green Protein from Mumbai, who pitched this on Shark Tank India (S1 E34) and asked ₹60L, no deal.",,healthy-snacks-brand,,,,,sharktank,S1E34P114
2098,Shark Tank India,Fast-Cooking Appliance,"Inspired by On2Cook from Ahmedabad, who pitched this on Shark Tank India (S1 E34) and asked ₹1 Cr, no deal.",,consumer-gadgets-brand,,,,,sharktank,S1E34P115
2099,Shark Tank India,Lemonade Brand,"Inspired by Jain Shikanji from Modinagar, who pitched this on Shark Tank India (S1 E35) and got ₹40L for 30%.",,beverage-brand,,,,,sharktank,S1E35P116
2100,Shark Tank India,Washroom Finder,"Inspired by Woloo from Mumbai, who pitched this on Shark Tank India (S1 E35) and asked ₹50L, no deal.",,services-marketplace-app,,,,,sharktank,S1E35P117
2101,Shark Tank India,Sneaker Storage Crates,"Inspired by Snea Kare from Delhi, who pitched this on Shark Tank India (S1 E36) and got ₹21L for 12%.",,footwear-brand,,,,,sharktank,S1E36P119
2102,Shark Tank India,Content Translation Service,"Inspired by Devnagri from Delhi, who pitched this on Shark Tank India (S1 E36) and asked ₹1 Cr, no deal.",,translation-services,,,,,sharktank,S1E36P122
2103,Shark Tank India,Kids Playing Equipment,"Inspired by Wit Blox from Mumbai, who pitched this on Shark Tank India (S1 E0) and got ₹60L for 10%.",,toys-and-games-brand,,,,,sharktank,S1E0P123
2104,Shark Tank India,Packaged Drinking Water,"Inspired by Kineer from Pune, who pitched this on Shark Tank India (S1 E0) and asked ₹1 Cr, no deal.",,beverage-brand,,,,,sharktank,S1E0P124
2105,Shark Tank India,Waterless Bathing Products,"Inspired by Clensta from Delhi, who pitched this on Shark Tank India (S1 E0) and asked ₹1 Cr, no deal.",,industrial-solutions,,,,,sharktank,S1E0P126
2106,Shark Tank India,Live Insect Feed For Pets,"Inspired by Infiniti Insects from Bangalore, who pitched this on Shark Tank India (S1 E0) and asked ₹25L, no deal.",,pet-food-and-treats,,,,,sharktank,S1E0P127
2107,Shark Tank India,Outdoor Cycling Gym,"Inspired by Ashwa Pro from Jaipur, who pitched this on Shark Tank India (S1 E0) and asked ₹50L, no deal.",,gym,,,,,sharktank,S1E0P128
2108,Shark Tank India,Trendy Maternity Dresses,"Inspired by Mine4Nine from Gurgaon, who pitched this on Shark Tank India (S1 E0) and asked ₹75L, no deal.",,d2c-apparel-brand,,,,,sharktank,S1E0P129
2109,Shark Tank India,Sustainable Leather Accessories,"Inspired by Studio Beej from Mumbai, who pitched this on Shark Tank India (S1 E0) and asked ₹75L, no deal.",,bags-and-accessories-brand,,,,,sharktank,S1E0P130
2110,Shark Tank India,Superfood Snacks & Drinks,"Inspired by Sattuz from Madhubani, who pitched this on Shark Tank India (S1 E0) and asked ₹25L, no deal.",,healthy-snacks-brand,,,,,sharktank,S1E0P131
2111,Shark Tank India,Kidney Test Device,"Inspired by Scintiglo from Indore, who pitched this on Shark Tank India (S1 E0) and asked ₹75L, no deal.",,medical-devices-startup,,,,,sharktank,S1E0P132
2112,Shark Tank India,Dating App For LGBTQ,"Inspired by Glii from Noida, who pitched this on Shark Tank India (S1 E0) and asked ₹40L, no deal.",,community-and-social-app,,,,,sharktank,S1E0P133
2113,Shark Tank India,Televisions Brand,"Inspired by Stanlee India from Delhi, who pitched this on Shark Tank India (S1 E0) and asked ₹60L, no deal.",,consumer-gadgets-brand,,,,,sharktank,S1E0P134
2114,Shark Tank India,Satellite-Building Kits for Kids,"Inspired by Space Kidz India from Chennai, who pitched this on Shark Tank India (S1 E0) and asked ₹1 Cr, no deal.",,toys-and-games-brand,,,,,sharktank,S1E0P135
2115,Shark Tank India,Napping Pods,"Inspired by Urban Naps from Ahmedabad, who pitched this on Shark Tank India (S1 E0) and asked ₹50L, no deal.",,capsule-and-budget-hotel,,,,,sharktank,S1E0P136
2116,Shark Tank India,Sex Toys And Games,"Inspired by Gizmoswala from Mumbai, who pitched this on Shark Tank India (S1 E0) and asked ₹75L, no deal.",,personal-care-brand,,,,,sharktank,S1E0P137
2117,Shark Tank India,Face Recognition Based Image Sharing,"Inspired by Picsniff from Mumbai, who pitched this on Shark Tank India (S1 E0) and asked ₹55L, no deal.",,content-and-media-platform,,,,,sharktank,S1E0P139
2118,Shark Tank India,Portable Wooden Bluetooth Speakers,"Inspired by Deciwood from Delhi, who pitched this on Shark Tank India (S1 E0) and asked ₹50L, no deal.",,consumer-gadgets-brand,,,,,sharktank,S1E0P140
2119,Shark Tank India,Sports Nutrition Snacks,"Inspired by Happy Bar from Hyderabad, who pitched this on Shark Tank India (S1 E0) and asked ₹60L, no deal.",,healthy-snacks-brand,,,,,sharktank,S1E0P141
2120,Shark Tank India,Online Puja & Daan Services,"Inspired by Tathastulive from Ahmedabad, who pitched this on Shark Tank India (S1 E0) and asked ₹50L, no deal.",,pooja-and-incense-products,,,,,sharktank,S1E0P142
2121,Shark Tank India,Bra Fitting Service,"Inspired by Bandsand Cups from Chennai, who pitched this on Shark Tank India (S1 E0) and asked ₹40L, no deal.",,beauty-salon,,,,,sharktank,S1E0P143
2122,Shark Tank India,Pocket Microscopes,"Inspired by The Iris from Bangalore, who pitched this on Shark Tank India (S1 E0) and asked ₹10L, no deal.",,toys-and-games-brand,,,,,sharktank,S1E0P145
2123,Shark Tank India,Juice Making Machine,"Inspired by Canebot from Pune, who pitched this on Shark Tank India (S1 E0) and asked ₹1 Cr, no deal.",,industrial-solutions,,,,,sharktank,S1E0P146
2124,Shark Tank India,Chole Kulche Outlet,"Inspired by Oye Delhi Oye from Delhi, who pitched this on Shark Tank India (S1 E0) and asked ₹35L, no deal.",,quick-service-food-outlet,,,,,sharktank,S1E0P147
2125,Shark Tank India,Wedding Ceremonial Items,"Inspired by Meera's Celebrations from Ludhiana, who pitched this on Shark Tank India (S1 E0) and asked ₹50L, no deal.",,wedding-planning,,,,,sharktank,S1E0P149
2126,Shark Tank India,Premium Home Decor,"Inspired by Artment from Gurgaon, who pitched this on Shark Tank India (S1 E0) and asked ₹1.7 Cr, no deal.",,handcrafted-home-decor,,,,,sharktank,S1E0P150
2127,Shark Tank India,Designer Solar Panels,"Inspired by Powertree from Gandhinagar, who pitched this on Shark Tank India (S1 E0) and asked ₹1.5 Cr, no deal.",,solar-installation,,,,,sharktank,S1E0P151
2128,Shark Tank India,Massager Backpack,"Inspired by Eume from Mumbai, who pitched this on Shark Tank India (S1 E0) and asked ₹1.5 Cr, no deal.",,consumer-gadgets-brand,,,,,sharktank,S1E0P152
2129,Shark Tank India,Fresh Pooja Flowers,"Inspired by Hoovu from Bangalore, who pitched this on Shark Tank India (S2 E1) and got ₹1 Cr for 2%.",,pooja-and-incense-products,,,,,sharktank,S2E1P153
2130,Shark Tank India,Flavoured Tea Brand,"Inspired by Dorji from Darjeeling, who pitched this on Shark Tank India (S2 E1) and got ₹30L for 15%.",,beverage-brand,,,,,sharktank,S2E1P154
2131,Shark Tank India,Smart Watches,"Inspired by Watchout Wearables from Thane, who pitched this on Shark Tank India (S2 E2) and got ₹1 Cr for 10%.",,consumer-gadgets-brand,,,,,sharktank,S2E2P157
2132,Shark Tank India,Soup Meals Brand,"Inspired by Soup X from Delhi, who pitched this on Shark Tank India (S2 E2) and got ₹50L for 18%.",,frozen-and-ready-to-cook-foods,,,,,sharktank,S2E2P158
2133,Shark Tank India,Kombucha Brand,"Inspired by ATMOSPHERE from Delhi, who pitched this on Shark Tank India (S2 E3) and asked ₹75L, no deal.",,beverage-brand,,,,,sharktank,S2E3P159
2134,Shark Tank India,Regional Language OTT,"Inspired by Stage from Bhiwani, who pitched this on Shark Tank India (S2 E3) and got ₹1.5 Cr for 0.6%.",,content-and-media-platform,,,,,sharktank,S2E3P160
2135,Shark Tank India,Color-changing Clothing Products,"Inspired by Girgit from Mumbai, who pitched this on Shark Tank India (S2 E3) and got ₹20L for 20%.",,d2c-apparel-brand,,,,,sharktank,S2E3P161
2136,Shark Tank India,Homemade Snacks Brand,"Inspired by Patil Kaki from Mumbai, who pitched this on Shark Tank India (S2 E4) and got ₹40L for 4%.",,healthy-snacks-brand,,,,,sharktank,S2E4P163
2137,Shark Tank India,Auto Fire Extinguisher,"Inspired by Brandsdaddy from Mumbai, who pitched this on Shark Tank India (S2 E4) and got ₹35L for 5%.",,safety-and-security-devices,,,,,sharktank,S2E4P164
2138,Shark Tank India,At-Home Beauty Devices,"Inspired by Winston from Faridabad, who pitched this on Shark Tank India (S2 E5) and got ₹1 Cr for 10%.",,personal-care-brand,,,,,sharktank,S2E5P165
2139,Shark Tank India,Shoes Sneakers Loafers,"Inspired by Flatheads from Bangalore, who pitched this on Shark Tank India (S2 E5) and asked ₹75L, no deal.",,footwear-brand,,,,,sharktank,S2E5P166
2140,Shark Tank India,Organic Cigarettes Cigarillos Smokes,"Inspired by Organic Smokes from Delhi, who pitched this on Shark Tank India (S2 E5) and asked ₹1 Cr, no deal.",,personal-care-brand,,,,,sharktank,S2E5P167
2141,Shark Tank India,MSME Scheme Discovery Platform,"Inspired by Haqdarshak from Shimla, who pitched this on Shark Tank India (S2 E6) and got ₹1 Cr for 2%.",,b2b-saas-startup,,,,,sharktank,S2E6P169
2142,Shark Tank India,Puranpoli Snacks,"Inspired by Bhaskar's Puranpoli Ghar from Thane, who pitched this on Shark Tank India (S2 E6) and asked ₹75L, no deal.",,healthy-snacks-brand,,,,,sharktank,S2E6P170
2143,Shark Tank India,Kids Learning Companion,"Inspired by Gunjan Apps Studios from Kolkata, who pitched this on Shark Tank India (S2 E7) and asked ₹2.5 Cr, no deal.",,test-prep-online,,,,,sharktank,S2E7P171
2144,Shark Tank India,Digital Stethoscopes,"Inspired by Ayu Synk from Mumbai, who pitched this on Shark Tank India (S2 E7) and got ₹50L for 3.5%.",,medical-devices-startup,,,,,sharktank,S2E7P173
2145,Shark Tank India,Accessibility Platform for Disabled People,"Inspired by Atypical Advantage from Jamshedpur, who pitched this on Shark Tank India (S2 E8) and got ₹30L for 3%.",,healthtech-startup,,,,,sharktank,S2E8P174
2146,Shark Tank India,Lucknow Artisan Crafts,"Inspired by House Of Chikankari from Delhi, who pitched this on Shark Tank India (S2 E8) and got ₹75L for 3.75%.",,handloom-textiles-brand,,,,,sharktank,S2E8P175
2147,Shark Tank India,DNA-Engraved Jewellery,"Inspired by Magic Of Memories from Delhi, who pitched this on Shark Tank India (S2 E8) and asked ₹25L, no deal.",,jewellery-brand,,,,,sharktank,S2E8P176
2148,Shark Tank India,Semi Permanent Hair Color,"Inspired by Paradyes from Ahmedabad, who pitched this on Shark Tank India (S2 E9) and got ₹65L for 2%.",,personal-care-brand,,,,,sharktank,S2E9P177
2149,Shark Tank India,Gemstone Jewellery,"Inspired by Zillionaire from Jaipur, who pitched this on Shark Tank India (S2 E10) and got ₹1 Cr for 10%.",,jewellery-brand,,,,,sharktank,S2E10P179
2150,Shark Tank India,Credit Score Platform,"Inspired by Credmate from Ludhiana, who pitched this on Shark Tank India (S2 E10) and asked ₹50L, no deal.",,fintech-startup,,,,,sharktank,S2E10P180
2151,Shark Tank India,Non-Electric & Portable Bowling Machines,"Inspired by Freebowler from Bangalore, who pitched this on Shark Tank India (S2 E10) and got ₹25L for 7.5%.",,sports-goods-brand,,,,,sharktank,S2E10P181
2152,Shark Tank India,Sports Training Institute,"Inspired by ABCSports&Fitness from Pune, who pitched this on Shark Tank India (S2 E11) and got ₹40L for 10%.",,sports-coaching-academy,,,,,sharktank,S2E11P182
2153,Shark Tank India,Android Apps for Windows,"Inspired by Primebook from Delhi, who pitched this on Shark Tank India (S2 E11) and got ₹75L for 3%.",,b2b-saas-startup,,,,,sharktank,S2E11P183
2154,Shark Tank India,Compost Bins,"Inspired by Daily Dump from Bangalore, who pitched this on Shark Tank India (S2 E11) and got ₹30L for 4%.",,recycling-and-waste,,,,,sharktank,S2E11P184
2155,Shark Tank India,Pure Organic Soaps,"Inspired by Ghar Soaps from Pune, who pitched this on Shark Tank India (S2 E12) and got ₹60L for 4%.",,handmade-soap-and-cosmetics,,,,,sharktank,S2E12P185
2156,Shark Tank India,Pregnancy Monitoring Systems,"Inspired by Janitri from Alwar, who pitched this on Shark Tank India (S2 E12) and got ₹1 Cr for 2.5%.",,medical-devices-startup,,,,,sharktank,S2E12P186
2157,Shark Tank India,Indian Automatic Watches,"Inspired by Jaipur Watch Company from Jaipur, who pitched this on Shark Tank India (S2 E12) and asked ₹50L, no deal.",,bags-and-accessories-brand,,,,,sharktank,S2E12P187
2158,Shark Tank India,Plug And Fly Drones,"Inspired by Inside FPV from Surat, who pitched this on Shark Tank India (S2 E13) and got ₹75L for 15%.",,deeptech-hardware,,,,,sharktank,S2E13P188
2159,Shark Tank India,Contemporary Indian Clothing,"Inspired by Angrakhaa from Delhi, who pitched this on Shark Tank India (S2 E13) and got ₹40L for 20%.",,d2c-apparel-brand,,,,,sharktank,S2E13P189
2160,Shark Tank India,Diabetic-Friendly Foods,"Inspired by Diabexy from Gurgaon, who pitched this on Shark Tank India (S2 E13) and asked ₹1.5 Cr, no deal.",,healthy-snacks-brand,,,,,sharktank,S2E13P190
2161,Shark Tank India,Smart Walking Stick,"Inspired by Kyari from Ghaziabad, who pitched this on Shark Tank India (S2 E14) and got ₹51L for 6%.",,safety-and-security-devices,,,,,sharktank,S2E14P191
2162,Shark Tank India,Parathas & Pakodas Outlet,"Inspired by Mopp Foods from Delhi, who pitched this on Shark Tank India (S2 E14) and got ₹75L for 5%.",,quick-service-food-outlet,,,,,sharktank,S2E14P192
2163,Shark Tank India,Candy & Toy Brand,"Inspired by Dobiee from Shinde, who pitched this on Shark Tank India (S2 E15) and got ₹72L for 6.5%.",,sweet-shop,,,,,sharktank,S2E15P194
2164,Shark Tank India,Local Courier And Parcel Service,"Inspired by Fast Beetle from Srinagar, who pitched this on Shark Tank India (S2 E15) and got ₹90L for 7.5%.",,local-delivery-service,,,,,sharktank,S2E15P195
2165,Shark Tank India,Disposable Uroflowmetry System,"Inspired by Pflow from Dhule, who pitched this on Shark Tank India (S2 E15) and got ₹60L for 6%.",,medical-devices-startup,,,,,sharktank,S2E15P196
2166,Shark Tank India,Bike Accessories,"Inspired by Sepal from Hyderabad, who pitched this on Shark Tank India (S2 E16) and got ₹50L for 2%.",,bags-and-accessories-brand,,,,,sharktank,S2E16P198
2167,Shark Tank India,Ayurveda Hair Skin Products,"Inspired by Avimee Herbal from Surat, who pitched this on Shark Tank India (S2 E17) and asked ₹2.8 Cr, no deal.",,personal-care-brand,,,,,sharktank,S2E17P200
2168,Shark Tank India,Eyewear Brand,"Inspired by eyenic from Delhi, who pitched this on Shark Tank India (S2 E17) and asked ₹75L, no deal.",,bags-and-accessories-brand,,,,,sharktank,S2E17P201
2169,Shark Tank India,Food Karts,"Inspired by Raasa from Delhi, who pitched this on Shark Tank India (S2 E18) and got ₹50L for 25%.",,quick-service-food-outlet,,,,,sharktank,S2E18P203
2170,Shark Tank India,Petticoat Brand,"Inspired by Sayonara from Kolkata, who pitched this on Shark Tank India (S2 E18) and asked ₹1 Cr, no deal.",,d2c-apparel-brand,,,,,sharktank,S2E18P206
2171,Shark Tank India,Indian Sauces Chutneys,"Inspired by Spice Story from Mumbai, who pitched this on Shark Tank India (S2 E19) and got ₹70L for 5%.",,pickle-and-papad-brand,,,,,sharktank,S2E19P208
2172,Shark Tank India,App To Learn Stock Market Basics,"Inspired by Bullspree from Ahmedabad, who pitched this on Shark Tank India (S2 E19) and got ₹75L for 2.86%.",,test-prep-online,,,,,sharktank,S2E19P209
2173,Shark Tank India,Menswear Brand,"Inspired by Snitch from Bangalore, who pitched this on Shark Tank India (S2 E20) and got ₹1.5 Cr for 1.5%.",,d2c-apparel-brand,,,,,sharktank,S2E20P210
2174,Shark Tank India,Studio Gym,"Inspired by Portl from Hyderabad, who pitched this on Shark Tank India (S2 E20) and got ₹1.5 Cr for 2.5%.",,gym,,,,,sharktank,S2E20P211
2175,Shark Tank India,Diet Plan Weight Loss,"Inspired by Fat To Slim from Bangalore, who pitched this on Shark Tank India (S2 E20) and asked ₹20L, no deal.",,nutrition-coaching,,,,,sharktank,S2E20P212
2176,Shark Tank India,Cake Slices Brand,"Inspired by Cheese Cake&Co. from Delhi, who pitched this on Shark Tank India (S2 E21) and asked ₹1 Cr, no deal.",,home-bakery,,,,,sharktank,S2E21P213
2177,Shark Tank India,Paints Crayons Brushes,"Inspired by Dabble from Bangalore, who pitched this on Shark Tank India (S2 E21) and got ₹15L for 10%.",,stationery-and-art-supplies,,,,,sharktank,S2E21P214
2178,Shark Tank India,Online Custom Tailoring,"Inspired by Cloud Tailor from Bangalore, who pitched this on Shark Tank India (S2 E21) and asked ₹1 Cr, no deal.",,boutique-tailoring,,,,,sharktank,S2E21P215
2179,Shark Tank India,Platform for LGBTQ+ Creators,"Inspired by Be Unic from Noida, who pitched this on Shark Tank India (S2 E21) and asked ₹1 Cr, no deal.",,content-and-media-platform,,,,,sharktank,S2E21P216
2180,Shark Tank India,Domestic Help Platform,"Inspired by Broomees from Delhi, who pitched this on Shark Tank India (S2 E22) and got ₹1 Cr for 3%.",,home-cleaning-service,,,,,sharktank,S2E22P217
2181,Shark Tank India,Custom Hair Products,"Inspired by Ravel from Amaravati, who pitched this on Shark Tank India (S2 E22) and got ₹75L for 10%.",,personal-care-brand,,,,,sharktank,S2E22P218
2182,Shark Tank India,Sanitary Pad Disposal Units,"Inspired by Pad Care from Pune, who pitched this on Shark Tank India (S2 E23) and got ₹1 Cr for 4%.",,medical-devices-startup,,,,,sharktank,S2E23P220
2183,Shark Tank India,Clay Utensils & Cookware,"Inspired by Swadeshi Blessings from Udaipur, who pitched this on Shark Tank India (S2 E23) and got ₹25L for 5%.",,handcrafted-home-decor,,,,,sharktank,S2E23P221
2184,Shark Tank India,Live Skill Classes Platform,"Inspired by OLL from Mumbai, who pitched this on Shark Tank India (S2 E23) and got ₹30L for 5%.",,test-prep-online,,,,,sharktank,S2E23P222
2185,Shark Tank India,"Scrubs, Lab Coats & Medical Apparel","Inspired by Febris from Ferozepur, who pitched this on Shark Tank India (S2 E23) and asked ₹1 Cr, no deal.",,d2c-apparel-brand,,,,,sharktank,S2E23P223
2186,Shark Tank India,Smallest EV Tractor,"Inspired by Geeani from Ahmedabad, who pitched this on Shark Tank India (S2 E24) and got ₹1 Cr for 10%.",,ev-assembly,,,,,sharktank,S2E24P224
2187,Shark Tank India,Gelato Ice Cream,"Inspired by Amore from Hyderabad, who pitched this on Shark Tank India (S2 E24) and got ₹75L for 7.5%.",,ice-cream-and-desserts-brand,,,,,sharktank,S2E24P225
2188,Shark Tank India,Botanical Jewellery,"Inspired by Leafy Affair from Bangalore, who pitched this on Shark Tank India (S2 E24) and asked ₹50L, no deal.",,jewellery-brand,,,,,sharktank,S2E24P226
2189,Shark Tank India,Online Scrap Selling Platform,"Inspired by Scrap Uncle from Delhi, who pitched this on Shark Tank India (S2 E25) and got ₹60L for 5%.",,recycling-and-waste,,,,,sharktank,S2E25P227
2190,Shark Tank India,Freshly Milled Atta,"Inspired by Sharma Ji Ki Aata from Pune, who pitched this on Shark Tank India (S2 E25) and got ₹40L for 20%.",,spice-processing-unit,,,,,sharktank,S2E25P228
2191,Shark Tank India,Curly Hair Care Products,"Inspired by Manetain from Kochi, who pitched this on Shark Tank India (S2 E25) and got ₹75L for 10%.",,personal-care-brand,,,,,sharktank,S2E25P229
2192,Shark Tank India,Gender-Neutral Fashion,"Inspired by Gavin Paris from Kolkata, who pitched this on Shark Tank India (S2 E26) and asked ₹50L, no deal.",,d2c-apparel-brand,,,,,sharktank,S2E26P230
2193,Shark Tank India,Campus Hiring Platform,"Inspired by Un Stop from Delhi, who pitched this on Shark Tank India (S2 E26) and got ₹2 Cr for 4%.",,b2b-marketplace,,,,,sharktank,S2E26P231
2194,Shark Tank India,Ayurvedic Herbal Tea,"Inspired by Blue Tea from Faridabad, who pitched this on Shark Tank India (S2 E26) and got ₹50L for 3%.",,beverage-brand,,,,,sharktank,S2E26P232
2195,Shark Tank India,Online Art & Craft Store,"Inspired by Hobby India from Surat, who pitched this on Shark Tank India (S2 E27) and asked ₹50L, no deal.",,handcrafted-home-decor,,,,,sharktank,S2E27P234
2196,Shark Tank India,Composite Paper Honeycomb Panels,"Inspired by Flhexible from Jaipur, who pitched this on Shark Tank India (S2 E27) and asked ₹50L, no deal.",,industrial-solutions,,,,,sharktank,S2E27P235
2197,Shark Tank India,Esports & Gaming Organisation,"Inspired by Up Thrust from Mumbai, who pitched this on Shark Tank India (S2 E27) and asked ₹75L, no deal.",,gaming-and-esports,,,,,sharktank,S2E27P236
2198,Shark Tank India,Cool-Ground Spices,"Inspired by Zoff from Raipur, who pitched this on Shark Tank India (S2 E28) and got ₹1 Cr for 1.25%.",,spice-processing-unit,,,,,sharktank,S2E28P237
2199,Shark Tank India,Traditional Indian Games,"Inspired by Desi Toys from Mumbai, who pitched this on Shark Tank India (S2 E28) and asked ₹50L, no deal.",,toys-and-games-brand,,,,,sharktank,S2E28P238
2200,Shark Tank India,No-Code Metaverse Builder,"Inspired by Cloud Worx from Bangalore, who pitched this on Shark Tank India (S2 E28) and got ₹40L for 3.2%.",,b2b-saas-startup,,,,,sharktank,S2E28P239
2201,Shark Tank India,Tea Glass Washing Machine,"Inspired by Mahantam from Banaskantha, who pitched this on Shark Tank India (S2 E29) and got ₹30L for 20%.",,industrial-solutions,,,,,sharktank,S2E29P240
2202,Shark Tank India,Fresh Dairy Products Brand,"Inspired by Barosi from Pataudi, who pitched this on Shark Tank India (S2 E29) and asked ₹50L, no deal.",,dairy-farm,,,,,sharktank,S2E29P242
2203,Shark Tank India,North Indian Cuisine Restaurant,"Inspired by Daryaganj from Delhi, who pitched this on Shark Tank India (S2 E30) and got ₹90L for 1%.",,quick-service-food-outlet,,,,,sharktank,S2E30P243
2204,Shark Tank India,Cycle-to-EV Conversion Kit,"Inspired by Dhruv Vidyut from Delhi, who pitched this on Shark Tank India (S2 E30) and asked ₹0L, no deal.",,ev-assembly,,,,,sharktank,S2E30P244
2205,Shark Tank India,Gaming Office Chairs,"Inspired by CELLBELL from Ulhasnagar, who pitched this on Shark Tank India (S2 E30) and asked ₹90L, no deal.",,furniture-workshop,,,,,sharktank,S2E30P245
2206,Shark Tank India,Balance Bike For Kids,"Inspired by Tipayi from Pune, who pitched this on Shark Tank India (S2 E31) and asked ₹50L, no deal.",,toys-and-games-brand,,,,,sharktank,S2E31P246
2207,Shark Tank India,Doctor Booking & Teleconsult App,"Inspired by Digi Qure from Bhopal, who pitched this on Shark Tank India (S2 E31) and got ₹40L for 10%.",,healthtech-startup,,,,,sharktank,S2E31P247
2208,Shark Tank India,Temple Flower Incense,"Inspired by Nirmalaya from Delhi, who pitched this on Shark Tank India (S2 E31) and asked ₹60L, no deal.",,pooja-and-incense-products,,,,,sharktank,S2E31P248
2209,Shark Tank India,Artisan-Direct Crafts Store,"Inspired by Pabiben from Ahmedabad, who pitched this on Shark Tank India (S2 E32) and got ₹10L for 5%.",,handcrafted-home-decor,,,,,sharktank,S2E32P249
2210,Shark Tank India,Home & Travel Organisers,"Inspired by Homestrap from Indore, who pitched this on Shark Tank India (S2 E32) and got ₹50L for 7%.",,bags-and-accessories-brand,,,,,sharktank,S2E32P250
2211,Shark Tank India,Smart Natural Air Purifier,"Inspired by u Breathe from Gurgaon, who pitched this on Shark Tank India (S2 E32) and got ₹50L for 5%.",,consumer-gadgets-brand,,,,,sharktank,S2E32P251
2212,Shark Tank India,Experiential Travel Website,"Inspired by Deyor from Gurgaon, who pitched this on Shark Tank India (S2 E32) and asked ₹1 Cr, no deal.",,services-marketplace-app,,,,,sharktank,S2E32P252
2213,Shark Tank India,Baked Chips,"Inspired by The Healthy Binge from Pune, who pitched this on Shark Tank India (S2 E33) and got ₹50L for 5%.",,healthy-snacks-brand,,,,,sharktank,S2E33P254
2214,Shark Tank India,Fashionable Denim Apparel,"Inspired by Freakins from Mumbai, who pitched this on Shark Tank India (S2 E33) and got ₹50L for 2.5%.",,d2c-apparel-brand,,,,,sharktank,S2E33P255
2215,Shark Tank India,Electric Toothbrush Brand,"Inspired by Perfora from Ballarpur, who pitched this on Shark Tank India (S2 E34) and got ₹80L for 2.5%.",,personal-care-brand,,,,,sharktank,S2E34P256
2216,Shark Tank India,Lounge & Travel Wear,"Inspired by Mid Night Angels By PC from Gurgaon, who pitched this on Shark Tank India (S2 E34) and asked ₹75L, no deal.",,d2c-apparel-brand,,,,,sharktank,S2E34P257
2217,Shark Tank India,AI Vision Therapy,"Inspired by Cure See from Gurgaon, who pitched this on Shark Tank India (S2 E34) and got ₹50L for 10%.",,healthtech-startup,,,,,sharktank,S2E34P258
2218,Shark Tank India,Healthcare Super App,"Inspired by Medu Lance from Delhi, who pitched this on Shark Tank India (S2 E35) and got ₹2 Cr for 2%.",,healthtech-startup,,,,,sharktank,S2E35P259
2219,Shark Tank India,Play-to-Earn Social Gaming Platform,"Inspired by Bowled.io from Mumbai, who pitched this on Shark Tank India (S2 E35) and asked ₹80L, no deal.",,gaming-and-esports,,,,,sharktank,S2E35P261
2220,Shark Tank India,Toy Store,"Inspired by Toyshine from Jalandhar, who pitched this on Shark Tank India (S2 E35) and asked ₹1.25 Cr, no deal.",,toys-and-games-brand,,,,,sharktank,S2E35P262
2221,Shark Tank India,Wearable EEG Headband,"Inspired by neuphony from Noida, who pitched this on Shark Tank India (S2 E36) and got ₹1 Cr for 5.4%.",,medical-devices-startup,,,,,sharktank,S2E36P263
2222,Shark Tank India,AR Books for Kids,"Inspired by Holo Kitab from Jalandhar, who pitched this on Shark Tank India (S2 E36) and got ₹45L for 25%.",,edtech-startup,,,,,sharktank,S2E36P265
2223,Shark Tank India,Health & Wellness Store,"Inspired by Zoe from Gurgaon, who pitched this on Shark Tank India (S2 E37) and asked ₹75L, no deal.",,healthy-snacks-brand,,,,,sharktank,S2E37P266
2224,Shark Tank India,Diamond Frame Folding Bicycles,"Inspired by Hornback from Hyderabad, who pitched this on Shark Tank India (S2 E37) and got ₹50L for 2.5%.",,ev-assembly,,,,,sharktank,S2E37P267
2225,Shark Tank India,Non-Alcoholic Beverages,"Inspired by Malaki from Mumbai, who pitched this on Shark Tank India (S2 E37) and got ₹50L for 3%.",,beverage-brand,,,,,sharktank,S2E37P268
2226,Shark Tank India,Contamination Control Products,"Inspired by nanoclean from Bikaner, who pitched this on Shark Tank India (S2 E37) and asked ₹80L, no deal.",,industrial-solutions,,,,,sharktank,S2E37P269
2227,Shark Tank India,Spirits & Cocktail Blends,"Inspired by Desmond Ji from Goa, who pitched this on Shark Tank India (S2 E38) and asked ₹1 Cr, no deal.",,beverage-brand,,,,,sharktank,S2E38P270
2228,Shark Tank India,Italian Cheese Brand,"Inspired by Cremeitalia from Mumbai, who pitched this on Shark Tank India (S2 E38) and asked ₹90L, no deal.",,dairy-farm,,,,,sharktank,S2E38P271
2229,Shark Tank India,Fuel Station Queue Management,"Inspired by nawgati from Noida, who pitched this on Shark Tank India (S2 E38) and got ₹67L for 3%.",,industrial-solutions,,,,,sharktank,S2E38P272
2230,Shark Tank India,EV Subscription Service,"Inspired by Swytchd from Bangalore, who pitched this on Shark Tank India (S2 E38) and asked ₹50L, no deal.",,ev-charging-and-rental,,,,,sharktank,S2E38P273
2231,Shark Tank India,High-Protein Foods,"Inspired by Glad Ful from Jaipur, who pitched this on Shark Tank India (S2 E39) and got ₹50L for 3.5%.",,healthy-snacks-brand,,,,,sharktank,S2E39P274
2232,Shark Tank India,Online Pharmacy,"Inspired by Pharmallama from Bangalore, who pitched this on Shark Tank India (S2 E39) and got ₹2 Cr for 5%.",,healthtech-startup,,,,,sharktank,S2E39P275
2233,Shark Tank India,Incense Brand,"Inspired by VAPerfume from Mumbai, who pitched this on Shark Tank India (S2 E39) and asked ₹1 Cr, no deal.",,pooja-and-incense-products,,,,,sharktank,S2E39P277
2234,Shark Tank India,Anonymous Social Network,"Inspired by Hood from Gurgaon, who pitched this on Shark Tank India (S2 E40) and got ₹60L for 0.54%.",,community-and-social-app,,,,,sharktank,S2E40P278
2235,Shark Tank India,Turkish Ice Cream,"Inspired by Twisting Scoops from Delhi, who pitched this on Shark Tank India (S2 E40) and asked ₹1 Cr, no deal.",,ice-cream-and-desserts-brand,,,,,sharktank,S2E40P279
2236,Shark Tank India,Crop Protection Products,"Inspired by GROWi T from Surat, who pitched this on Shark Tank India (S2 E40) and got ₹50L for 1%.",,agritech-devices,,,,,sharktank,S2E40P280
2237,Shark Tank India,Nachos & Nuts,"Inspired by Makino from Himmatnagar, who pitched this on Shark Tank India (S2 E41) and asked ₹2 Cr, no deal.",,healthy-snacks-brand,,,,,sharktank,S2E41P281
2238,Shark Tank India,Post-Transplant Care,"Inspired by Trunome from Chennai, who pitched this on Shark Tank India (S2 E41) and got ₹1.5 Cr for 2%.",,healthtech-startup,,,,,sharktank,S2E41P282
2239,Shark Tank India,Wellness Snack Bites,"Inspired by What's Up Wellness from Kolkata, who pitched this on Shark Tank India (S2 E41) and got ₹60L for 4.76%.",,healthy-snacks-brand,,,,,sharktank,S2E41P284
2240,Shark Tank India,Craft Brewery,"Inspired by Proost Beer from Delhi, who pitched this on Shark Tank India (S2 E42) and asked ₹1 Cr, no deal.",,beverage-brand,,,,,sharktank,S2E42P285
2241,Shark Tank India,Frozen Cooking Cubes,"Inspired by Dr Cubes from Bangalore, who pitched this on Shark Tank India (S2 E42) and asked ₹80L, no deal.",,frozen-and-ready-to-cook-foods,,,,,sharktank,S2E42P286
2242,Shark Tank India,Metro Shuttle Service,"Inspired by Metro Ride from Bangalore, who pitched this on Shark Tank India (S2 E42) and asked ₹75L, no deal.",,local-delivery-service,,,,,sharktank,S2E42P287
2243,Shark Tank India,Online Skill Courses,"Inspired by Conker from Bangalore, who pitched this on Shark Tank India (S2 E42) and asked ₹40L, no deal.",,test-prep-online,,,,,sharktank,S2E42P288
2244,Shark Tank India,Camel & Goat Milk Brand,"Inspired by Aadvik from Delhi, who pitched this on Shark Tank India (S2 E43) and got ₹15L for 1.5%.",,dairy-farm,,,,,sharktank,S2E43P291
2245,Shark Tank India,Dry Fruits & Snacks Store,"Inspired by Healthy Master from Bangalore, who pitched this on Shark Tank India (S2 E44) and got ₹50L for 6.5%.",,healthy-snacks-brand,,,,,sharktank,S2E44P293
2246,Shark Tank India,Kids Stationery & Toy Store,"Inspired by Kitsons from Hyderabad, who pitched this on Shark Tank India (S2 E44) and asked ₹10 Cr, no deal.",,stationery-and-art-supplies,,,,,sharktank,S2E44P294
2247,Shark Tank India,Waffle Chips,"Inspired by London Bubble from Mumbai, who pitched this on Shark Tank India (S2 E44) and got ₹75L for 15%.",,healthy-snacks-brand,,,,,sharktank,S2E44P295
2248,Shark Tank India,Ice Cream for Pets,"Inspired by Waggy Zone from Mumbai, who pitched this on Shark Tank India (S2 E44) and asked ₹50L, no deal.",,pet-food-and-treats,,,,,sharktank,S2E44P296
2249,Shark Tank India,Smart Kitchen Appliances,"Inspired by Nutri Cook from Bangalore, who pitched this on Shark Tank India (S2 E45) and got ₹50L for 10%.",,consumer-gadgets-brand,,,,,sharktank,S2E45P297
2250,Shark Tank India,IUI Fertility Tech,"Inspired by Subhag from Jhumri Telaiya, who pitched this on Shark Tank India (S2 E45) and got ₹20L for 1%.",,healthtech-startup,,,,,sharktank,S2E45P298
2251,Shark Tank India,Sikh Grooming Products,"Inspired by Singh Styled from Mumbai, who pitched this on Shark Tank India (S2 E45) and got ₹50L for 10%.",,personal-care-brand,,,,,sharktank,S2E45P299
2252,Shark Tank India,Cricket Gear Shop,"Inspired by ZSports Tech from Mumbai, who pitched this on Shark Tank India (S2 E46) and asked ₹60L, no deal.",,sports-goods-brand,,,,,sharktank,S2E46P300
2253,Shark Tank India,Decor Plates & Dinnerware,"Inspired by The Plated Project from Mumbai, who pitched this on Shark Tank India (S2 E46) and got ₹75L for 3.75%.",,crockery-and-kitchenware-store,,,,,sharktank,S2E46P301
2254,Shark Tank India,Photography Service,"Inspired by Vsnap U from Goa, who pitched this on Shark Tank India (S2 E46) and asked ₹50L, no deal.",,photography-studio,,,,,sharktank,S2E46P302
2255,Shark Tank India,Protein Bread,"Inspired by The Healthy Factory from Mumbai, who pitched this on Shark Tank India (S2 E46) and asked ₹75L, no deal.",,healthy-snacks-brand,,,,,sharktank,S2E46P303
2256,Shark Tank India,Hourly Hotel Booking,"Inspired by Brevistay from Dehradun, who pitched this on Shark Tank India (S2 E47) and asked ₹1 Cr, no deal.",,capsule-and-budget-hotel,,,,,sharktank,S2E47P304
2257,Shark Tank India,Bookstore,"Inspired by The Big Book Box Chapter One Books from Gopalganj, who pitched this on Shark Tank India (S2 E47) and asked ₹50L, no deal.",,used-book-store,,,,,sharktank,S2E47P306
2258,Shark Tank India,Artificial Jewellery Set,"Inspired by Rubans from Bangalore, who pitched this on Shark Tank India (S2 E48) and got ₹1 Cr for 1%.",,jewellery-brand,,,,,sharktank,S2E48P307
2259,Shark Tank India,Parental Monitoring App,"Inspired by Same Notification from Ahmedabad, who pitched this on Shark Tank India (S2 E48) and asked ₹25L, no deal.",,community-and-social-app,,,,,sharktank,S2E48P308
2260,Shark Tank India,Portable Jet Spray,"Inspired by Bottom Line Sprays from Ahmedabad, who pitched this on Shark Tank India (S2 E48) and asked ₹35L, no deal.",,consumer-gadgets-brand,,,,,sharktank,S2E48P309
2261,Shark Tank India,Modest Fashion for Women,"Inspired by Forever Modest from Aurangabad, who pitched this on Shark Tank India (S2 E49) and got ₹20L for 20%.",,d2c-apparel-brand,,,,,sharktank,S2E49P311
2262,Shark Tank India,Smart Wheelchair,"Inspired by Sahayatha from Coimbatore, who pitched this on Shark Tank India (S2 E49) and got ₹1 Cr for 10%.",,medical-devices-startup,,,,,sharktank,S2E49P312
2263,Shark Tank India,Handmade Cotton Bags,"Inspired by maisha from Ahmedabad, who pitched this on Shark Tank India (S2 E49) and got ₹10L for 1%.",,bags-and-accessories-brand,,,,,sharktank,S2E49P314
2264,Shark Tank India,Human Hair Extensions,"Inspired by Nish Hair from Mumbai, who pitched this on Shark Tank India (S2 E50) and got ₹1 Cr for 2%.",,personal-care-brand,,,,,sharktank,S2E50P315
2265,Shark Tank India,Smart Bikes,"Inspired by MYBYK from Ahmedabad, who pitched this on Shark Tank India (S2 E50) and asked ₹2 Cr, no deal.",,ev-assembly,,,,,sharktank,S2E50P316
2266,Shark Tank India,Handmade Lollipops,"Inspired by GODESi from Bangalore, who pitched this on Shark Tank India (S2 E51) and asked ₹90L, no deal.",,sweet-shop,,,,,sharktank,S2E51P317
2267,Shark Tank India,Ayurvedic Skincare & Makeup,"Inspired by TAC from Mumbai, who pitched this on Shark Tank India (S2 E51) and got ₹81L for 1%.",,personal-care-brand,,,,,sharktank,S2E51P318
2268,Shark Tank India,Fruit Wines,"Inspired by Naara-Aaba from Ziro, who pitched this on Shark Tank India (S2 E51) and got ₹50L for 5%.",,beverage-brand,,,,,sharktank,S2E51P319
2269,Shark Tank India,Girls' Dresses,"Inspired by Stylo Bug from Delhi, who pitched this on Shark Tank India (S2 E51) and got ₹80L for 10%.",,d2c-apparel-brand,,,,,sharktank,S2E51P320
2270,Shark Tank India,Perfumes & Attar,"Inspired by Adil Qadri from Bilimora, who pitched this on Shark Tank India (S3 E1) and got ₹1 Cr for 1%.",,personal-care-brand,,,,,sharktank,S3E1P323
2271,Shark Tank India,Skincare Products,"Inspired by Conscious Chemist from Jaipur, who pitched this on Shark Tank India (S3 E1) and asked ₹60L, no deal.",,personal-care-brand,,,,,sharktank,S3E1P324
2272,Shark Tank India,Plant-based Healthy Snacks,"Inspired by The Cinnamon Kitchen from Chandigarh, who pitched this on Shark Tank India (S3 E2) and got ₹60L for 5%.",,healthy-snacks-brand,,,,,sharktank,S3E2P325
2273,Shark Tank India,Gym Chain,"Inspired by Wtf Gyms from Noida, who pitched this on Shark Tank India (S3 E2) and asked ₹1 Cr, no deal.",,gym,,,,,sharktank,S3E2P326
2274,Shark Tank India,Tech Interview Platform,"Inspired by Intervue from Ludhiana, who pitched this on Shark Tank India (S3 E2) and got ₹1.5 Cr for 2%.",,test-prep-online,,,,,sharktank,S3E2P327
2275,Shark Tank India,Taxi Service for Small Towns,"Inspired by Rod Bez from Saharsa, who pitched this on Shark Tank India (S3 E3) and got ₹20L for 5%.",,local-delivery-service,,,,,sharktank,S3E3P328
2276,Shark Tank India,Robotics Toys,"Inspired by Blix from Mumbai, who pitched this on Shark Tank India (S3 E3) and got ₹80L for 4%.",,deeptech-hardware,,,,,sharktank,S3E3P329
2277,Shark Tank India,Student Housing App,"Inspired by Homversity from Ahmedabad, who pitched this on Shark Tank India (S3 E3) and asked ₹65L, no deal.",,edtech-startup,,,,,sharktank,S3E3P330
2278,Shark Tank India,Smart Clothing,"Inspired by TURMS from Bangalore, who pitched this on Shark Tank India (S3 E4) and got ₹1.2 Cr for 4%.",,d2c-apparel-brand,,,,,sharktank,S3E4P331
2279,Shark Tank India,Waterless Washing Machine,"Inspired by 80Wash from Chandigarh, who pitched this on Shark Tank India (S3 E4) and asked ₹1 Cr, no deal.",,industrial-solutions,,,,,sharktank,S3E4P333
2280,Shark Tank India,Virtual Restaurant Brands,"Inspired by Dil Foods from Ranchi, who pitched this on Shark Tank India (S3 E5) and got ₹2 Cr for 2.67%.",,cloud-kitchen,,,,,sharktank,S3E5P334
2281,Shark Tank India,Personal Safety App,"Inspired by AIKavach/Panoplia from Hyderabad, who pitched this on Shark Tank India (S3 E5) and got ₹1 Cr for 2.5%.",,services-marketplace-app,,,,,sharktank,S3E5P335
2282,Shark Tank India,Cocktail Mocktail Mixers,"Inspired by Bartisans from Mumbai, who pitched this on Shark Tank India (S3 E5) and asked ₹1 Cr, no deal.",,beverage-brand,,,,,sharktank,S3E5P336
2283,Shark Tank India,Expandable Shoes For Kids,"Inspired by Aretto from Pune, who pitched this on Shark Tank India (S3 E6) and asked ₹80L, no deal.",,footwear-brand,,,,,sharktank,S3E6P337
2284,Shark Tank India,DIY Kits for All Ages,"Inspired by Kalakaram from Gurgaon, who pitched this on Shark Tank India (S3 E6) and got ₹60L for 6%.",,toys-and-games-brand,,,,,sharktank,S3E6P338
2285,Shark Tank India,Ayurvedic Navel Oils,"Inspired by Nabhi Sutra from Vadodara, who pitched this on Shark Tank India (S3 E6) and asked ₹60L, no deal.",,personal-care-brand,,,,,sharktank,S3E6P339
2286,Shark Tank India,Kashmir Willow Bats,"Inspired by Tramboo from Srinagar, who pitched this on Shark Tank India (S3 E7) and got ₹30L for 4%.",,sports-goods-brand,,,,,sharktank,S3E7P341
2287,Shark Tank India,Chocolate Drink Mixes,"Inspired by Tiggle from Agra, who pitched this on Shark Tank India (S3 E8) and got ₹50L for 20%.",,sweet-shop,,,,,sharktank,S3E8P343
2288,Shark Tank India,Customer-as-Influencer Platform,"Inspired by WYLDCard from Mumbai, who pitched this on Shark Tank India (S3 E8) and got ₹75L for 1.5%.",,community-and-social-app,,,,,sharktank,S3E8P344
2289,Shark Tank India,Smart Cooker,"Inspired by upliance.ai from Bangalore, who pitched this on Shark Tank India (S3 E8) and asked ₹1 Cr, no deal.",,consumer-gadgets-brand,,,,,sharktank,S3E8P345
2290,Shark Tank India,Veg Pizza Chain,"Inspired by Pizza Galleria from Gohana, who pitched this on Shark Tank India (S3 E9) and asked ₹1 Cr, no deal.",,quick-service-food-outlet,,,,,sharktank,S3E9P346
2291,Shark Tank India,Hydrogen Car R&D,"Inspired by Ai Cars from Yavatmal, who pitched this on Shark Tank India (S3 E9) and asked ₹2 Cr, no deal.",,deeptech-hardware,,,,,sharktank,S3E9P347
2292,Shark Tank India,Art Learning Platform,"Inspired by Rooftop App from Mumbai, who pitched this on Shark Tank India (S3 E9) and asked ₹2 Cr, no deal.",,test-prep-online,,,,,sharktank,S3E9P348
2293,Shark Tank India,AI Drones,"Inspired by Vecros from Delhi, who pitched this on Shark Tank India (S3 E10) and got ₹20L for 1%.",,deeptech-hardware,,,,,sharktank,S3E10P351
2294,Shark Tank India,Healthy Chewing Gum,"Inspired by Gud Gum from Bangalore, who pitched this on Shark Tank India (S3 E11) and got ₹80L for 10%.",,healthy-snacks-brand,,,,,sharktank,S3E11P352
2295,Shark Tank India,Scalp Cooling for Chemo Patients,"Inspired by Eva Scalp from Mumbai, who pitched this on Shark Tank India (S3 E11) and got ₹30L for 1.8%.",,medical-devices-startup,,,,,sharktank,S3E11P353
2296,Shark Tank India,Teen Makeup Brand,"Inspired by Elitty from Gurgaon, who pitched this on Shark Tank India (S3 E11) and asked ₹1 Cr, no deal.",,personal-care-brand,,,,,sharktank,S3E11P354
2297,Shark Tank India,Coconut Based Cleaning Products,"Inspired by Koparo from Delhi, who pitched this on Shark Tank India (S3 E12) and got ₹70L for 1%.",,home-cleaning-products-brand,,,,,sharktank,S3E12P356
2298,Shark Tank India,Men's Innerwear,"Inspired by 2Ballz from Indore, who pitched this on Shark Tank India (S3 E12) and asked ₹30L, no deal.",,d2c-apparel-brand,,,,,sharktank,S3E12P357
2299,Shark Tank India,Lab Grown Diamond Jewellery,"Inspired by Jewel Box from Kolkata, who pitched this on Shark Tank India (S3 E13) and got ₹2 Cr for 6%.",,jewellery-brand,,,,,sharktank,S3E13P358
2300,Shark Tank India,Letter Writing Service,"Inspired by Daak Room from Delhi, who pitched this on Shark Tank India (S3 E13) and got ₹36L for 6%.",,content-writing-agency,,,,,sharktank,S3E13P359
2301,Shark Tank India,Mushroom Growing Kits,"Inspired by Nuvedo from Bangalore, who pitched this on Shark Tank India (S3 E13) and asked ₹50L, no deal.",,mushroom-farming,,,,,sharktank,S3E13P360
2302,Shark Tank India,Wearable Mobility Aid,"Inspired by WALK from Mumbai, who pitched this on Shark Tank India (S3 E14) and got ₹50L for 2.3%.",,medical-devices-startup,,,,,sharktank,S3E14P361
2303,Shark Tank India,Tailoring Academy,"Inspired by Raja Rani Coaching from Surat, who pitched this on Shark Tank India (S3 E14) and asked ₹1.3 Cr, no deal.",,boutique-tailoring,,,,,sharktank,S3E14P362
2304,Shark Tank India,Longevity Supplements,"Inspired by Decode Age from Bangalore, who pitched this on Shark Tank India (S3 E14) and got ₹1 Cr for 2.25%.",,nutrition-supplements-brand,,,,,sharktank,S3E14P363
2305,Shark Tank India,Fabric Jewellery,"Inspired by ALittle Extra from Guwahati, who pitched this on Shark Tank India (S3 E15) and got ₹60L for 7.5%.",,jewellery-brand,,,,,sharktank,S3E15P364
2306,Shark Tank India,Travel Bags,"Inspired by Assembly from Gurugram, who pitched this on Shark Tank India (S3 E15) and asked ₹85L, no deal.",,bags-and-accessories-brand,,,,,sharktank,S3E15P365
2307,Shark Tank India,Plant Based Dairy Products,"Inspired by Alt Co from Bangalore, who pitched this on Shark Tank India (S3 E16) and asked ₹1.5 Cr, no deal.",,dairy-farm,,,,,sharktank,S3E16P367
2308,Shark Tank India,OCR Software,"Inspired by Kibo from Faridabad, who pitched this on Shark Tank India (S3 E16) and got ₹60L for 6%.",,b2b-saas-startup,,,,,sharktank,S3E16P369
2309,Shark Tank India,Mosquito Breeding Control,"Inspired by Eco Biotraps from Ahmedabad, who pitched this on Shark Tank India (S3 E18) and asked ₹50L, no deal.",,safety-and-security-devices,,,,,sharktank,S3E18P374
2310,Shark Tank India,Car Care App,"Inspired by Hoora from Nagpur, who pitched this on Shark Tank India (S3 E18) and asked ₹80L, no deal.",,services-marketplace-app,,,,,sharktank,S3E18P375
2311,Shark Tank India,Salon Booking App,"Inspired by Yes Madam from Delhi, who pitched this on Shark Tank India (S3 E19) and got ₹1.5 Cr for 2%.",,services-marketplace-app,,,,,sharktank,S3E19P376
2312,Shark Tank India,Waterless Urinals,"Inspired by Zerodor from Ahmedabad, who pitched this on Shark Tank India (S3 E19) and asked ₹1 Cr, no deal.",,industrial-solutions,,,,,sharktank,S3E19P377
2313,Shark Tank India,Sports Academy for Kids,"Inspired by Push Sports from Delhi, who pitched this on Shark Tank India (S3 E20) and got ₹80L for 4%.",,sports-coaching-academy,,,,,sharktank,S3E20P379
2314,Shark Tank India,AI Tools for Beauty Brands,"Inspired by ORBO from Mumbai, who pitched this on Shark Tank India (S3 E20) and got ₹1 Cr for 1%.",,digital-agency,,,,,sharktank,S3E20P380
2315,Shark Tank India,Medical Cannabis Products,"Inspired by Cannazo India from Mumbai, who pitched this on Shark Tank India (S3 E20) and asked ₹1.5 Cr, no deal.",,personal-care-brand,,,,,sharktank,S3E20P381
2316,Shark Tank India,Designer Eye Wear,"Inspired by Intense Focus from India, who pitched this on Shark Tank India (S3 E21) and asked ₹5 Cr, no deal.",,bags-and-accessories-brand,,,,,sharktank,S3E21P383
2317,Shark Tank India,Innerwear for Teen Girls,"Inspired by D'chica from Delhi, who pitched this on Shark Tank India (S3 E22) and got ₹80L for 2%.",,d2c-apparel-brand,,,,,sharktank,S3E22P385
2318,Shark Tank India,Refurbished Phones,"Inspired by Refit from Delhi, who pitched this on Shark Tank India (S3 E22) and got ₹2 Cr for 1%.",,sneaker-and-streetwear-resale,,,,,sharktank,S3E22P386
2319,Shark Tank India,Zero Sugar Desserts,"Inspired by Artinci from Bangalore, who pitched this on Shark Tank India (S3 E23) and got ₹50L for 5%.",,ice-cream-and-desserts-brand,,,,,sharktank,S3E23P388
2320,Shark Tank India,Anger Management Rooms,"Inspired by The Rage Room from Hyderabad, who pitched this on Shark Tank India (S3 E23) and asked ₹20L, no deal.",,community-and-social-app,,,,,sharktank,S3E23P389
2321,Shark Tank India,Athleisure Wear,"Inspired by Aastey from Delhi, who pitched this on Shark Tank India (S3 E23) and asked ₹80L, no deal.",,d2c-apparel-brand,,,,,sharktank,S3E23P390
2322,Shark Tank India,Period Pain Relieving Devices,"Inspired by Matri from Kolkata, who pitched this on Shark Tank India (S3 E24) and got ₹60L for 4%.",,medical-devices-startup,,,,,sharktank,S3E24P391
2323,Shark Tank India,Rubber Foam Toys For Kids,"Inspired by Rubbabu from Delhi, who pitched this on Shark Tank India (S3 E24) and asked ₹2 Cr, no deal.",,toys-and-games-brand,,,,,sharktank,S3E24P392
2324,Shark Tank India,Jaipur Traditional Clothing,"Inspired by Gulabo Jaipur from Jaipur, who pitched this on Shark Tank India (S3 E24) and asked ₹90L, no deal.",,handloom-textiles-brand,,,,,sharktank,S3E24P393
2325,Shark Tank India,Follow-Me Smart Suitcase,"Inspired by Arista Vault from Delhi, who pitched this on Shark Tank India (S3 E25) and got ₹20L for 1%.",,bags-and-accessories-brand,,,,,sharktank,S3E25P394
2326,Shark Tank India,Calculator-Linked Accounting App,"Inspired by To Hands from Erode, who pitched this on Shark Tank India (S3 E25) and got ₹60L for 2%.",,fintech-startup,,,,,sharktank,S3E25P395
2327,Shark Tank India,Smart Home Gym,"Inspired by Aroleap from Bangalore, who pitched this on Shark Tank India (S3 E26) and got ₹1 Cr for 5%.",,consumer-gadgets-brand,,,,,sharktank,S3E26P397
2328,Shark Tank India,Herbal Super Supplements,"Inspired by Cosmix from India, who pitched this on Shark Tank India (S3 E26) and got ₹1 Cr for 1%.",,nutrition-supplements-brand,,,,,sharktank,S3E26P398
2329,Shark Tank India,Fabric Sourcing Service,"Inspired by Fabriclore from Jaipur, who pitched this on Shark Tank India (S3 E26) and asked ₹68.7L, no deal.",,b2b-marketplace,,,,,sharktank,S3E26P399
2330,Shark Tank India,Concrete Road Mats,"Inspired by Grid Mats from India, who pitched this on Shark Tank India (S3 E27) and asked ₹5 Cr, no deal.",,industrial-solutions,,,,,sharktank,S3E27P401
2331,Shark Tank India,Pancake QSR,"Inspired by Uncle Peters Pan Cakes from Kolkata, who pitched this on Shark Tank India (S3 E27) and got ₹60L for 3%.",,quick-service-food-outlet,,,,,sharktank,S3E27P402
2332,Shark Tank India,Sticker Brand,"Inspired by Creative Hatti from Panchkula, who pitched this on Shark Tank India (S3 E28) and asked ₹60L, no deal.",,graphic-design-studio,,,,,sharktank,S3E28P403
2333,Shark Tank India,Men's Fashion Rental,"Inspired by Candid Men from Bangalore, who pitched this on Shark Tank India (S3 E28) and got ₹60L for 5%.",,clothing-rental,,,,,sharktank,S3E28P404
2334,Shark Tank India,Yoga Accessories,"Inspired by Wise Life from Gurugram, who pitched this on Shark Tank India (S3 E29) and got ₹1.2 Cr for 4%.",,sports-goods-brand,,,,,sharktank,S3E29P406
2335,Shark Tank India,Cervical Cancer Test Kits,"Inspired by Cervicheck from Vadodara, who pitched this on Shark Tank India (S3 E29) and got ₹75L for 5%.",,medical-devices-startup,,,,,sharktank,S3E29P407
2336,Shark Tank India,Skincare Clinic,"Inspired by Avataar Skincare from Bhopal, who pitched this on Shark Tank India (S3 E30) and got ₹35L for 0.5%.",,beauty-salon,,,,,sharktank,S3E30P409
2337,Shark Tank India,Portable Wedding Hall,"Inspired by Chalte Firte Mangalkaryalay from Latur, who pitched this on Shark Tank India (S3 E30) and asked ₹2 Cr, no deal.",,wedding-planning,,,,,sharktank,S3E30P410
2338,Shark Tank India,Hydroponic Farm,"Inspired by Kryzen Biotech from Pune, who pitched this on Shark Tank India (S3 E30) and got ₹75L for 15%.",,hydroponics-and-urban-farming,,,,,sharktank,S3E30P411
2339,Shark Tank India,Brewed Iced Tea,"Inspired by FOMO from Bangalore, who pitched this on Shark Tank India (S3 E31) and got ₹35L for 6%.",,beverage-brand,,,,,sharktank,S3E31P412
2340,Shark Tank India,AI Image Generation Tool,"Inspired by Model Verse from Kozhikode, who pitched this on Shark Tank India (S3 E31) and got ₹25L for 10%.",,content-and-media-platform,,,,,sharktank,S3E31P413
2341,Shark Tank India,Flex-Fuel Bikes,"Inspired by Vikrant Bikes from Satara, who pitched this on Shark Tank India (S3 E31) and asked ₹30L, no deal.",,deeptech-hardware,,,,,sharktank,S3E31P414
2342,Shark Tank India,Energy Bars Brand,"Inspired by Rize from Gurgaon, who pitched this on Shark Tank India (S3 E32) and asked ₹45L, no deal.",,healthy-snacks-brand,,,,,sharktank,S3E32P416
2343,Shark Tank India,Gym Membership Aggregator,"Inspired by MEPACK from Delhi, who pitched this on Shark Tank India (S3 E32) and got ₹7L for 10%.",,gym,,,,,sharktank,S3E32P417
2344,Shark Tank India,Kids Audio Platform,"Inspired by Vobble from Bangalore, who pitched this on Shark Tank India (S3 E33) and got ₹25L for 2%.",,edtech-startup,,,,,sharktank,S3E33P419
2345,Shark Tank India,Unisex Salon,"Inspired by Be UNatural from Delhi, who pitched this on Shark Tank India (S3 E33) and asked ₹60L, no deal.",,beauty-salon,,,,,sharktank,S3E33P420
2346,Shark Tank India,Lingerie And Swimwear,"Inspired by Erotissch from Agra, who pitched this on Shark Tank India (S3 E34) and asked ₹75L, no deal.",,d2c-apparel-brand,,,,,sharktank,S3E34P421
2347,Shark Tank India,Sugar Free Candy,"Inspired by Niblerzz from Mumbai, who pitched this on Shark Tank India (S3 E34) and got ₹10L for 5%.",,sweet-shop,,,,,sharktank,S3E34P422
2348,Shark Tank India,Guilt Free Snacks,"Inspired by Sorich from Delhi, who pitched this on Shark Tank India (S3 E34) and asked ₹90L, no deal.",,healthy-snacks-brand,,,,,sharktank,S3E34P423
2349,Shark Tank India,Fast Fashion D2C Brand,"Inspired by Little Box from Guwahati, who pitched this on Shark Tank India (S3 E35) and got ₹75L for 2.5%.",,d2c-apparel-brand,,,,,sharktank,S3E35P424
2350,Shark Tank India,DIY Lipstick Kits,"Inspired by Karibo Cosmetics from Mumbai, who pitched this on Shark Tank India (S3 E36) and asked ₹80L, no deal.",,handmade-soap-and-cosmetics,,,,,sharktank,S3E36P427
2351,Shark Tank India,Online Saree Store,"Inspired by Deeva from Bangana, who pitched this on Shark Tank India (S3 E36) and got ₹75L for 6%.",,handloom-textiles-brand,,,,,sharktank,S3E36P428
2352,Shark Tank India,Online Design Marketplace,"Inspired by Design Template from Bid, who pitched this on Shark Tank India (S3 E36) and got ₹1 Cr for 10%.",,b2b-marketplace,,,,,sharktank,S3E36P429
2353,Shark Tank India,Online Dispute Resolution,"Inspired by Sama from Delhi, who pitched this on Shark Tank India (S3 E37) and got ₹1 Cr for 1.5%.",,legal-documentation,,,,,sharktank,S3E37P430
2354,Shark Tank India,Fabric from Poultry Waste,"Inspired by Golden Feathers from Jaipur, who pitched this on Shark Tank India (S3 E37) and asked ₹5 Cr, no deal.",,recycling-and-waste,,,,,sharktank,S3E37P431
2355,Shark Tank India,4D Learning Content,"Inspired by Myracle.io from Mumbai, who pitched this on Shark Tank India (S3 E37) and asked ₹1.2 Cr, no deal.",,deeptech-hardware,,,,,sharktank,S3E37P432
2356,Shark Tank India,Instant Tea Cups,"Inspired by Cup-ji from Mumbai, who pitched this on Shark Tank India (S3 E38) and asked ₹50L, no deal.",,beverage-brand,,,,,sharktank,S3E38P433
2357,Shark Tank India,Baby Clothing And Essentials,"Inspired by AToddler Thing from Coimbatore, who pitched this on Shark Tank India (S3 E38) and got ₹40L for 2%.",,d2c-apparel-brand,,,,,sharktank,S3E38P434
2358,Shark Tank India,Pain Management Platform,"Inspired by Flexify Me from Pune, who pitched this on Shark Tank India (S3 E38) and got ₹50L for 1.32%.",,physio-and-massage,,,,,sharktank,S3E38P435
2359,Shark Tank India,Sustainable Materials R&D,"Inspired by Dharaksha from Faridabad, who pitched this on Shark Tank India (S3 E39) and got ₹0.0125L for 1%.",,eco-friendly-products-brand,,,,,sharktank,S3E39P436
2360,Shark Tank India,Indian Craft Rum,"Inspired by Rock Paper Rum from Mumbai, who pitched this on Shark Tank India (S3 E39) and got ₹20L for 1%.",,beverage-brand,,,,,sharktank,S3E39P438
2361,Shark Tank India,Muesli & Granola Brand,"Inspired by Fit&Flex from Ahmedabad, who pitched this on Shark Tank India (S3 E40) and asked ₹1 Cr, no deal.",,healthy-snacks-brand,,,,,sharktank,S3E40P439
2362,Shark Tank India,Men's Sexual Wellness,"Inspired by Sukham from Delhi, who pitched this on Shark Tank India (S3 E40) and asked ₹1 Cr, no deal.",,healthtech-startup,,,,,sharktank,S3E40P440
2363,Shark Tank India,Quit-Smoking Tablets,"Inspired by Smotect from Mumbai, who pitched this on Shark Tank India (S3 E40) and got ₹50L for 5%.",,nutrition-supplements-brand,,,,,sharktank,S3E40P441
2364,Shark Tank India,Wildlife Deterrent Lights,"Inspired by Katidhan from Bangalore, who pitched this on Shark Tank India (S3 E41) and got ₹75L for 5%.",,safety-and-security-devices,,,,,sharktank,S3E41P442
2365,Shark Tank India,AI EdTech Platform,"Inspired by NEMAAI from Delhi, who pitched this on Shark Tank India (S3 E41) and got ₹40L for 8%.",,test-prep-online,,,,,sharktank,S3E41P443
2366,Shark Tank India,Tactical Clothing,"Inspired by Spec Ops from India, who pitched this on Shark Tank India (S3 E42) and got ₹40L for 2%.",,d2c-apparel-brand,,,,,sharktank,S3E42P445
2367,Shark Tank India,Wellness Journals & Planners,"Inspired by Odd Giraffe from Mumbai, who pitched this on Shark Tank India (S3 E42) and asked ₹75L, no deal.",,stationery-and-art-supplies,,,,,sharktank,S3E42P447
2368,Shark Tank India,Newborn Vital Monitor,"Inspired by Nemocare from Hyderabad, who pitched this on Shark Tank India (S3 E43) and got ₹20L for 0.67%.",,medical-devices-startup,,,,,sharktank,S3E43P448
2369,Shark Tank India,Unmanned Underwater Robots,"Inspired by Coratia Technologies from Rourkela, who pitched this on Shark Tank India (S3 E43) and got ₹80L for 1%.",,deeptech-hardware,,,,,sharktank,S3E43P450
2370,Shark Tank India,Natural Cooling Systems,"Inspired by Coolant from Noida, who pitched this on Shark Tank India (S3 E44) and asked ₹90L, no deal.",,industrial-solutions,,,,,sharktank,S3E44P451
2371,Shark Tank India,Farm Robotics,"Inspired by Xmachines from Hyderabad, who pitched this on Shark Tank India (S3 E44) and got ₹72L for 4%.",,deeptech-hardware,,,,,sharktank,S3E44P452
2372,Shark Tank India,Intimacy Furniture,"Inspired by Luvottica from Abohar, who pitched this on Shark Tank India (S3 E44) and asked ₹2 Cr, no deal.",,furniture-workshop,,,,,sharktank,S3E44P453
2373,Shark Tank India,Food Business Training App,"Inspired by Farm Didi from Amravati, who pitched this on Shark Tank India (S3 E45) and got ₹1 Cr for 10%.",,edtech-startup,,,,,sharktank,S3E45P454
2374,Shark Tank India,Ready-to-Eat Popcorn,"Inspired by Popcorn from Delhi, who pitched this on Shark Tank India (S3 E45) and got ₹75L for 15%.",,healthy-snacks-brand,,,,,sharktank,S3E45P455
2375,Shark Tank India,Fractional Car Ownership Platform,"Inspired by Prorata from Bangalore, who pitched this on Shark Tank India (S3 E45) and got ₹50L for 10%.",,fintech-startup,,,,,sharktank,S3E45P456
2376,Shark Tank India,Smart Fuel Caps,"Inspired by Alien Versions from Itanagar, who pitched this on Shark Tank India (S3 E46) and asked ₹50L, no deal.",,deeptech-hardware,,,,,sharktank,S3E46P458
2377,Shark Tank India,Premium Chocolates,"Inspired by Rocca from Nagpur, who pitched this on Shark Tank India (S3 E46) and got ₹30L for 2.5%.",,sweet-shop,,,,,sharktank,S3E46P459
2378,Shark Tank India,Websites for Kirana Stores,"Inspired by Kiko Live from Mumbai, who pitched this on Shark Tank India (S3 E47) and asked ₹1 Cr, no deal.",,b2b-marketplace,,,,,sharktank,S3E47P460
2379,Shark Tank India,Virtual Influencers for Brands,"Inspired by FUTRStudios from Chandigarh, who pitched this on Shark Tank India (S3 E47) and asked ₹1 Cr, no deal.",,digital-agency,,,,,sharktank,S3E47P462
2380,Shark Tank India,Organic Diapers,"Inspired by Allter from Delhi, who pitched this on Shark Tank India (S3 E48) and got ₹1 Cr for 4%.",,personal-care-brand,,,,,sharktank,S3E48P463
2381,Shark Tank India,Intimate Wear,"Inspired by Shararat from Noida, who pitched this on Shark Tank India (S3 E48) and asked ₹60L, no deal.",,d2c-apparel-brand,,,,,sharktank,S3E48P465
2382,Shark Tank India,IIT-JEE Coaching,"Inspired by Competishun from Jaipur, who pitched this on Shark Tank India (S3 E49) and asked ₹2 Cr, no deal.",,coaching-centre,,,,,sharktank,S3E49P466
2383,Shark Tank India,Premium Coffee,"Inspired by Kiosk Kaffee from Pune, who pitched this on Shark Tank India (S3 E49) and asked ₹90L, no deal.",,beverage-brand,,,,,sharktank,S3E49P468
2384,Shark Tank India,Neon Sign Studio,"Inspired by Neon Attack from Hyderabad, who pitched this on Shark Tank India (S3 E50) and got ₹50L for 2%.",,handcrafted-home-decor,,,,,sharktank,S3E50P469
2385,Shark Tank India,Copper & Brass Kitchenware,"Inspired by PTal from Amritsar, who pitched this on Shark Tank India (S3 E50) and got ₹1 Cr for 3.2%.",,handcrafted-home-decor,,,,,sharktank,S3E50P470
2386,Shark Tank India,Trucker & Fleet App,"Inspired by Road Pilot from Lucknow, who pitched this on Shark Tank India (S3 E50) and asked ₹80L, no deal.",,b2b-marketplace,,,,,sharktank,S3E50P471
2387,Shark Tank India,Smart Cleaning Device,"Inspired by Smart Mop from Mysuru, who pitched this on Shark Tank India (S3 E51) and asked ₹15L, no deal.",,consumer-gadgets-brand,,,,,sharktank,S3E51P472
2388,Shark Tank India,Sustainable Fabrics Manufacturer,"Inspired by Canvaloop from Surat, who pitched this on Shark Tank India (S3 E52) and got ₹2 Cr for 4%.",,eco-friendly-products-brand,,,,,sharktank,S3E52P477
2389,Shark Tank India,Plant Compliance Software,"Inspired by Digital Paani from Jaipur, who pitched this on Shark Tank India (S3 E52) and asked ₹70L, no deal.",,b2b-saas-startup,,,,,sharktank,S3E52P478
2390,Shark Tank India,Premium Confectionery,"Inspired by CONFECT from Delhi, who pitched this on Shark Tank India (S4 E1) and got ₹1 Cr for 2%.",,sweet-shop,,,,,sharktank,S4E1P480
2391,Shark Tank India,Luxury Resale App,"Inspired by Indulge from Goa, who pitched this on Shark Tank India (S4 E1) and asked ₹50L, no deal.",,services-marketplace-app,,,,,sharktank,S4E1P481
2392,Shark Tank India,Fabric Store,"Inspired by BLFabric from Surat, who pitched this on Shark Tank India (S4 E2) and got ₹1 Cr for 5%.",,handloom-textiles-brand,,,,,sharktank,S4E2P482
2393,Shark Tank India,Affordable Sneaker Store,"Inspired by Culture Circle from Gurugram, who pitched this on Shark Tank India (S4 E2) and got ₹3 Cr for 3%.",,sneaker-and-streetwear-resale,,,,,sharktank,S4E2P483
2394,Shark Tank India,Employee Healthcare Plans,"Inspired by Nexera Health from Jaipur, who pitched this on Shark Tank India (S4 E2) and asked ₹75L, no deal.",,healthtech-startup,,,,,sharktank,S4E2P484
2395,Shark Tank India,E-Bike Sharing,"Inspired by Curve Electric from Srinagar, who pitched this on Shark Tank India (S4 E3) and asked ₹5 Cr, no deal.",,ev-charging-and-rental,,,,,sharktank,S4E3P487
2396,Shark Tank India,Organic Jaggery Sweets,"Inspired by Gudworld from Aurangabad, who pitched this on Shark Tank India (S4 E4) and got ₹50L for 5%.",,honey-and-organic-produce,,,,,sharktank,S4E4P488
2397,Shark Tank India,AC Air Purifiers,"Inspired by airth from Delhi, who pitched this on Shark Tank India (S4 E4) and got ₹1 Cr for 3.7%.",,consumer-gadgets-brand,,,,,sharktank,S4E4P489
2398,Shark Tank India,Home Services Request App,"Inspired by One Dios from Noida, who pitched this on Shark Tank India (S4 E4) and asked ₹75L, no deal.",,home-cleaning-service,,,,,sharktank,S4E4P490
2399,Shark Tank India,Mental Wellness Wearables,"Inspired by Inner Gize from Delhi, who pitched this on Shark Tank India (S4 E5) and got ₹1 Cr for 4.2%.",,medical-devices-startup,,,,,sharktank,S4E5P491
2400,Shark Tank India,"Skin, Body & Home Care","Inspired by Personal Touch Skincare from Panipat, who pitched this on Shark Tank India (S4 E5) and asked ₹1.2 Cr, no deal.",,personal-care-brand,,,,,sharktank,S4E5P492
2401,Shark Tank India,Organic Grocery Store,"Inspired by KIWIKisan Window from Dehradun, who pitched this on Shark Tank India (S4 E5) and got ₹2.5 Cr for 10%.",,honey-and-organic-produce,,,,,sharktank,S4E5P493
2402,Shark Tank India,Trekking Gear,"Inspired by Tripole Gear from Delhi, who pitched this on Shark Tank India (S4 E6) and got ₹75L for 1.15%.",,sports-goods-brand,,,,,sharktank,S4E6P494
2403,Shark Tank India,AI Personal Assistant,"Inspired by Neosapien from Gwalior, who pitched this on Shark Tank India (S4 E6) and got ₹80L for 4%.",,b2b-saas-startup,,,,,sharktank,S4E6P495
2404,Shark Tank India,Affordable Cheesecakes,"Inspired by Miss Cheesecake from Jodhpur, who pitched this on Shark Tank India (S4 E6) and asked ₹30L, no deal.",,ice-cream-and-desserts-brand,,,,,sharktank,S4E6P496
2405,Shark Tank India,Modular Kitchens,"Inspired by Speed Kitchen from Delhi, who pitched this on Shark Tank India (S4 E7) and got ₹2 Cr for 6%.",,furniture-workshop,,,,,sharktank,S4E7P497
2406,Shark Tank India,Traditional Fitness Tools,"Inspired by Mudgar Club from India, who pitched this on Shark Tank India (S4 E7) and got ₹50L for 12.5%.",,sports-goods-brand,,,,,sharktank,S4E7P498
2407,Shark Tank India,Creative Toys & Games,"Inspired by Imagi Make from Mumbai, who pitched this on Shark Tank India (S4 E7) and asked ₹1.5 Cr, no deal.",,toys-and-games-brand,,,,,sharktank,S4E7P499
2408,Shark Tank India,Affordable Protein Supplements,"Inspired by Beast Life from Kanpur, who pitched this on Shark Tank India (S4 E8) and asked ₹1 Cr, no deal.",,nutrition-supplements-brand,,,,,sharktank,S4E8P500
2409,Shark Tank India,Premium Hair Care Products,"Inspired by Havintha from Indore, who pitched this on Shark Tank India (S4 E8) and asked ₹50L, no deal.",,personal-care-brand,,,,,sharktank,S4E8P502
2410,Shark Tank India,Online Plant Nursery,"Inspired by Nurturing Green from Lucknow, who pitched this on Shark Tank India (S4 E9) and got ₹50L for 1.25%.",,nursery-and-plants,,,,,sharktank,S4E9P503
2411,Shark Tank India,College Application Mentoring,"Inspired by Project Clay from Goa, who pitched this on Shark Tank India (S4 E10) and got ₹15L for 10%.",,career-counselling,,,,,sharktank,S4E10P505
2412,Shark Tank India,Affordable Electric Motorcycles,"Inspired by Deni Bikes from Pune, who pitched this on Shark Tank India (S4 E10) and asked ₹30L, no deal.",,ev-assembly,,,,,sharktank,S4E10P506
2413,Shark Tank India,Personalised Gifts,"Inspired by Pretty Little Shop from Mumbai, who pitched this on Shark Tank India (S4 E10) and asked ₹30L, no deal.",,custom-gifting-store,,,,,sharktank,S4E10P507
2414,Shark Tank India,Natural Mineral Water,"Inspired by Aquapeya from Sangli, who pitched this on Shark Tank India (S4 E11) and got ₹70L for 3%.",,beverage-brand,,,,,sharktank,S4E11P508
2415,Shark Tank India,Safety Wearables,"Inspired by Jarsh from Hyderabad, who pitched this on Shark Tank India (S4 E11) and got ₹50L for 1.5%.",,safety-and-security-devices,,,,,sharktank,S4E11P509
2416,Shark Tank India,Pre-Owned Gaming Consoles,"Inspired by DACBY from Kanpur, who pitched this on Shark Tank India (S4 E11) and asked ₹75L, no deal.",,sneaker-and-streetwear-resale,,,,,sharktank,S4E11P510
2417,Shark Tank India,Building Restoration Services,"Inspired by Savani Heritage from Mumbai, who pitched this on Shark Tank India (S4 E12) and got ₹1 Cr for 0.8%.",,industrial-solutions,,,,,sharktank,S4E12P512
2418,Shark Tank India,Sneaker Care Products,"Inspired by SNEAKINN from Gurugram, who pitched this on Shark Tank India (S4 E12) and got ₹90L for 6.5%.",,footwear-brand,,,,,sharktank,S4E12P513
2419,Shark Tank India,Affordable Prosthetics,"Inspired by fupro from Chandigarh, who pitched this on Shark Tank India (S4 E13) and got ₹60L for 4%.",,medical-devices-startup,,,,,sharktank,S4E13P514
2420,Shark Tank India,Heritage-inspired Fashion Footwear,"Inspired by Kanvas from Mumbai, who pitched this on Shark Tank India (S4 E13) and asked ₹60L, no deal.",,footwear-brand,,,,,sharktank,S4E13P515
2421,Shark Tank India,Smart Billing Machines,"Inspired by ezo from Akola, who pitched this on Shark Tank India (S4 E13) and asked ₹50L, no deal.",,industrial-solutions,,,,,sharktank,S4E13P516
2422,Shark Tank India,Payment Wearables Developed,"Inspired by Seven from Mumbai, who pitched this on Shark Tank India (S4 E14) and got ₹75L for 1.5%.",,deeptech-hardware,,,,,sharktank,S4E14P517
2423,Shark Tank India,2D Animation Studio,"Inspired by The Future Animations from Delhi, who pitched this on Shark Tank India (S4 E14) and got ₹50L for 10%.",,video-editing-service,,,,,sharktank,S4E14P518
2424,Shark Tank India,Autism Screening,"Inspired by Aignosis from Jaipur, who pitched this on Shark Tank India (S4 E14) and got ₹1 Cr for 8%.",,healthtech-startup,,,,,sharktank,S4E14P519
2425,Shark Tank India,Rechargeable Lamps,"Inspired by Rosha from Delhi, who pitched this on Shark Tank India (S4 E15) and got ₹60L for 4%.",,consumer-gadgets-brand,,,,,sharktank,S4E15P520
2426,Shark Tank India,Fee Reminder Software,"Inspired by Make My Payment from Ujjain, who pitched this on Shark Tank India (S4 E15) and asked ₹30L, no deal.",,b2b-saas-startup,,,,,sharktank,S4E15P521
2427,Shark Tank India,Vitamin Patches,"Inspired by Patch Up from Delhi, who pitched this on Shark Tank India (S4 E15) and got ₹50L for 2.27%.",,nutrition-supplements-brand,,,,,sharktank,S4E15P522
2428,Shark Tank India,Kids & Teen Personal Care,"Inspired by tikitoro from Chennai, who pitched this on Shark Tank India (S4 E16) and got ₹25L for 1%.",,personal-care-brand,,,,,sharktank,S4E16P523
2429,Shark Tank India,Musculoskeletal Wearables,"Inspired by Ashva from Ghaziabad, who pitched this on Shark Tank India (S4 E16) and got ₹50L for 4%.",,medical-devices-startup,,,,,sharktank,S4E16P524
2430,Shark Tank India,Pre-Draped Sarees,"Inspired by Aseem Shakti from Mumbai, who pitched this on Shark Tank India (S4 E16) and got ₹50L for 10%.",,handloom-textiles-brand,,,,,sharktank,S4E16P525
2431,Shark Tank India,Ride-On Power Reaper,"Inspired by RBDMachine Tools from Jaipur, who pitched this on Shark Tank India (S4 E17) and got ₹50L for 1%.",,agritech-devices,,,,,sharktank,S4E17P526
2432,Shark Tank India,Eco-friendly Paints,"Inspired by Midas Paint from Pune, who pitched this on Shark Tank India (S4 E17) and asked ₹3 Cr, no deal.",,eco-friendly-products-brand,,,,,sharktank,S4E17P527
2433,Shark Tank India,Pickleball Paddles & Courts,"Inspired by Goodland Pickleball from Mumbai, who pitched this on Shark Tank India (S4 E17) and got ₹80L for 6%.",,sports-goods-brand,,,,,sharktank,S4E17P528
2434,Shark Tank India,Cricket Gaming Console,"Inspired by Metashot from Bangalore, who pitched this on Shark Tank India (S4 E18) and got ₹1.6 Cr for 5%.",,toys-and-games-brand,,,,,sharktank,S4E18P530
2435,Shark Tank India,Soya Chaap Outlet,"Inspired by Gabru Di Chaap from Hyderabad, who pitched this on Shark Tank India (S4 E18) and got ₹1.4 Cr for 6%.",,frozen-and-ready-to-cook-foods,,,,,sharktank,S4E18P531
2436,Shark Tank India,Makeup For Men,"Inspired by Yaan Man from Ahmedabad, who pitched this on Shark Tank India (S4 E19) and got ₹1 Cr for 20%.",,personal-care-brand,,,,,sharktank,S4E19P532
2437,Shark Tank India,Premium Headphones,"Inspired by Sonic Lamb from Mangalore, who pitched this on Shark Tank India (S4 E19) and got ₹50L for 1%.",,consumer-gadgets-brand,,,,,sharktank,S4E19P533
2438,Shark Tank India,Bagless Tea Dips,"Inspired by Woolah from Sivasagar, who pitched this on Shark Tank India (S4 E19) and got ₹50L for 2.5%.",,beverage-brand,,,,,sharktank,S4E19P534
2439,Shark Tank India,Pocket Perfumes,"Inspired by EM5 from Indore, who pitched this on Shark Tank India (S4 E20) and got ₹1 Cr for 10%.",,personal-care-brand,,,,,sharktank,S4E20P535
2440,Shark Tank India,Body-Type Womenswear,"Inspired by Woman Like U from Bangalore, who pitched this on Shark Tank India (S4 E20) and got ₹1 Cr for 3%.",,d2c-apparel-brand,,,,,sharktank,S4E20P536
2441,Shark Tank India,Self-publishing Platform,"Inspired by Book Leaf Publishing from Delhi, who pitched this on Shark Tank India (S4 E20) and asked ₹90L, no deal.",,publishing-and-comics,,,,,sharktank,S4E20P537
2442,Shark Tank India,Cricket Batting Sensor,"Inspired by Str8bat from Bangalore, who pitched this on Shark Tank India (S4 E21) and got ₹1.5 Cr for 3.5%.",,sports-goods-brand,,,,,sharktank,S4E21P538
2443,Shark Tank India,Sustainable Fabric Dolls,"Inspired by The Good Doll from Ooty, who pitched this on Shark Tank India (S4 E21) and asked ₹50L, no deal.",,toys-and-games-brand,,,,,sharktank,S4E21P540
2444,Shark Tank India,Solar Dryers,"Inspired by Raheja Solar Food Processing from Indore, who pitched this on Shark Tank India (S4 E22) and got ₹1.75 Cr for 4.38%.",,solar-installation,,,,,sharktank,S4E22P543
2445,Shark Tank India,Riding Apparel,"Inspired by Wanderlooms from Bhopal, who pitched this on Shark Tank India (S4 E23) and got ₹50L for 4%.",,sports-goods-brand,,,,,sharktank,S4E23P544
2446,Shark Tank India,Undergarment Wash,"Inspired by Ugees from Noida, who pitched this on Shark Tank India (S4 E23) and got ₹50L for 4%.",,home-cleaning-products-brand,,,,,sharktank,S4E23P545
2447,Shark Tank India,Bubble Tea,"Inspired by Boba Bhai from Bangalore, who pitched this on Shark Tank India (S4 E24) and got ₹90L for 1%.",,beverage-brand,,,,,sharktank,S4E24P548
2448,Shark Tank India,Quirky Accessories,"Inspired by Hexafun from Mumbai, who pitched this on Shark Tank India (S4 E24) and asked ₹1 Cr, no deal.",,bags-and-accessories-brand,,,,,sharktank,S4E24P549
2449,Shark Tank India,Chemical-free Sauces,"Inspired by Repeat Gud from Raipur, who pitched this on Shark Tank India (S4 E25) and got ₹50L for 10%.",,pickle-and-papad-brand,,,,,sharktank,S4E25P550
2450,Shark Tank India,Skateboard Store,"Inspired by Skate Supply India from Chandigarh, who pitched this on Shark Tank India (S4 E25) and asked ₹50L, no deal.",,sports-goods-brand,,,,,sharktank,S4E25P551
2451,Shark Tank India,Juice & Smoothie Bar,"Inspired by Utopian Drinks from Thane, who pitched this on Shark Tank India (S4 E25) and asked ₹40L, no deal.",,juice-and-shake-bar,,,,,sharktank,S4E25P552
2452,Shark Tank India,Waste Reduction Platform,"Inspired by GOFIG from Pune, who pitched this on Shark Tank India (S4 E26) and asked ₹50L, no deal.",,recycling-and-waste,,,,,sharktank,S4E26P553
2453,Shark Tank India,Mukhwas & Mouth Fresheners,"Inspired by Joyspoon from Ahmedabad, who pitched this on Shark Tank India (S4 E26) and got ₹40L for 2%.",,pickle-and-papad-brand,,,,,sharktank,S4E26P554
2454,Shark Tank India,English School for Kids,"Inspired by bambinos from Bangalore, who pitched this on Shark Tank India (S4 E26) and got ₹1 Cr for 1.5%.",,kids-enrichment-classes,,,,,sharktank,S4E26P555
2455,Shark Tank India,DIY Science Toys,"Inspired by Fundoo Labs from Vadodara, who pitched this on Shark Tank India (S4 E27) and got ₹66L for 7%.",,toys-and-games-brand,,,,,sharktank,S4E27P556
2456,Shark Tank India,Desi Food Restaurant,"Inspired by Gaon from Champaran, who pitched this on Shark Tank India (S4 E27) and got ₹80L for 8%.",,quick-service-food-outlet,,,,,sharktank,S4E27P557
2457,Shark Tank India,Women-Woven Silk,"Inspired by Eri Weave from Kdonghulu, who pitched this on Shark Tank India (S4 E27) and got ₹20L for 12%.",,handloom-textiles-brand,,,,,sharktank,S4E27P558
2458,Shark Tank India,Healthy Sweets,"Inspired by Paleoo Bakes from Mumbai, who pitched this on Shark Tank India (S4 E28) and got ₹1 Cr for 9%.",,healthy-snacks-brand,,,,,sharktank,S4E28P559
2459,Shark Tank India,Assistive Tech for the Visually Impaired,"Inspired by Neura Sim from Bangalore, who pitched this on Shark Tank India (S4 E28) and asked ₹1 Cr, no deal.",,medical-devices-startup,,,,,sharktank,S4E28P560
2460,Shark Tank India,Luxury Fashion,"Inspired by Offmint from Samastipur, who pitched this on Shark Tank India (S4 E28) and got ₹10L for 4%.",,d2c-apparel-brand,,,,,sharktank,S4E28P561
2461,Shark Tank India,Affordable Designer Decor,"Inspired by Chokhat from Delhi, who pitched this on Shark Tank India (S4 E29) and got ₹30L for 10%.",,handcrafted-home-decor,,,,,sharktank,S4E29P562
2462,Shark Tank India,Home Espresso Machines,"Inspired by Zenma Coffee from Gurugram, who pitched this on Shark Tank India (S4 E29) and asked ₹60L, no deal.",,beverage-brand,,,,,sharktank,S4E29P563
2463,Shark Tank India,Biofortified Atta,"Inspired by Better Nutrition from Lucknow, who pitched this on Shark Tank India (S4 E30) and got ₹60L for 1%.",,spice-processing-unit,,,,,sharktank,S4E30P565
2464,Shark Tank India,Women's Lifestyle Products,"Inspired by Pinq Polka from Faridabad, who pitched this on Shark Tank India (S4 E30) and asked ₹1 Cr, no deal.",,d2c-apparel-brand,,,,,sharktank,S4E30P566
2465,Shark Tank India,Used Books Marketplace,"Inspired by Near Book from Sanchore, who pitched this on Shark Tank India (S4 E31) and got ₹40L for 20%.",,used-book-store,,,,,sharktank,S4E31P568
2466,Shark Tank India,Cooling Vests,"Inspired by Klimate from Bangalore, who pitched this on Shark Tank India (S4 E31) and asked ₹54L, no deal.",,consumer-gadgets-brand,,,,,sharktank,S4E31P570
2467,Shark Tank India,Leakproof Period Panties,"Inspired by Health Fab from India, who pitched this on Shark Tank India (S4 E32) and got ₹2 Cr for 7%.",,personal-care-brand,,,,,sharktank,S4E32P571
2468,Shark Tank India,Telescopes & Binoculars,"Inspired by Pie Matrix from Delhi, who pitched this on Shark Tank India (S4 E32) and asked ₹1 Cr, no deal.",,consumer-gadgets-brand,,,,,sharktank,S4E32P572
2469,Shark Tank India,Sarees & Kurtas Brand,"Inspired by Sudathi from Surat, who pitched this on Shark Tank India (S4 E32) and got ₹1 Cr for 4%.",,handloom-textiles-brand,,,,,sharktank,S4E32P573
2470,Shark Tank India,Dental Veneers,"Inspired by Dream Smile from Mumbai, who pitched this on Shark Tank India (S4 E33) and asked ₹80L, no deal.",,medical-devices-startup,,,,,sharktank,S4E33P576
2471,Shark Tank India,Demi-fine Jewellery,"Inspired by Palmonas from Pune, who pitched this on Shark Tank India (S4 E34) and got ₹1.26 Cr for 1%.",,jewellery-brand,,,,,sharktank,S4E34P578
2472,Shark Tank India,Ayurvedic Hair Oil,"Inspired by Nidhi's Grandmaa Secret from Gurugram, who pitched this on Shark Tank India (S4 E35) and got ₹70L for 5%.",,personal-care-brand,,,,,sharktank,S4E35P580
2473,Shark Tank India,Solar Equipment Service,"Inspired by Solnce from Surat, who pitched this on Shark Tank India (S4 E35) and got ₹1 Cr for 2.5%.",,solar-installation,,,,,sharktank,S4E35P581
2474,Shark Tank India,Plant-Based Home Cleaners,"Inspired by Born Good from Bangalore, who pitched this on Shark Tank India (S4 E35) and asked ₹70L, no deal.",,home-cleaning-products-brand,,,,,sharktank,S4E35P582
2475,Shark Tank India,Book Platform,"Inspired by Zebra Learn from Surat, who pitched this on Shark Tank India (S4 E36) and got ₹1 Cr for 1.6%.",,publishing-and-comics,,,,,sharktank,S4E36P584
2476,Shark Tank India,Hand-Painted Handloom,"Inspired by Exclusive Lane from Gurugram, who pitched this on Shark Tank India (S4 E36) and asked ₹50L, no deal.",,handloom-textiles-brand,,,,,sharktank,S4E36P585
2477,Shark Tank India,Startup News Site,"Inspired by Medial from Bangalore, who pitched this on Shark Tank India (S4 E37) and got ₹50L for 2.5%.",,content-and-media-platform,,,,,sharktank,S4E37P586
2478,Shark Tank India,Artisanal Cheese,"Inspired by Panchal Dairy from Surendranagar, who pitched this on Shark Tank India (S4 E37) and asked ₹20L, no deal.",,dairy-farm,,,,,sharktank,S4E37P587
2479,Shark Tank India,Car Seat Comfort Products,"Inspired by Trajectory from Delhi, who pitched this on Shark Tank India (S4 E39) and got ₹50L for 3%.",,consumer-gadgets-brand,,,,,sharktank,S4E39P592
2480,Shark Tank India,Farmer E-Commerce Platform,"Inspired by F2DF from Jind, who pitched this on Shark Tank India (S4 E39) and got ₹5L for 2%.",,b2b-marketplace,,,,,sharktank,S4E39P594
2481,Shark Tank India,Skin & Hair Supplements,"Inspired by Beautywise from Delhi, who pitched this on Shark Tank India (S4 E41) and got ₹3 Cr for 6%.",,nutrition-supplements-brand,,,,,sharktank,S4E41P598
2482,Shark Tank India,Brain Training Games,"Inspired by Ivory from Bangalore, who pitched this on Shark Tank India (S4 E41) and got ₹50L for 5%.",,healthtech-startup,,,,,sharktank,S4E41P599
2483,Shark Tank India,Luxury Catering,"Inspired by The House Party By Savar from Gurugram, who pitched this on Shark Tank India (S4 E41) and got ₹50L for 5%.",,event-catering,,,,,sharktank,S4E41P600
2484,Shark Tank India,Matcha Brand,"Inspired by Glow Glossary from Bangalore, who pitched this on Shark Tank India (S4 E42) and asked ₹60L, no deal.",,beverage-brand,,,,,sharktank,S4E42P601
2485,Shark Tank India,Dental Clinic,"Inspired by Singh Dental Care from Amritsar, who pitched this on Shark Tank India (S4 E42) and asked ₹1 Cr, no deal.",,medical-devices-startup,,,,,sharktank,S4E42P602
2486,Shark Tank India,Jamun Superfood Products,"Inspired by Tribal Veda from Udaipur, who pitched this on Shark Tank India (S4 E42) and got ₹50L for 2.8%.",,honey-and-organic-produce,,,,,sharktank,S4E42P603
2487,Shark Tank India,E-Textile Fashion,"Inspired by Anuvad from Ahmedabad, who pitched this on Shark Tank India (S4 E43) and asked ₹50L, no deal.",,d2c-apparel-brand,,,,,sharktank,S4E43P604
2488,Shark Tank India,Weight Management Program,"Inspired by Fitelo from Mohali, who pitched this on Shark Tank India (S4 E43) and got ₹1.5 Cr for 1%.",,healthtech-startup,,,,,sharktank,S4E43P605
2489,Shark Tank India,Homemade Delicacies,"Inspired by Nanighar from Kolkata, who pitched this on Shark Tank India (S4 E43) and asked ₹1 Cr, no deal.",,cloud-kitchen,,,,,sharktank,S4E43P606
2490,Shark Tank India,Co-Living & Co-Working,"Inspired by Artbuzz from Delhi, who pitched this on Shark Tank India (S4 E44) and asked ₹1 Cr, no deal.",,coworking-and-coliving,,,,,sharktank,S4E44P608
2491,Shark Tank India,Pure Spices Brand,"Inspired by Tulua from Mumbai, who pitched this on Shark Tank India (S4 E44) and asked ₹50L, no deal.",,spice-processing-unit,,,,,sharktank,S4E44P609
2492,Shark Tank India,Kidswear Brand,"Inspired by Taffykids from Mumbai, who pitched this on Shark Tank India (S4 E45) and got ₹75L for 1.5%.",,d2c-apparel-brand,,,,,sharktank,S4E45P610
2493,Shark Tank India,Shilajit Supplements,"Inspired by Zingavita from Chandigarh, who pitched this on Shark Tank India (S4 E45) and asked ₹1 Cr, no deal.",,nutrition-supplements-brand,,,,,sharktank,S4E45P612
2494,Shark Tank India,Handbags Brand,"Inspired by Dhaaga Life from Mumbai, who pitched this on Shark Tank India (S4 E45) and asked ₹75L, no deal.",,bags-and-accessories-brand,,,,,sharktank,S4E45P613
2495,Shark Tank India,Tiles Showroom,"Inspired by Tileskraft from Borbi, who pitched this on Shark Tank India (S4 E46) and asked ₹60L, no deal.",,home-painting-contractor,,,,,sharktank,S4E46P614
2496,Shark Tank India,Jewellery for Deities,"Inspired by Krishnsakhi from Mumbai, who pitched this on Shark Tank India (S4 E46) and asked ₹37.5L, no deal.",,pooja-and-incense-products,,,,,sharktank,S4E46P615
2497,Shark Tank India,Borewell Water Solutions,"Inspired by Bore Charger from Pune, who pitched this on Shark Tank India (S4 E46) and asked ₹75L, no deal.",,agritech-devices,,,,,sharktank,S4E46P616
2498,Shark Tank India,3D Home Design Service,"Inspired by Super Bolter from Bangalore, who pitched this on Shark Tank India (S4 E47) and asked ₹75L, no deal.",,interior-design-studio,,,,,sharktank,S4E47P617
2499,Shark Tank India,Sales Training School,"Inspired by Hive School from Delhi, who pitched this on Shark Tank India (S4 E47) and asked ₹60L, no deal.",,kids-enrichment-classes,,,,,sharktank,S4E47P618
2500,Shark Tank India,Borosilicate Bottles & Lunch Boxes,"Inspired by Tintbox from Ahmedabad, who pitched this on Shark Tank India (S4 E47) and asked ₹70L, no deal.",,crockery-and-kitchenware-store,,,,,sharktank,S4E47P619
2501,Shark Tank India,Low-Maintenance Rugs,"Inspired by Easy Rugs from Delhi, who pitched this on Shark Tank India (S4 E48) and got ₹35L for 5%.",,eco-friendly-products-brand,,,,,sharktank,S4E48P620
2502,Shark Tank India,Women's Footwear,"Inspired by Styles Try from Delhi, who pitched this on Shark Tank India (S4 E48) and asked ₹50L, no deal.",,footwear-brand,,,,,sharktank,S4E48P621
2503,Shark Tank India,Nicotine-Free Smoking Alternative,"Inspired by Quitci from Kolar, who pitched this on Shark Tank India (S4 E48) and asked ₹50L, no deal.",,medical-devices-startup,,,,,sharktank,S4E48P622
2504,Shark Tank India,Protein Snacks,"Inspired by Fit Feast from Delhi, who pitched this on Shark Tank India (S4 E49) and got ₹1 Cr for 18%.",,healthy-snacks-brand,,,,,sharktank,S4E49P623
2505,Shark Tank India,Affordable Menswear,"Inspired by The Bear House from Bangalore, who pitched this on Shark Tank India (S4 E49) and got ₹1 Cr for 1%.",,d2c-apparel-brand,,,,,sharktank,S4E49P624
2506,Shark Tank India,Dog DNA Tests,"Inspired by Urban Animal from Bangalore, who pitched this on Shark Tank India (S4 E49) and asked ₹45L, no deal.",,deeptech-hardware,,,,,sharktank,S4E49P625
2507,Shark Tank India,Himalayan Whisky,"Inspired by Woodsmen from Delhi, who pitched this on Shark Tank India (S4 E50) and asked ₹1.5 Cr, no deal.",,beverage-brand,,,,,sharktank,S4E50P628
2508,Shark Tank India,Bioplastics,"Inspired by Bhavisya Plast from Kolkata, who pitched this on Shark Tank India (S4 E51) and got ₹2 Cr for 10%.",,recycling-and-waste,,,,,sharktank,S4E51P629
2509,Shark Tank India,Recycled Paper Stationery,"Inspired by Rescript from Bangalore, who pitched this on Shark Tank India (S4 E51) and asked ₹1 Cr, no deal.",,recycling-and-waste,,,,,sharktank,S4E51P631
2510,Shark Tank India,Art by Neurodivergent Artists,"Inspired by Tickle Your Art from Pune, who pitched this on Shark Tank India (S4 E52) and got ₹21.3L for 7%.",,handcrafted-home-decor,,,,,sharktank,S4E52P632
2511,Shark Tank India,Prosthetic Arms,"Inspired by Symbionic from Chennai, who pitched this on Shark Tank India (S4 E52) and got ₹40L for 1%.",,medical-devices-startup,,,,,sharktank,S4E52P633
2512,Shark Tank India,Desserts And Waffles,"Inspired by The Croffle Guys from Mumbai, who pitched this on Shark Tank India (S5 E1) and got ₹2.5 Cr for 5%.",,ice-cream-and-desserts-brand,,,,,sharktank,S5E1P635
2513,Shark Tank India,Natural Skincare & Haircare,"Inspired by Lewisia Wellness from Jaipur, who pitched this on Shark Tank India (S5 E1) and asked ₹1 Cr, no deal.",,personal-care-brand,,,,,sharktank,S5E1P636
2514,Shark Tank India,Emotional Learning Toys,"Inspired by EMo Mee from Mumbai, who pitched this on Shark Tank India (S5 E2) and got ₹2 Cr for 4%.",,toys-and-games-brand,,,,,sharktank,S5E2P638
2515,Shark Tank India,Community Travel Trips,"Inspired by Capture ATrip from Delhi, who pitched this on Shark Tank India (S5 E2) and got ₹75L for 5%.",,travel-agency,,,,,sharktank,S5E2P639
2516,Shark Tank India,Baby Gear Brand,"Inspired by Loopie from Gurugram, who pitched this on Shark Tank India (S5 E2) and asked ₹75L, no deal.",,d2c-apparel-brand,,,,,sharktank,S5E2P640
2517,Shark Tank India,Card Rewards Optimiser,"Inspired by Save Sage from Gurugram, who pitched this on Shark Tank India (S5 E3) and got ₹4 Cr for 9%.",,b2b-saas-startup,,,,,sharktank,S5E3P641
2518,Shark Tank India,Aerial Vehicle R&D,"Inspired by Kalam Labs from Lucknow, who pitched this on Shark Tank India (S5 E3) and got ₹2 Cr for 1.25%.",,deeptech-hardware,,,,,sharktank,S5E3P642
2519,Shark Tank India,Overnight Oats,"Inspired by Goat Life from Kota, who pitched this on Shark Tank India (S5 E4) and got ₹2 Cr for 8%.",,frozen-and-ready-to-cook-foods,,,,,sharktank,S5E4P644
2520,Shark Tank India,Smart Planters,"Inspired by Planyt from Vadodara, who pitched this on Shark Tank India (S5 E4) and asked ₹1.05 Cr, no deal.",,consumer-gadgets-brand,,,,,sharktank,S5E4P645
2521,Shark Tank India,AI Toys for Kids,"Inspired by Avishkaar from Delhi, who pitched this on Shark Tank India (S5 E4) and asked ₹80L, no deal.",,toys-and-games-brand,,,,,sharktank,S5E4P646
2522,Shark Tank India,Pet Food,"Inspired by Nootie from Delhi, who pitched this on Shark Tank India (S5 E6) and got ₹1 Cr for 4%.",,pet-food-and-treats,,,,,sharktank,S5E6P650
2523,Shark Tank India,Fish Feed Brand,"Inspired by Corel Lifecare from Thane, who pitched this on Shark Tank India (S5 E7) and got ₹1.2 Cr for 8%.",,vermicompost-unit,,,,,sharktank,S5E7P652
2524,Shark Tank India,Spine Injury Device,"Inspired by x STEP from Bangalore, who pitched this on Shark Tank India (S5 E8) and got ₹1 Cr for 10%.",,medical-devices-startup,,,,,sharktank,S5E8P655
2525,Shark Tank India,Roblox Game Studio,"Inspired by Meta Fashion from Delhi, who pitched this on Shark Tank India (S5 E9) and asked ₹1 Cr, no deal.",,gaming-and-esports,,,,,sharktank,S5E9P657
2526,Shark Tank India,Barefoot Shoes,"Inspired by Zen Barefoot from Delhi, who pitched this on Shark Tank India (S5 E9) and asked ₹1 Cr, no deal.",,footwear-brand,,,,,sharktank,S5E9P659
2527,Shark Tank India,Protein Bars,"Inspired by Stroom from Ahmedabad, who pitched this on Shark Tank India (S5 E10) and got ₹1 Cr for 2.5%.",,healthy-snacks-brand,,,,,sharktank,S5E10P661
2528,Shark Tank India,AI Diagnostics,"Inspired by Neurapexai from India, who pitched this on Shark Tank India (S5 E11) and got ₹60L for 5%.",,medical-devices-startup,,,,,sharktank,S5E11P663
2529,Shark Tank India,Wrestling Fan Events,"Inspired by Wrestlefanent from Delhi, who pitched this on Shark Tank India (S5 E11) and asked ₹75L, no deal.",,services-marketplace-app,,,,,sharktank,S5E11P664
2530,Shark Tank India,Ayurvedic Supplements & Beauty,"Inspired by Ayuvyaandimfresh from Delhi, who pitched this on Shark Tank India (S5 E11) and asked ₹1 Cr, no deal.",,nutrition-supplements-brand,,,,,sharktank,S5E11P665
2531,Shark Tank India,GenAI Content Studio,"Inspired by Cinefaistudios from Mumbai, who pitched this on Shark Tank India (S5 E12) and got ₹50L for 5%.",,video-editing-service,,,,,sharktank,S5E12P667
2532,Shark Tank India,QR Vehicle Tags,"Inspired by Sampark from Noida, who pitched this on Shark Tank India (S5 E12) and asked ₹1 Cr, no deal.",,services-marketplace-app,,,,,sharktank,S5E12P668
2533,Shark Tank India,Stock Discovery App,"Inspired by Sovrenn from Delhi, who pitched this on Shark Tank India (S5 E13) and asked ₹1 Cr, no deal.",,fintech-startup,,,,,sharktank,S5E13P669
2534,Shark Tank India,AI Stock Research,"Inspired by Multibagg.ai from Bangalore, who pitched this on Shark Tank India (S5 E13) and got ₹50L for 1%.",,fintech-startup,,,,,sharktank,S5E13P670
2535,Shark Tank India,Prefab Construction,"Inspired by Uprear Build from Surat, who pitched this on Shark Tank India (S5 E14) and got ₹1 Cr for 2%.",,interior-design-studio,,,,,sharktank,S5E14P671
2536,Shark Tank India,Milk Adulteration Test Kit,"Inspired by Paper Pro from Muzaffarnagar, who pitched this on Shark Tank India (S5 E14) and asked ₹1 Cr, no deal.",,dairy-farm,,,,,sharktank,S5E14P672
2537,Shark Tank India,Emergency Health Service,"Inspired by Cosmohealth from Delhi, who pitched this on Shark Tank India (S5 E14) and got ₹1 Cr for 9%.",,healthtech-startup,,,,,sharktank,S5E14P673
2538,Shark Tank India,Handcrafted Shoes,"Inspired by Gullylabs from Gurugram, who pitched this on Shark Tank India (S5 E15) and got ₹1 Cr for 0.57%.",,footwear-brand,,,,,sharktank,S5E15P674
2539,Shark Tank India,AI Clothes Try-On,"Inspired by Twin from Gurugram, who pitched this on Shark Tank India (S5 E15) and got ₹80L for 2%.",,services-marketplace-app,,,,,sharktank,S5E15P675
2540,Shark Tank India,Digital Facade Displays,"Inspired by RCXlight from Chapra, who pitched this on Shark Tank India (S5 E15) and got ₹10L for 5%.",,b2b-saas-startup,,,,,sharktank,S5E15P676
2541,Shark Tank India,Packaged Cakes,"Inspired by Awsum from India, who pitched this on Shark Tank India (S5 E16) and got ₹1 Cr for 1.33%.",,home-bakery,,,,,sharktank,S5E16P677
2542,Shark Tank India,Alum Deodorants,"Inspired by Phitku from India, who pitched this on Shark Tank India (S5 E16) and got ₹1.8 Cr for 1%.",,personal-care-brand,,,,,sharktank,S5E16P678
2543,Shark Tank India,VR for Schools,"Inspired by 9DXRlabs from Gurugram, who pitched this on Shark Tank India (S5 E16) and asked ₹1 Cr, no deal.",,test-prep-online,,,,,sharktank,S5E16P679
2544,Shark Tank India,Nasal Strips,"Inspired by Pureflow from Patiala, who pitched this on Shark Tank India (S5 E17) and got ₹2 Cr for 20%.",,personal-care-brand,,,,,sharktank,S5E17P680
2545,Shark Tank India,Body Tape Brand,"Inspired by Getsnappy from Patiala, who pitched this on Shark Tank India (S5 E17) and asked ₹60L, no deal.",,personal-care-brand,,,,,sharktank,S5E17P681
2546,Shark Tank India,Acid-Free Home Cleaners,"Inspired by Urbanwipe from Jaipur, who pitched this on Shark Tank India (S5 E18) and got ₹2 Cr for 10%.",,home-cleaning-products-brand,,,,,sharktank,S5E18P683
2547,Shark Tank India,All-in-One Beauty Brand,"Inspired by Antinorm from Delhi, who pitched this on Shark Tank India (S5 E18) and got ₹1.03 Cr for 1%.",,personal-care-brand,,,,,sharktank,S5E18P684
2548,Shark Tank India,Premium Mixers,"Inspired by Sepoy&co from Delhi, who pitched this on Shark Tank India (S5 E18) and asked ₹3 Cr, no deal.",,beverage-brand,,,,,sharktank,S5E18P685
2549,Shark Tank India,Unisex Streetwear,"Inspired by Bonkerscorner from Ulhasnagar, who pitched this on Shark Tank India (S5 E19) and got ₹1.5 Cr for 0.5%.",,d2c-apparel-brand,,,,,sharktank,S5E19P686
2550,Shark Tank India,Magnesium Wellness Products,"Inspired by Bubbleme from Chandigarh, who pitched this on Shark Tank India (S5 E19) and asked ₹50L, no deal.",,nutrition-supplements-brand,,,,,sharktank,S5E19P687
2551,Shark Tank India,Fasting Coaching Program,"Inspired by Outlive from Bangalore, who pitched this on Shark Tank India (S5 E19) and asked ₹1 Cr, no deal.",,nutrition-coaching,,,,,sharktank,S5E19P688
2552,Shark Tank India,Driving Simulator,"Inspired by Metadrive from Jaipur, who pitched this on Shark Tank India (S5 E20) and asked ₹90L, no deal.",,gaming-and-esports,,,,,sharktank,S5E20P689
2553,Shark Tank India,Cattle Grooming Brushes,"Inspired by Sparshbrush from Mumbai, who pitched this on Shark Tank India (S5 E20) and got ₹20L for 1%.",,agritech-devices,,,,,sharktank,S5E20P690
2554,Shark Tank India,Ayurvedic Beauty & Haircare,"Inspired by Shesha Ayurveda from Kochi, who pitched this on Shark Tank India (S5 E20) and got ₹2 Cr for 8%.",,personal-care-brand,,,,,sharktank,S5E20P691
2555,Shark Tank India,Homemade Cookies,"Inspired by Cookiecartel from Panchgani, who pitched this on Shark Tank India (S5 E21) and got ₹80L for 12%.",,home-bakery,,,,,sharktank,S5E21P692
2556,Shark Tank India,Gyrocopter Manufacturing,"Inspired by Avia Litewings from Ahmedabad, who pitched this on Shark Tank India (S5 E21) and asked ₹1 Cr, no deal.",,deeptech-hardware,,,,,sharktank,S5E21P693
2557,Shark Tank India,Smart Ring,"Inspired by Aabo from Mumbai, who pitched this on Shark Tank India (S5 E21) and asked ₹1.5 Cr, no deal.",,consumer-gadgets-brand,,,,,sharktank,S5E21P694
2558,Shark Tank India,Shapewear Brand,"Inspired by Krvvy from Noida, who pitched this on Shark Tank India (S5 E22) and got ₹1.2 Cr for 3%.",,d2c-apparel-brand,,,,,sharktank,S5E22P695
2559,Shark Tank India,Women's Shapewear,"Inspired by Invogue from Delhi, who pitched this on Shark Tank India (S5 E22) and got ₹2 Cr for 15%.",,d2c-apparel-brand,,,,,sharktank,S5E22P696
2560,Shark Tank India,Handcrafted Bangles,"Inspired by Taashacraft from Kosamba, who pitched this on Shark Tank India (S5 E23) and got ₹75L for 5%.",,jewellery-brand,,,,,sharktank,S5E23P697
2561,Shark Tank India,Kids Ayurvedic Makeup,"Inspired by Mishmash Naturals from Bangalore, who pitched this on Shark Tank India (S5 E23) and asked ₹50L, no deal.",,personal-care-brand,,,,,sharktank,S5E23P698
2562,Shark Tank India,Calisthenics Training Institute,"Inspired by Indian School Of Calisthenics from Mumbai, who pitched this on Shark Tank India (S5 E23) and asked ₹75L, no deal.",,sports-coaching-academy,,,,,sharktank,S5E23P699
2563,Shark Tank India,Hemp Wellness Products,"Inspired by Wholeleaf from Delhi, who pitched this on Shark Tank India (S5 E24) and got ₹1.5 Cr for 7.5%.",,personal-care-brand,,,,,sharktank,S5E24P700
2564,Shark Tank India,Wet Waste Composter,"Inspired by Mankomb from Bangalore, who pitched this on Shark Tank India (S5 E24) and asked ₹2 Cr, no deal.",,recycling-and-waste,,,,,sharktank,S5E24P701
2565,Shark Tank India,Marinades & Spices,"Inspired by Kilrr from Mumbai, who pitched this on Shark Tank India (S5 E25) and got ₹1 Cr for 1.06%.",,spice-processing-unit,,,,,sharktank,S5E25P704
2566,Shark Tank India,Offline Meetup Platform,"Inspired by Offline from Gurugram, who pitched this on Shark Tank India (S5 E25) and asked ₹50L, no deal.",,community-and-social-app,,,,,sharktank,S5E25P705
2567,Shark Tank India,Devotional Toys,"Inspired by Pandas Box from Noida, who pitched this on Shark Tank India (S5 E26) and got ₹1.2 Cr for 12%.",,toys-and-games-brand,,,,,sharktank,S5E26P706
2568,Shark Tank India,Handcrafted Bindis,"Inspired by The Bindi Project from Bangalore, who pitched this on Shark Tank India (S5 E26) and asked ₹50L, no deal.",,jewellery-brand,,,,,sharktank,S5E26P707
2569,Shark Tank India,AI Sales Agent,"Inspired by Voxturn AI from Mumbai, who pitched this on Shark Tank India (S5 E26) and asked ₹1 Cr, no deal.",,digital-agency,,,,,sharktank,S5E26P708
2570,Shark Tank India,UPI Expense Manager,"Inspired by Cotopay from Delhi, who pitched this on Shark Tank India (S5 E27) and got ₹75L for 2%.",,fintech-startup,,,,,sharktank,S5E27P710
2571,Shark Tank India,Farm-to-Bottle Beverages,"Inspired by Local All Natural Soda from Aizawl, who pitched this on Shark Tank India (S5 E27) and asked ₹50L, no deal.",,beverage-brand,,,,,sharktank,S5E27P711
2572,Shark Tank India,Private Celebration Theatre,"Inspired by The Binge Town from Bangalore, who pitched this on Shark Tank India (S5 E28) and got ₹1 Cr for 2.5%.",,event-planning,,,,,sharktank,S5E28P712
2573,Shark Tank India,Army-Inspired Apparel,"Inspired by Warriorworld from Surat, who pitched this on Shark Tank India (S5 E29) and got ₹75L for 1%.",,d2c-apparel-brand,,,,,sharktank,S5E29P715
2574,Shark Tank India,Fashion Quick Commerce,"Inspired by Booon from Bangalore, who pitched this on Shark Tank India (S5 E30) and asked ₹1 Cr, no deal.",,d2c-apparel-brand,,,,,sharktank,S5E30P718
2575,Shark Tank India,Indian Arts Culture Platform,"Inspired by Me Meraki from Gurugram, who pitched this on Shark Tank India (S5 E30) and got ₹1 Cr for 4%.",,content-and-media-platform,,,,,sharktank,S5E30P719
2576,Shark Tank India,Relief Mural Decor,"Inspired by Artociti from Bokaro Steel City, who pitched this on Shark Tank India (S5 E31) and got ₹1 Cr for 7.5%.",,handcrafted-home-decor,,,,,sharktank,S5E31P721
2577,Shark Tank India,Gaming Peripherals,"Inspired by Kreo from Bangalore, who pitched this on Shark Tank India (S5 E31) and got ₹1 Cr for 1%.",,consumer-gadgets-brand,,,,,sharktank,S5E31P722
2578,Shark Tank India,Custom Kids Bags,"Inspired by Rosada from Kolkata, who pitched this on Shark Tank India (S5 E31) and got ₹1.25 Cr for 5%.",,bags-and-accessories-brand,,,,,sharktank,S5E31P723
2579,Shark Tank India,Baby Jewellery,"Inspired by Babyworks By Swapnil from Mumbai, who pitched this on Shark Tank India (S5 E32) and got ₹60L for 6%.",,jewellery-brand,,,,,sharktank,S5E32P724
2580,Shark Tank India,Construction Robotics,"Inspired by Kelvin6k from Chennai, who pitched this on Shark Tank India (S5 E33) and got ₹1 Cr for 2.86%.",,interior-design-studio,,,,,sharktank,S5E33P727
2581,Shark Tank India,Modest Wear Brand,"Inspired by ANAApparels from Mau, who pitched this on Shark Tank India (S5 E33) and asked ₹80L, no deal.",,d2c-apparel-brand,,,,,sharktank,S5E33P728
2582,Shark Tank India,Smart Packaging,"Inspired by Ez Pac from Mumbai, who pitched this on Shark Tank India (S5 E33) and asked ₹2.5 Cr, no deal.",,industrial-solutions,,,,,sharktank,S5E33P729
2583,Shark Tank India,Plant Based Meat,"Inspired by Mister Veg from Faridabad, who pitched this on Shark Tank India (S5 E34) and asked ₹2 Cr, no deal.",,frozen-and-ready-to-cook-foods,,,,,sharktank,S5E34P731
2584,Shark Tank India,Stock Tips App,"Inspired by Saras from Surat, who pitched this on Shark Tank India (S5 E34) and asked ₹70L, no deal.",,fintech-startup,,,,,sharktank,S5E34P732
2585,Shark Tank India,Special Needs Therapy for Kids,"Inspired by Speechgears from Noida, who pitched this on Shark Tank India (S5 E35) and asked ₹2 Cr, no deal.",,kids-enrichment-classes,,,,,sharktank,S5E35P733
2586,Shark Tank India,AI Software Studio,"Inspired by Heizen from Hyderabad, who pitched this on Shark Tank India (S5 E35) and got ₹90L for 2%.",,b2b-saas-startup,,,,,sharktank,S5E35P734
2587,Shark Tank India,AI Parenting App,"Inspired by Pukaar.ai from Patiala, who pitched this on Shark Tank India (S5 E35) and asked ₹48L, no deal.",,healthtech-startup,,,,,sharktank,S5E35P735
2588,Shark Tank India,Wellness Coffee,"Inspired by upsnac from Ludhiana, who pitched this on Shark Tank India (S5 E36) and asked ₹1 Cr, no deal.",,beverage-brand,,,,,sharktank,S5E36P736
2589,Shark Tank India,Organic Latex Mattresses,"Inspired by Kotson Mattress from Vijayawada, who pitched this on Shark Tank India (S5 E36) and asked ₹1.5 Cr, no deal.",,furniture-workshop,,,,,sharktank,S5E36P737
2590,Shark Tank India,AI Content Localisation,"Inspired by Kalakrit from Gurugram, who pitched this on Shark Tank India (S5 E36) and asked ₹1 Cr, no deal.",,video-editing-service,,,,,sharktank,S5E36P738
2591,Shark Tank India,Vegetarian QSR Chain,"Inspired by SVSFood from Satna, who pitched this on Shark Tank India (S5 E36) and asked ₹3 Cr, no deal.",,quick-service-food-outlet,,,,,sharktank,S5E36P739
2592,Shark Tank India,Hobby Clubs,"Inspired by Misfits from Kanpur, who pitched this on Shark Tank India (S5 E37) and got ₹1 Cr for 3%.",,community-and-social-app,,,,,sharktank,S5E37P741
2593,Shark Tank India,Guilt-free Shakes,"Inspired by Krimmy Thickshakes from Hyderabad, who pitched this on Shark Tank India (S5 E37) and asked ₹1.25 Cr, no deal.",,beverage-brand,,,,,sharktank,S5E37P742
2594,Shark Tank India,Instant Curry Pastes,"Inspired by Curry It from Delhi, who pitched this on Shark Tank India (S5 E38) and got ₹1.5 Cr for 3.3%.",,frozen-and-ready-to-cook-foods,,,,,sharktank,S5E38P743
2595,Shark Tank India,AI Dubbing,"Inspired by dubpro.ai from Noida, who pitched this on Shark Tank India (S5 E38) and asked ₹1.25 Cr, no deal.",,video-editing-service,,,,,sharktank,S5E38P744
2596,Shark Tank India,Paediatric Therapy Services,"Inspired by Pragyan from Bangalore, who pitched this on Shark Tank India (S5 E39) and got ₹1 Cr for 5%.",,kids-enrichment-classes,,,,,sharktank,S5E39P746
2597,Shark Tank India,Rental Wear,"Inspired by Sanchvi from Bangalore, who pitched this on Shark Tank India (S5 E39) and asked ₹1 Cr, no deal.",,clothing-rental,,,,,sharktank,S5E39P747
2598,Shark Tank India,Call Mirroring Devices,"Inspired by Trring from Karanja Lad, who pitched this on Shark Tank India (S5 E39) and asked ₹50L, no deal.",,consumer-gadgets-brand,,,,,sharktank,S5E39P748
2599,Shark Tank India,Edible-Grade Toothpaste,"Inspired by Edinora from Thiruvananthapuram, who pitched this on Shark Tank India (S5 E40) and got ₹2 Cr for 10%.",,personal-care-brand,,,,,sharktank,S5E40P749
2600,Shark Tank India,Home Neuro Rehab,"Inspired by Rehab Veda from Ahmedabad, who pitched this on Shark Tank India (S5 E40) and got ₹1 Cr for 3%.",,physio-and-massage,,,,,sharktank,S5E40P750
2601,Shark Tank India,Helmet Sanitiser Device,"Inspired by Freshpod from Tanuku, who pitched this on Shark Tank India (S5 E40) and asked ₹2 Cr, no deal.",,safety-and-security-devices,,,,,sharktank,S5E40P751
2602,Shark Tank India,Eggless Cakes & Desserts,"Inspired by Modge from Kolkata, who pitched this on Shark Tank India (S5 E41) and got ₹1 Cr for 9%.",,ice-cream-and-desserts-brand,,,,,sharktank,S5E41P752
2603,Shark Tank India,Smart Tap Cards,"Inspired by Orbit Wallet from Bangalore, who pitched this on Shark Tank India (S5 E41) and got ₹60L for 4%.",,industrial-solutions,,,,,sharktank,S5E41P753
2604,Shark Tank India,Women's Fitness App,"Inspired by Hobfit from Faridabad, who pitched this on Shark Tank India (S5 E41) and asked ₹75L, no deal.",,healthtech-startup,,,,,sharktank,S5E41P754
2605,Shark Tank India,Collectible Figures,"Inspired by Shichisoru from Mumbai, who pitched this on Shark Tank India (S5 E42) and got ₹35L for 10%.",,toys-and-games-brand,,,,,sharktank,S5E42P755
2606,Shark Tank India,AI Trip Planner,"Inspired by Rimigo from Bangalore, who pitched this on Shark Tank India (S5 E42) and got ₹1 Cr for 1.5%.",,services-marketplace-app,,,,,sharktank,S5E42P756
2607,Shark Tank India,Fruit Spreads,"Inspired by Everaw from Ajmer, who pitched this on Shark Tank India (S5 E42) and asked ₹1 Cr, no deal.",,pickle-and-papad-brand,,,,,sharktank,S5E42P757
2608,Shark Tank India,Family Co-Working Hub,"Inspired by Coro from Bangalore, who pitched this on Shark Tank India (S5 E43) and asked ₹2 Cr, no deal.",,coworking-and-coliving,,,,,sharktank,S5E43P758
2609,Shark Tank India,Salon And Spa Discovery App,"Inspired by Luzo from Mumbai, who pitched this on Shark Tank India (S5 E43) and got ₹1 Cr for 3%.",,beauty-salon,,,,,sharktank,S5E43P759
2610,Shark Tank India,Sea-Buckthorn Wellness,"Inspired by Wellwith from Noida, who pitched this on Shark Tank India (S5 E44) and asked ₹1.5 Cr, no deal.",,nutrition-supplements-brand,,,,,sharktank,S5E44P761
2611,Shark Tank India,Hair Patches,"Inspired by Indian Hair World from Kolkata, who pitched this on Shark Tank India (S5 E44) and asked ₹1 Cr, no deal.",,personal-care-brand,,,,,sharktank,S5E44P762
2612,Shark Tank India,Clean Home & Personal Care,"Inspired by awenest from Mumbai, who pitched this on Shark Tank India (S5 E44) and got ₹70L for 5%.",,personal-care-brand,,,,,sharktank,S5E44P763
2613,Shark Tank India,Chicken Chips,"Inspired by HOOKd from Dehradun, who pitched this on Shark Tank India (S5 E45) and got ₹50L for 20%.",,poultry-farm,,,,,sharktank,S5E45P764
2614,Shark Tank India,Kids Nutrition Snacks,"Inspired by Littlecherrymom from Meerut, who pitched this on Shark Tank India (S5 E45) and asked ₹75L, no deal.",,healthy-snacks-brand,,,,,sharktank,S5E45P765
2615,Shark Tank India,Portable Ashtray,"Inspired by Stubb from Dharamshala, who pitched this on Shark Tank India (S5 E45) and asked ₹25L, no deal.",,consumer-gadgets-brand,,,,,sharktank,S5E45P766
2616,Shark Tank India,Soil Testing Tools,"Inspired by Soil Sens from Pune, who pitched this on Shark Tank India (S5 E45) and got ₹50L for 6.67%.",,agritech-devices,,,,,sharktank,S5E45P767
2617,Shark Tank India,Capsule Pod Hotels,"Inspired by Nap Tap Go from Delhi, who pitched this on Shark Tank India (S5 E46) and asked ₹2 Cr, no deal.",,capsule-and-budget-hotel,,,,,sharktank,S5E46P769
2618,Shark Tank India,Home Fresheners,"Inspired by Nytarra from Delhi, who pitched this on Shark Tank India (S5 E47) and asked ₹75L, no deal.",,home-cleaning-products-brand,,,,,sharktank,S5E47P771
2619,Shark Tank India,Archery Equipment,"Inspired by BYLX from Imphal, who pitched this on Shark Tank India (S5 E47) and asked ₹50L, no deal.",,sports-goods-brand,,,,,sharktank,S5E47P772
2620,Shark Tank India,Collectible Currency Marketplace,"Inspired by Greenpista from Noida, who pitched this on Shark Tank India (S5 E47) and asked ₹1 Cr, no deal.",,fintech-startup,,,,,sharktank,S5E47P773
2621,Shark Tank India,XR Commerce Studio,"Inspired by CTRUH from Hyderabad, who pitched this on Shark Tank India (S5 E48) and got ₹1 Cr for 2.4%.",,b2b-saas-startup,,,,,sharktank,S5E48P774
2622,Shark Tank India,Home Sauna,"Inspired by Steam PRO from Delhi, who pitched this on Shark Tank India (S5 E48) and asked ₹1 Cr, no deal.",,consumer-gadgets-brand,,,,,sharktank,S5E48P775
2623,Shark Tank India,Co-Living Spaces,"Inspired by Uptown from Guwahati, who pitched this on Shark Tank India (S5 E48) and asked ₹75L, no deal.",,coworking-and-coliving,,,,,sharktank,S5E48P776
2624,Shark Tank India,Korean Beauty Brand,"Inspired by Korin Mi from Gurugram, who pitched this on Shark Tank India (S5 E49) and asked ₹1 Cr, no deal.",,personal-care-brand,,,,,sharktank,S5E49P777
2625,Shark Tank India,At-home Dental Care,"Inspired by Dent@home from Mumbai, who pitched this on Shark Tank India (S5 E49) and asked ₹60L, no deal.",,personal-care-brand,,,,,sharktank,S5E49P778
2626,Shark Tank India,Marble Home Decor,"Inspired by Marbleous from Jaipur, who pitched this on Shark Tank India (S5 E49) and got ₹75L for 20%.",,handcrafted-home-decor,,,,,sharktank,S5E49P779
2627,Shark Tank India,Women's Activewear,"Inspired by Fitkin from Delhi, who pitched this on Shark Tank India (S5 E50) and got ₹1 Cr for 11%.",,d2c-apparel-brand,,,,,sharktank,S5E50P780
2628,Shark Tank India,Home Fertility Test Kits,"Inspired by Kind Fertility from Manoli, who pitched this on Shark Tank India (S5 E50) and asked ₹50L, no deal.",,medical-devices-startup,,,,,sharktank,S5E50P781
2629,Shark Tank India,Cow Dung Collection Devices,"Inspired by Namovardan from Anand, who pitched this on Shark Tank India (S5 E50) and asked ₹10L, no deal.",,agritech-devices,,,,,sharktank,S5E50P782
2630,Shark Tank India,Afforestation Services,"Inspired by Dharti Amrit from Jaipur, who pitched this on Shark Tank India (S5 E51) and asked ₹1.5 Cr, no deal.",,eco-friendly-products-brand,,,,,sharktank,S5E51P785
2631,Shark Tank India,Crochet Gifts,"Inspired by Floreal from Ludhiana, who pitched this on Shark Tank India (S5 E52) and got ₹1 Cr for 8%.",,custom-gifting-store,,,,,sharktank,S5E52P787
2632,Shark Tank India,Pet GPS & Health Tracker,"Inspired by My Perro from Nanded, who pitched this on Shark Tank India (S5 E52) and asked ₹60L, no deal.",,safety-and-security-devices,,,,,sharktank,S5E52P788
2633,Shark Tank India,Student Opportunities App,"Inspired by Peer X from Raipur, who pitched this on Shark Tank India (S5 E52) and asked ₹12L, no deal.",,edtech-startup,,,,,sharktank,S5E52P789
