state,district_name,odop_product_name,odop_gi_tag,min_setup_cost,max_setup_cost,gross_margin_d2c,breakeven_timeline,opportunity_score,why_this_district,page_slug
Andaman and Nicobar Islands,Nicobars,Coconut & Coconut based products,No,250000,5000000,50-65%,10-16 months,8,"Nicobar Islands have ideal tropical climate and soil for coconut cultivation with abundant raw material supply. The district contributes ₹307,498 million to national GDP and accounts for India's 31.45% share of world coconut production. Proximity to Southeast Asian markets via sea route offers direct export advantage.",coconut-coconut-based-products-nicobars
Andaman and Nicobar Islands,North and Middle Andaman,Fisheries/Marine products,No,850000,5000000,45-65%,10-16 months,9,"North and Middle Andaman sits at the intersection of the Bay of Bengal and Andaman Sea, providing year-round access to premium marine species — shrimp, fish, cuttlefish, squid. Raw materials are caught locally within 50 km of processing centers. The district exports ₹55,992.95 Cr of marine products annually, creating massive demand for processing, freezing, and value-added work.",fisheries-marine-products-north-and-middle-andaman
Andaman and Nicobar Islands,South Andamans,Marine Products,No,450000,2500000,50-65%,10-16 months,8,South Andaman sits at the convergence of the Arabian Sea and Bay of Bengal with direct access to tropical fisheries and deep-sea resources. The district has 400+ registered fishing vessels and 15+ licensed cold chains with HACCP certification. Port Blair serves as the trans-shipment hub for South and Southeast Asian seafood trade.,marine-products-south-andamans
Andhra Pradesh,Alluri Sitarama Raju,Coffee (Araku),No,350000,1500000,50-65%,12-18 months,8,"Alluri Sitarama Raju district sits in the Eastern Ghats with 2.45 lakh acres under coffee cultivation across 11 Agency mandals, producing 15,000 tonnes annually. Altitude of 900-1500m provides ideal growing conditions for specialty Arabica. Proximity to Visakhapatnam port (80km) enables direct export access.",coffee-araku-alluri-sitarama-raju
Andhra Pradesh,Anakapalli,Etikoppaka Lacquerware/Wooden Toys,No,150000,500000,60-75%,10-16 months,8,"Etikoppaka village sits on the Varaha River in Vishakhapatnam district, with abundant cashew wood supply from local trees. The artisan base spans 45+ documented product varieties with 6+ generations of craft knowledge. Buyers include gift shops, museums, and export markets across Europe and North America.",etikoppaka-lacquerware-wooden-toys-anakapalli
Andhra Pradesh,Anantapuram (Anantapur),Cotton/Jean Pants,No,300000,2000000,50-65%,10-16 months,8,"Rayadurg cluster in Anantapuram has concentrated 50,000 textile workers across 20 factory units and 400 home-based stitching families, with direct access to raw jeans cloth from Ahmadabad and Mumbai, and proximity to Bangalore and Bellary for zips, buttons, and lining materials. The district ships finished products to Hyderabad, Bangalore, and Chennai malls and branded jeans companies. Women comprise 60-70% of the workforce, creating flexible labour availability.",cotton-jean-pants-anantapuram-anantapur
Andhra Pradesh,Ananthpuram (Anantapur),Dharmavaram Silk Sarees,No,250000,1500000,60-75%,10-16 months,8,"Anantapur has been a silk weaving center for over 400 years, with artisans concentrated in Dharmavaram town specializing in silk saree production. Raw silk is sourced from Karnataka and Tamil Nadu, keeping input costs predictable. The district sits between major metro buyer markets (Bangalore, Hyderabad, Chennai) with direct NH connectivity and established export channels to Southeast Asia and the Middle East.",dharmavaram-silk-sarees-ananthpuram-anantapur
Andhra Pradesh,Annamayya (Rayachoty),Cotton / Jean Pants,No,350000,1200000,60-75%,10-16 months,8,"Annamayya sits in India's cotton belt with raw cotton availability from 114.47 lakh hectares across Andhra Pradesh and neighboring regions. The district has established textile infrastructure and access to denim mills in the region. Buyer markets are Delhi, Mumbai, Bangalore, and export hubs in Tiruppur and Coimbatore within 500-800 km.",cotton-jean-pants-annamayya-rayachoty
Andhra Pradesh,Bapatla,Granite Cutting and Polishing,No,850000,3500000,45-60%,10-16 months,8,"Bapatla sits 200 km north of Bengaluru with direct access to raw granite blocks from Gurijepalli (Black Granite) and Konidena (Colour Granite) quarries. The district has 566 MDL units in 4 established clusters (Martur, Ballikurava, Gurijepalli, Santhamaguluru) producing standardized 321326.426 sq.ft of granite dispatched in 2024-25. Buyer proximity to construction sectors in Bangalore, Hyderabad, and Chennai reduces transport cost.",granite-cutting-and-polishing-bapatla
Andhra Pradesh,Chittoor,Venkatagiri Sarees,No,250000,1500000,50-65%,10-16 months,8,"Chittoor district contains the Venkatagiri and Patur clusters in neighboring Nellore, with raw materials sourced directly from Madanapalle, Thamballapalle, Nagari, Puttur, Srikalahasti, Kalakada and parts of Chittoor itself. The district has a 400+ year tradition of handloom weaving with an established artisan base. Proximity to major wedding markets across South India ensures consistent seasonal demand.",venkatagiri-sarees-chittoor
Andhra Pradesh,Dr BR Ambedkar Konaseema,Natural banana fibres,No,250000,1200000,52-65%,10-16 months,8,Dr. BR Ambedkar Konaseema is a major banana-cultivating region in Andhra Pradesh with abundant pseudo stem availability year-round. The district has traditional artisan communities experienced in fiber extraction and processing. Proximity to ports in Visakhapatnam (100 km) enables direct export access to global textile and handicraft markets.,natural-banana-fibres-dr-br-ambedkar-konaseema
Andhra Pradesh,Dr. B. R. Ambedkar Konaseema,Shrimp,No,1200000,5000000,50-65%,12-18 months,,"Konaseema sits along the Bay of Bengal coast with ideal brackish water conditions for shrimp aquaculture. The region has 400+ operational shrimp farms, deep-rooted fishing traditions, and established supply chains to metros. Natural salinity, temperature stability, and two decades of farming expertise make this district the shrimp capital of Andhra Pradesh.",shrimp-dr-b-r-ambedkar-konaseema
Andhra Pradesh,East Godavari,"Fruit Based Food Products (Pickles, Mango Jelly, Fruit Pulp, Cashew nuts, Lemon extracts)",No,350000,2500000,60-75%,10-16 months,7,"East Godavari has fertile agricultural land with year-round fruit production (mangoes, lemons, cashew nuts). The district hosts multiple functional food processing units already operational, reducing learning curve. Proximity to Chennai and Visakhapatnam ports enables both domestic wholesale and export shipping.",fruit-based-food-products-pickles-mango-jelly-fruit-pulp-cashew-nuts-lemon-extracts-east-godavari
Andhra Pradesh,Eluru,Gold Jewellery,No,500000,5000000,50-70%,10-18 months,,"Eluru has a 300+ year heritage of skilled goldsmithing passed down through generations of artisan families. The district's proximity to major temple towns and cultural centers in Andhra Pradesh creates constant demand for traditional festival jewelry. Local artisans possess rare expertise in filigree, granulation, and traditional motif work that cannot be easily replicated elsewhere.",gold-jewellery-eluru
Andhra Pradesh,Guntur,Chillies,No,150000,1500000,50-65%,10-16 months,9,"Guntur has 18,400 hectares dedicated to chilli cultivation with soil and climate perfectly suited for Sannam varieties. The district is home to Guntur Market Yard, Asia's largest chilli wholesale hub, connecting you directly to buyers across India and 6 export nations. Established supply chains, skilled farmers, and decades of export infrastructure mean raw material costs are lowest here.",chillies-guntur
Andhra Pradesh,Kakinada,Uppada Jamdani Sarees,No,300000,1500000,60-75%,12-18 months,7,"Uppada cluster in Kakinada has concentrated weaver artisans trained in pit-loom Jamdani technique since colonial times. Raw materials (silk, weft/warp threads) are procured from Tamil Nadu and West Bengal suppliers within 500-1000 km. The cluster exports to European and North American buyers seeking certified GI sarees.",uppada-jamdani-sarees-kakinada
Andhra Pradesh,Krishna,Machilipatnam Kalamkari,No,150000,800000,60-75%,10-16 months,8,"Pedana and Machilipatnam towns are the only production centers for this Kalamkari style in India, with artisans concentrated within 13 km radius. Coastal Krishna district provides easy access to cotton cloth and vegetable dyes from local suppliers. Government support and GI status create regulatory moat and export preference.",machilipatnam-kalamkari-krishna
Andhra Pradesh,Kurnool,Stone carved products,No,180000,800000,50-65%,10-16 months,8,"Kurnool lies in the Rayalseema region bounded by Tungabhadra and Krishna rivers, with Nallamala and Erramalas mountain ranges running north to south — both natural sources of limestone, granite, and sandstone. The Bathermcherla Stone polishing cluster is the established production hub with 3 revenue divisions (Kurnool, Nandyal, Adoni) providing raw material access and artisan workforce. 670mm average rainfall and 18% forest cover support sustainable quarrying operations.",stone-carved-products-kurnool
Andhra Pradesh,Nandyal,Allagadda Stone Carving,No,350000,1500000,50-65%,10-16 months,6,"Nandyal sits in the Rayalaseema region with abundant granite and marble deposits nearby in Anantapuram district. Allagadda village has 300+ skilled stone carvers with generational expertise. Buyer markets include institutional buyers in Bangalore, Chennai, and export channels to Gulf countries and Europe.",allagadda-stone-carving-nandyal
Andhra Pradesh,NTR (Vijaywada),Kondapalli Toys,No,150000,500000,60-75%,10-16 months,6,"Kondapalli village sits 25 km from Vijayawada, the district hub, with direct access to raw materials (white Poniki wood sourced from Ibrahimpatnam vicinity, ankudu wood locally available). The artisan community is organized as Arya Kshatriyas with institutional knowledge spanning four centuries. Buyer proximity to Vijayawada railway hub and Vijayawada airport (10 km away) enables both domestic wholesale and export logistics.",kondapalli-toys-ntr-vijaywada
Andhra Pradesh,Palnadu (Narasaraopeta),Durgi Stone Carving,No,180000,850000,60-75%,12-18 months,6,"Palnadu sits on accessible soft limestone deposits (Suddha Rai) quarried mechanically and found near the surface, making raw material sourcing cheap and local. The Viswa Brahmin artisan community (classified as BC in A.P.) has 3 active carving clusters: Durgi, Obulesunipalli, and Macherla mandal. Narasaraopeta town provides market access, railway connectivity, and proximity to institutional buyers across southern India.",durgi-stone-carving-palnadu-narasaraopeta
Andhra Pradesh,Parvathipuram Manyam,Bobilli Veena,No,150000,500000,60-75%,12-18 months,,"Parvathipuram Manyam has a centuries-old tradition of veena craftsmanship, with skilled artisans concentrated in the Bobilli area. The district's cultural heritage, proximity to traditional music centers, and established supply chains for wood and craft materials make it the natural home for this specialized instrument.",bobilli-veena-parvathipuram-manyam
Andhra Pradesh,Prakasam,Granite (Black Galaxy),No,8000000,25000000,45-60%,10-16 months,8,"Prakasam has natural Black Galaxy granite deposits in Chimakurthy and Ongole villages with 1,283 active exporters already operating. The district sits near major ports (Visakhapatnam 250km away) and has established quarrying infrastructure. Raw material access is direct — no middlemen required.",granite-black-galaxy-prakasam
Andhra Pradesh,SPSR Nellore,Udayagiri Wooden Cutlery,No,150000,500000,60-70%,10-14 months,7,"Udayagiri town has generations of skilled artisans trained in wooden cutlery craftsmanship. Wood is readily sourced locally from sustainable suppliers in the region. Proximity to Chennai (150 km) and coastal logistics provides access to organized retail, hospitality, and export markets.",udayagiri-wooden-cutlery-spsr-nellore
Andhra Pradesh,Sri Sathya Sai (Puttaparthi),Silk Sarees,No,350000,2500000,52-68%,9-16 months,8,"Sri Sathya Sai district sits in the Rayalaseema region with 56,110 acres under mulberry cultivation and 29,097 sericulture farmers operating in regulated cocoon markets. Raw cocoons and silk are sourced locally from Hindupur and Kadiri clusters, eliminating supply chain friction. The district ranks first in silk production within Andhra Pradesh, second to Karnataka nationally, providing buyer networks and established export pathways.",silk-sarees-sri-sathya-sai-puttaparthi
Andhra Pradesh,Srikakulam,Ponduru Cotton Sarees,No,250000,1500000,52-68%,10-16 months,7,Srikakulam has a 300+ year weaving tradition centered in Tekkali Jurisdiction where cotton is locally available. The district has established artisan base with pit loom clusters and access to natural dye suppliers from coastal agricultural regions. Proximity to ports like Visakhapatnam (120 km) enables direct export.,ponduru-cotton-sarees-srikakulam
Andhra Pradesh,Tirupati,Srikalahasthi Kalamkari fabrics/Handicrafts,No,250000,1200000,50-65%,10-16 months,8,"Tirupati has a 14-generation lineage of master weavers in Venkatagiri village using traditional pit looms, with ready access to raw cotton from Tamil Nadu, silk and zari threads from Kanchipuram 45km away, and established buyer networks in temple towns and export markets. The district clusters 3064 weaver households concentrated in Venkatagiri village with direct proximity to Tirupati city's 2.3M annual temple pilgrims.",srikalahasthi-kalamkari-fabrics-handicrafts-tirupati
Andhra Pradesh,Visakhapatnam,Seafood Cluster,No,2500000,15000000,40-55%,12-18 months,9,"Visakhapatnam is a port city on the Bay of Bengal with direct access to marine resources and fishing grounds. The Visakhapatnam Port infrastructure includes Visakha Container Terminal with 6 lakh TEU capacity, 650 reefer power sockets with 24-hour backup, and real-time temperature monitoring—making it the logistics hub for India's seafood export. Raw material (frozen shrimp, fish, squid) flows directly from fishing fleets to processing and export within the same port ecosystem.",seafood-cluster-visakhapatnam
Andhra Pradesh,Vizianagaram,Mango Jelly,No,250000,1500000,58-72%,10-16 months,,"Vizianagaram district has ideal agro-climatic conditions for mango cultivation with over 50,000+ hectares under mango orchards. The district produces high-quality Totapuri, Banganapalli, and Neelum varieties with natural sweetness and pectin content perfect for jelly production. Established supply chains and mango processing infrastructure already exist in the region.",mango-jelly-vizianagaram
Andhra Pradesh,West Godavari District,Processed Prawn & Shrimp,No,2500000,15000000,50-65%,6-10 months,,"West Godavari has 600+ km of Bay of Bengal coastline with abundant marine resources and a 40-year legacy of industrial seafood processing. The district has established cold chain infrastructure, HACCP-certified units, and access to year-round prawn catches at competitive local rates.",processed-prawn-shrimp-west-godavari-district
Andhra Pradesh,YSR Kadapa,Vonipenta Brass,No,850000,3500000,35-50%,10-16 months,7,"YSR Kadapa sits on the largest Barytes mineral reserves in India. The district has 4 Revenue divisions with 36 Mandals, established raw material supply chains, and government backing through the District as Export Hub Program. Proximity to ports (Visakhapatnam ~350km) and existing chemical processing infrastructure make mineral-based manufacturing viable.",vonipenta-brass-ysr-kadapa
Arunachal Pradesh,Anjaw,Large Cardamom,No,180000,950000,52-65%,9-16 months,7,"Anjaw's high-altitude geography and cool climate are ideal for large cardamom cultivation. Every house in the hilly belt maintains cardamom plantations, creating a distributed raw material base across T'Pani, Metalliang, Bomna, Methumna, Watong, and Hawai clusters. With 2,300 hectares under cultivation and 150 metric tonnes annual output, local supply is assured.",large-cardamom-anjaw
Arunachal Pradesh,Changlang,Areca nut,No,350000,1200000,50-65%,10-16 months,8,"Changlang's tropical climate and soil composition provide ideal conditions for areca nut cultivation across the district. Raw material is grown locally, reducing sourcing friction for processing operations. The district has established networks for both domestic and international trade.",areca-nut-changlang
Arunachal Pradesh,Dibang Valley,Kiwi,No,800000,2500000,60-75%,24-30 months,,"Dibang Valley's high altitude (1,200-2,000m), cool temperate climate, and mineral-rich volcanic soil create ideal conditions for kiwi cultivation with extended growing seasons. The region's minimal pesticide use and organic farming practices align with premium fruit market demand. Low population density ensures large-scale farming viability without land competition.",kiwi-dibang-valley
Arunachal Pradesh,East Kameng,Orange,No,500000,3000000,50-65%,18-24 months,,"East Kameng's high altitude (800-1200m), cool climate, and well-drained soil create ideal conditions for cultivating sweet, vitamin-rich oranges. The region's minimal chemical pollution and traditional farming practices ensure premium quality fruit. Centuries of cultivation have perfected local techniques for disease-resistant, high-yield orange varieties.",orange-east-kameng
Arunachal Pradesh,East Siang,Jaggery,No,180000,850000,52-65%,10-16 months,7,"East Siang has abundant sugarcane, date palm, and coconut sap availability with established artisan networks producing multiple jaggery varieties. The district's agrarian base supports consistent raw material supply at lower cost than plains regions. Proximity to North-East highway networks and ports enables export to North America and Europe.",jaggery-east-siang
Arunachal Pradesh,Kamle,Orange,No,350000,1200000,50-65%,10-16 months,7,"Kamle district sits in the ideal agro-climatic zone of eastern Arunachal Pradesh for citrus cultivation, with altitude and rainfall patterns suited to Mandarin and Sweet Orange varieties. Nine established clusters (Wakro-Lohit, Roing-Dambuk-Lower Dibang Valley, Pangin, Mebo-East Siang, Boleng-Upper Siang, Basar-West Siang, Boha, Bragan-West Kameng, Bana-East Kameng) supply year-round from November-February peak season. Raw material access is zero-friction — smallholder farmers with 200-300 fruits per tree per year using organic indigenous methods.",orange-kamle
Arunachal Pradesh,Kra Daadi,Large Cardamom,No,150000,450000,50-65%,10-16 months,8,"Kra Daadi's elevation (1500-2500m) and subtropical climate create perfect conditions for large cardamom cultivation. Raw materials (cardamom pods, cardamom oil) are locally grown and accessible to farmers and processors. Small-scale cardamom farming communities form the artisan base; proximity to Assam and Meghalaya tea markets plus direct access to export routes via Guwahati airport (320km) reduce logistics friction.",large-cardamom-kra-daadi
Arunachal Pradesh,Kurung Kumey,Large Cardamom,No,350000,1500000,60-75%,10-16 months,7,Kurung Kumey's elevation (975-2069m asl) and Eastern Himalayan geography create ideal conditions for large cardamom cultivation across five proven cultivars. Raw material is locally sourced with minimal transport costs. The district benefits from proximity to Sikkim's established cardamom supply chain and can access buyers across northeast India and national spice markets.,large-cardamom-kurung-kumey
Arunachal Pradesh,Leparada,King Chilli,No,180000,750000,60-75%,9-15 months,7,"Leparada's elevation, climate, and soil composition suit King Chilli cultivation, though commercial production is concentrated in neighboring Nagaland. Raw materials including seeds and saplings are sourced regionally. The district benefits from proximity to Nagaland's established King Chilli supply chain and buyer networks for pickles, dried chilli, and capsaicin extraction.",king-chilli-leparada
Arunachal Pradesh,Lohit,Mustard Seed,No,175000,850000,48-62%,10-16 months,7,Lohit's geographical location in the eastern foothills with alluvial soil from the Lohit river system provides ideal conditions for mustard cultivation. Raw mustard seed from local farms is directly accessible without long supply chains. The district sits 10-14 hours by road from major spice markets in Assam and has emerging export corridors to Southeast Asia via Nathula Pass and Moreh.,mustard-seed-lohit
Arunachal Pradesh,Longding,Bead Necklace,No,75000,350000,60-75%,6-10 months,,"Longding is the cultural heartland of the Nocte tribe, where bead necklace making is an intrinsic part of tribal identity and tradition. The district's isolated geography has preserved authentic designs and techniques passed down for generations, making it the genuine source for authentic tribal bead necklaces. Local artisans possess deep knowledge of traditional color combinations and weaving patterns unique to this region.",bead-necklace-longding
Arunachal Pradesh,Lower Dibang Valley,Ginger,No,350000,1200000,58-72%,10-16 months,8,"Lower Dibang Valley's high-altitude terrain, abundant rainfall, and volcanic soil create ideal conditions for ginger cultivation. The region has established raw material supply chains with local farmers growing Zingiber officinale across the valley. Proximity to Northeast India's pharmaceutical and food processing hubs in Assam and Meghalaya provides direct buyer access.",ginger-lower-dibang-valley
Arunachal Pradesh,Lower Siang,Turmeric,No,350000,1500000,60-75%,10-16 months,,"Lower Siang's fertile, well-drained volcanic soil and cool mountainous climate create ideal conditions for turmeric cultivation with naturally elevated curcumin levels. The region's indigenous farming communities have preserved chemical-free agricultural practices for generations, producing premium-grade turmeric valued in international spice and pharmaceutical markets.",turmeric-lower-siang
Arunachal Pradesh,Lower Subansiri,Kiwi,No,500000,5000000,50-65%,18-24 months,,"Lower Subansiri's high-altitude terrain (1200-1800m), cool temperatures, and mineral-rich volcanic soil create optimal conditions for premium kiwi cultivation. The region's clean air, consistent rainfall, and minimal pest pressure result in naturally sweeter, higher-nutrient fruits that command premium pricing in national markets.",kiwi-lower-subansiri
Arunachal Pradesh,Namsai,Turmeric,No,350000,1200000,52-68%,10-16 months,6,"Namsai's alluvial soil, subtropical climate with adequate rainfall, and cool hill terrain create ideal conditions for turmeric cultivation with naturally high curcumin content. The Turmeric, Aloevera, Moringa and Mushroom SFURTI cluster is actively supported by the state government, with a Common Facility Centre (CFC) inaugurated by Deputy Chief Minister Chowna Mein. Proximity to raw materials and an emerging farmer base reduce sourcing friction for processors.",turmeric-namsai
Arunachal Pradesh,Pakke Kessang,Ginger,No,400000,1500000,60-75%,10-16 months,,"Pakke Kessang's high-altitude terrain, rich volcanic soil, and cool climate create ideal conditions for premium ginger cultivation. The district's remote location and traditional farming practices ensure pesticide-free, organic produce that commands premium prices in specialty markets. Indigenous farming knowledge combined with natural biodiversity makes this ginger distinctly aromatic and potent.",ginger-pakke-kessang
Arunachal Pradesh,Papum Pare,Turmeric,No,180000,850000,52-68%,10-16 months,6,"Papum Pare's elevation, rainfall pattern, and laterite soil create ideal growing conditions for high-curcumin turmeric varieties. The district has established farmer cooperatives and government support through fisheries and agricultural initiatives, with direct access to Northeast India's expanding wellness market. Proximity to Assam and Nagaland opens channels to regional spice traders and Ayurvedic companies.",turmeric-papum-pare
Arunachal Pradesh,Shi Yomi,Kiwi,No,800000,2500000,60-75%,18-24 months,,"Shi Yomi's elevation of 1,500–2,500 meters and pristine microclimate create optimal conditions for kiwi cultivation with superior flavor profiles. The region's commitment to organic farming and low pesticide use aligns with global premium fruit market demands. Minimal industrial interference ensures that Himalayan kiwis command premium pricing in domestic and export markets.",kiwi-shi-yomi
Arunachal Pradesh,Siang,Large Cardamom,No,450000,2500000,60-75%,18-24 months,,"Siang's elevation (1200-2500m), high rainfall, and cool misty climate create ideal conditions for large cardamom cultivation. The region's biodiversity-rich ecosystem and traditional farming practices by indigenous Adi communities ensure sustainable production of premium-quality cardamom with distinctive aromatic properties.",large-cardamom-siang
Arunachal Pradesh,Tawang,Chillies,No,150000,750000,50-65%,10-16 months,,"Tawang's high-altitude terrain (9,600-13,000 ft), cool climate, and rich volcanic soil create ideal conditions for growing exceptionally pungent and flavourful chillies. The region's isolation ensures minimal pesticide use and organic farming practices, making it attractive for premium organic chilli production with superior heat and aroma profiles.",chillies-tawang
Arunachal Pradesh,Tirap,Ginger,No,500000,2500000,60-75%,10-16 months,,"Tirap's cool highland climate, rich volcanic soil, and 1800-2200m altitude create ideal conditions for high-pungency ginger cultivation. The district's traditional farming knowledge and minimal chemical usage align perfectly with organic ginger production demands of global markets.",ginger-tirap
Arunachal Pradesh,Upper Siang,Orange,No,500000,5000000,50-65%,10-16 months,,"Upper Siang's elevation (600-1800m), cool climate, and virgin soil create ideal conditions for sweet citrus cultivation. The district has 40+ years of orange farming tradition with minimal pesticide use, and proximity to Northeast markets provides natural logistical advantage.",orange-upper-siang
Arunachal Pradesh,Upper Subansiri,Orange,No,500000,2500000,50-65%,10-16 months,,"Upper Subansiri's high-altitude cooler climate (1200-1800m) and well-drained soil create ideal conditions for orange cultivation with natural disease resistance. The district's geographical isolation has preserved heritage orange varieties with superior taste and nutritional density, supported by traditional farming practices spanning generations.",orange-upper-subansiri
Arunachal Pradesh,West Kameng,Apple,No,320000,1200000,45-60%,12-18 months,6,"Shergaon sits at 2,000m elevation in the Eastern Himalayas with ideal apple-growing climate (cool nights, well-drained slopes). The State Horticulture Farm at Seinthuk (Shergaon) supplies certified apple buds directly to growers. Raw material access is proximity-based — nursery stock grown on-site, reducing input costs.",apple-west-kameng
Arunachal Pradesh,West Siang,Pineapple,No,250000,1200000,45-60%,10-16 months,6,"West Siang's hilly terrain, high rainfall, and well-drained soil provide ideal conditions for pineapple cultivation. The district has established pineapple farming across 5 blocks with raw material readily available from 180 villages. Proximity to Assam and Nagaland markets, plus direct access to Guwahati's distribution hub, makes this a strategic location for processing and export.",pineapple-west-siang
Assam,Bajali,Rice,No,500000,5000000,50-65%,10-16 months,,"Bajali's fertile alluvial plains from the Brahmaputra river system create ideal soil conditions for cultivating premium aromatic rice. The region's traditional farming practices, cool climate, and abundant water resources have perfected rice cultivation over centuries, producing varieties like Joha and Basmati-type rice with exceptional quality and market demand.",rice-bajali
Assam,Baksa,Honey,No,200000,1500000,60-75%,10-16 months,,"Baksa's agro-climatic zone with diverse wildflower flora, horticulture crops, and proximity to forested areas creates ideal conditions for bee-friendly pollen and nectar sources. The region's low pollution levels and natural biodiversity produce honey with unique flavor profiles that distinguish it in premium markets.",honey-baksa
Assam,Barpeta,Bell Metal Products,No,180000,800000,52-68%,10-16 months,7,"Sarthebari cluster in Barpeta houses 280 bell-metal production units with 5000 employed artisans, located 70km from Guwahati. Raw materials like bell-metal alloys are sourced regionally with established supplier networks. The cluster sits between Assam's handloom belt and growing hospitality demand in Northeast India, with direct access to national wholesale markets in Delhi and Mumbai via NH37.",bell-metal-products-barpeta
Assam,Biswanath,Tea,No,1500000,8000000,50-65%,12-18 months,,"Biswanath benefits from Assam's unique geography — high rainfall, moderate temperatures, and well-drained laterite soil that impart the characteristic astringency and aroma to Assam Orthodox tea. The district sits at the foothills of the Eastern Himalayas, providing ideal altitude and climate for second flush teas prized globally.",tea-biswanath
Assam,Bongaigaon,Maize,No,500000,3500000,45-60%,12-18 months,,"Bongaigaon's tropical climate, fertile alluvial soil, and monsoon patterns create ideal conditions for high-yield maize cultivation. The district has established supply chains to regional corn mills, processors, and feed manufacturers, making it a natural production hub. Local farming communities have multi-generational expertise in crop rotation and soil management.",maize-bongaigaon
Assam,Cachar,Scented and Glutonious Rice,No,280000,1200000,50-65%,10-16 months,6,Cachar sits in the fertile Barak Valley with abundant water resources and puddled wetland fields ideal for scented glutinous rice cultivation. The district has generations of rice farming expertise and direct access to Silchar market (₹40+ Cr annual rice trade hub). Raw material availability is year-round due to multiple growing seasons.,scented-and-glutonious-rice-cachar
Assam,Charaideo,Aromatic Rice,No,850000,2500000,45-65%,10-16 months,6,"Charaideo has ideal agro-climatic conditions for aromatic rice cultivation in the Brahmaputra valley, with proven farmer base already producing chinigura for 50+ years. Raw material — paddy — is sourced directly from local farmers across the district's agricultural belt. Hotels, restaurants, and institutional buyers in Guwahati (100km), Kolkata (700km), and Bangladesh border markets create consistent demand.",aromatic-rice-charaideo
Assam,Chirang,Lemon,No,150000,500000,55-70%,14-18 months,8,"Chirang has 800 organized farmers cultivating Kazi Nemu across 300 hectares with proven export success — 1,200 kg shipment to London at double wholesale rates. The district's climate and soil produce lemons with 9-year productive lifespan per tree, and the cluster ecosystem in Panbari village provides direct access to established growers and buyer networks.",lemon-chirang
Assam,Darrang,Vegetables,No,180000,650000,45-60%,10-16 months,6,Darrang's 1850.58 sq km geographical area with fertile Brahmaputra valley soil provides natural advantage for year-round vegetable cultivation. The district's two established clusters (Kharupetia and Besimari) have built supply chain expertise and farmer networks over decades. Proximity to Assam's urban markets (Guwahati 80km) and demand from health-conscious consumers across Northeast India create consistent buyer demand.,vegetables-darrang
Assam,Dhemaji,Red Rice,No,250000,1500000,50-65%,12-18 months,,"Dhemaji's fertile alluvial plains, abundant water resources from the Brahmaputra river system, and distinct seasonal patterns create ideal conditions for red rice cultivation. The district has a long-standing agricultural tradition and the soil composition naturally produces rice with higher iron content, making it naturally suited for premium red rice production.",red-rice-dhemaji
Assam,Dhubri,Chilly,No,200000,1500000,50-65%,10-16 months,,"Dhubri's fertile alluvial plains, warm subtropical climate, and river proximity create ideal growing conditions for high-heat chillies. The district has a long agricultural tradition and skilled farming communities with deep knowledge of chilli cultivation suited to local soil and weather patterns.",chilly-dhubri
Assam,Dibrugarh,Organic Tea,No,1500000,5000000,60-75%,12-18 months,,"Dibrugarh's elevation, climate, and soil composition create ideal conditions for organic tea cultivation. The region has a 200+ year tea-growing heritage with established infrastructure and expertise. Local farmers have successfully transitioned to organic certification, positioning Dibrugarh as India's emerging organic tea capital.",organic-tea-dibrugarh
Assam,Dima Hasao,Ginger,No,400000,1500000,50-65%,10-16 months,,"Dima Hasao's cool hill climate (800-1200m elevation), well-drained volcanic soil, and consistent monsoon rainfall create ideal conditions for premium ginger cultivation. The district has a long tradition of organic farming practices and minimal chemical usage, making it naturally suited for certified organic ginger production with superior organoleptic properties.",ginger-dima-hasao
Assam,Goalpara,Banana,No,350000,1200000,45-60%,10-16 months,7,"Goalpara has consistent agro-climatic conditions suitable for banana cultivation, with established supply chains reaching Iraq, Iran, UAE, Uzbekistan, and Oman. The district produces large quantities exported as 400 metric tonnes annually generating Rs 2.52 crore. Access to raw material is direct from farms; buyer networks already exist through existing exporters.",banana-goalpara
Assam,Golaghat,Agarwood & Its Derivatives,No,500000,5000000,60-75%,12-18 months,,"Golaghat's tropical monsoon climate, rich forest biodiversity, and centuries-old agarwood cultivation tradition make it naturally suited for producing premium agarwood. The district has established supply chains and expertise in agarwood processing, with local artisans skilled in oil extraction and derivative creation.",agarwood-its-derivatives-golaghat
Assam,Hailakandi,Arecanut,No,350000,2500000,45-60%,18-24 months,,"Hailakandi has ideal tropical-subtropical climate, well-drained laterite soils, and monsoon patterns perfect for arecanut palms. The district has a 70-year legacy of arecanut cultivation with established farmer networks, local processing units, and direct market access to betel nut trading hubs. Proximity to Bangladesh border ensures cross-border trade opportunities.",arecanut-hailakandi
Assam,Hojai,Jaggery,No,250000,1500000,50-65%,10-16 months,,"Hojai has a centuries-old tradition of sugarcane cultivation and jaggery-making deeply rooted in the region's agricultural heritage. The district's climate, soil, and water resources are ideally suited for high-quality sugarcane production. Local artisans possess specialized knowledge of traditional gur-making methods that yield superior taste and nutritional content.",jaggery-hojai
Assam,Jorhat,Bhoot Jholokia,No,180000,800000,60-75%,6-10 months,8,"Jorhat's hot and humid climate is naturally suited for Bhoot Jolokia cultivation. The district has 2,000 farmers already farming at scale in Nakachari and Teok clusters, with raw material proximity and zero supply constraints. National and international demand for extreme-heat chillies is growing 15-20% YoY in food, pharmaceutical, and hot sauce sectors.",bhoot-jholokia-jorhat
Assam,Kamrup (M),"Home Furnishing made of Eri , Muga & Assam Silk, etc.",No,150000,800000,50-65%,10-16 months,8,"Kamrup (M) is the epicenter of Assam's silk industry, with raw material sourcing from endemic Som and Soalu trees within 50-150 km radius. The district hosts 18+ active weaving clusters including Kamrup, Sualkuchi, and Goalpara with 8,000+ registered artisans. Proximity to buyers in Northeast India and ports via Guwahati makes export viable.",home-furnishing-made-of-eri--muga-assam-silk-etc-kamrup-m
Assam,Kamrup(R),Banana,No,350000,1200000,50-65%,10-16 months,6,"Kamrup Rural has abundant water resources, fertile alluvial soil, and proximity to Northeast markets. Pig-cum-fish integrated farming in the district achieved a benefit-cost ratio of 3.36:1, showing strong agricultural viability. Raw materials like banana, litchi, pineapple, and mango grow naturally in the region.",banana-kamrupr
Assam,Karbi Anglong,Ginger,No,150000,800000,60-75%,10-16 months,7,Karbi Anglong's elevation (900-1200m) and rainfall pattern produce ginger with superior aroma and pungency compared to lowland varieties. Raw material availability is direct from cluster farmers spread across 8000+ hectares. Proximity to Guwahati (140km) gives access to Assam's food processing industry and northeastern export corridors.,ginger-karbi-anglong
Assam,Karimganj,Plates and Bowls made of Arecanut Leaf Sheath,No,150000,450000,60-75%,10-16 months,7,"Karimganj sits in Assam, which is one of India's top 4 areca nut plantation states alongside Tamil Nadu, Karnataka, and Kerala. Raw material sourcing is immediate — local areca palm cultivation is established. The district has growing MSME clusters and artisan networks, positioning it as a low-cost manufacturing base before the proven shift to Tamil Nadu for quality scaling.",plates-and-bowls-made-of-arecanut-leaf-sheath-karimganj
Assam,Kokrajhar,Mushroom,No,250000,1500000,60-75%,6-10 months,,"Kokrajhar's rich biodiversity, ideal climate conditions with high humidity and moderate temperature, and fertile soil make it naturally suited for mushroom cultivation. The region's strong agricultural heritage and existing farmer networks provide a ready ecosystem for scaling organic mushroom production.",mushroom-kokrajhar
Assam,Lakhimpur,Handloom Products of Silk & Cotton,No,180000,550000,52-68%,9-16 months,7,"Lakhimpur sits in upper Assam where mulberry, Eri, and Muga silk cocoons are naturally cultivated; the district has an active Handloom Department under the Government of Assam and a concentrated weaver community in clusters like Dhemaji and North Lakhimpur. Raw silk production is local, reducing supply chain friction and enabling margin protection.",handloom-products-of-silk-cotton-lakhimpur
Assam,Majuli,Mustard Seeds,No,180000,450000,50-65%,10-16 months,6,Majuli is an island district in Upper Assam with naturally fertile alluvial soil ideal for mustard cultivation. Raw materials are grown locally with zero transportation cost for seed sourcing. The region has established agricultural infrastructure and access to bulk buyers in Assam and neighbouring states.,mustard-seeds-majuli
Assam,Morigaon,Maize,No,350000,2500000,48-62%,10-18 months,,"Morigaon's alluvial plains and riverine deposits from the Brahmaputra create naturally fertile soil ideal for maize cultivation. The district's cool monsoon climate and well-distributed rainfall (2200mm annually) provide optimal growing conditions without excessive chemical inputs, enabling naturally healthier, flavorful maize varieties that command premium prices.",maize-morigaon
Assam,Nagaon,Pearl,No,500000,3500000,60-75%,18-24 months,,"Nagaon's abundant freshwater resources, particularly the Brahmaputra river system and wetlands, provide ideal conditions for mussel farming. The district has developed skilled artisan communities experienced in traditional aquaculture, creating a natural ecosystem for pearl cultivation innovation and eco-conscious production methods.",pearl-nagaon
Assam,Nalbari,Rice & Rice Products,No,150000,5000000,50-65%,10-16 months,6,"Nalbari is one of Assam's primary rice-producing districts with ideal alluvial soil, abundant water from the Brahmaputra river system, and established rice cultivation across Tihu and Borigog-Banbhag clusters. A study of 120 rice growers from six villages documents the farming practices and productivity patterns. The district supplies raw rice and processed products to Assam's food industry and regional markets.",rice-rice-products-nalbari
Assam,Sivasagar,Rice & Rice Products,No,450000,2500000,50-65%,10-16 months,,"Sivasagar district has ideal agro-climatic conditions with abundant water resources from the Brahmaputra valley, ensuring consistent high-yield rice cultivation. The region has over a century of rice farming heritage with skilled farmers and established supply chains. Proximity to Assam's major consumption centers and neighboring states makes logistics cost-effective.",rice-rice-products-sivasagar
Assam,Sonitpur,"Parboiled Rice , Steam Rice & all Rice products",No,250000,1500000,50-65%,10-16 months,7,"Sonitpur lies in the Brahmaputra valley with fertile alluvial soil ideal for rice cultivation. Paddy is grown locally and processed within the district through 2 established production units. The region supplies rice to Assam, Northeast India, and beyond, with direct access to raw materials eliminating transport costs.",parboiled-rice--steam-rice-all-rice-products-sonitpur
Assam,South Salamara- Mankachar,Processed cashew nuts,No,150000,500000,50-65%,10-16 months,6,"South Salamara-Mankachar lies in western Assam with headquarters in Hatsimigari and sits in a region with established tropical cashew cultivation. Raw cashew nuts are sourced locally from trees that grow 13-14 meters tall, with dwarf varieties (6 meters) proving more beneficial for yield. The district has selected cashew processing as its ODOP product, indicating existing artisan infrastructure and govt support channels.",processed-cashew-nuts-south-salamara--mankachar
Assam,Tamulpur,Honey,No,150000,500000,60-75%,10-16 months,,"Tamulpur's dense forests and lush landscapes provide ideal flora diversity for wild honey production. The region's traditional beekeeping communities have centuries of expertise in sustainable harvesting, and the forest cover exceeds 45%, creating optimal conditions for diverse bee populations and rich honey nectar sources.",honey-tamulpur
Assam,Tinsukia,Assam Lemon,No,150000,800000,50-65%,12-18 months,8,"Tinsukia has perfected lemon cultivation across more than 15,000 hectares with Kaji nemu, a seedless variety with distinct aroma and higher juice content. The district's tropical climate, soil composition, and traditional farming methods make it ideal for year-round lemon production. Direct access to export corridors via Dibrugarh airport and proximity to Delhi-NCR, Bengaluru, Pune, and Hyderabad markets through established promotional kiosks (100+ locations) reduce buyer acquisition cost.",assam-lemon-tinsukia
Assam,Udalguri,Orthodox Tea (black) and Green Tea,No,450000,2500000,50-65%,10-16 months,7,"Udalguri lies in North Assam's tea-growing belt where altitude, soil composition, and climate conditions naturally support Orthodox tea cultivation. The district has established tea estates listed as key infrastructure, providing proximity to raw tea leaves, processing knowledge, and existing supply chains. Buyer markets include domestic tea companies across Assam and eastern India, plus emerging health-conscious consumers nationwide seeking quality black and green tea.",orthodox-tea-black-and-green-tea-udalguri
Assam,West Karbi Anglong,Ginger,No,350000,1500000,60-75%,10-16 months,8,"West Karbi Anglong sits at 500-700m elevation with 2,600 hectares of organic ginger cultivation in Singhasan Hills, providing ideal highland soil and climate. The district has 10,000 established farmers with three decades of commercial ginger experience since the 1950s. Proximity to pan-India markets (Delhi, Mumbai) and established export channels to Europe, Canada, and Middle East reduce buyer search time.",ginger-west-karbi-anglong
Bihar,Araria,Jute,No,150000,2500000,50-65%,10-16 months,7,"Araria's alluvial soil and monsoon climate are ideal for jute cultivation, with the Kosi River system providing irrigation support. The district has an established jute fiber extraction network and artisan community with decades of experience in hand and mechanical processing. Proximity to Bangladesh — the world's largest jute goods exporter — creates natural cross-border buyer relationships and knowledge transfer.",jute-araria
Bihar,Arwal,Mushroom,No,180000,2500000,50-65%,10-16 months,7,"Arwal has a favourable climate and fertile soil suitable for mushroom cultivation, with sterilized paddy straw readily available from surrounding agricultural areas. The district has seen rising adoption of oyster, button, shiitake, and exotic varieties with proven market demand at ₹1000-12000 per kg. Raw material suppliers and established producers like Poonam Sharma's operation serve as knowledge anchors for new entrants.",mushroom-arwal
Bihar,Aurangabad,Lemon Grass,No,250000,2500000,60-75%,10-16 months,,"Aurangabad's semi-arid climate, fertile Gangetic plains soil, and well-developed agricultural infrastructure make it ideal for lemongrass cultivation. The district's proximity to major spice hubs and established agri-export networks provide direct market access. Local farmer cooperatives and existing herbal cultivation expertise create a ready ecosystem for scaling lemongrass production.",lemon-grass-aurangabad
Bihar,Banka,Banka Silk,No,250000,1500000,52-65%,10-16 months,8,"Banka district has centuries-old silk weaving heritage concentrated in clusters around Banka town and Rajnagar. Mulberry cultivation thrives in the region's climate and soil, with raw silk production directly sourced from local sericulture farms. The district has established artisan networks, wholesale silk markets, and proximity to buyer hubs in Delhi, Kolkata, and Mumbai.",banka-silk-banka
Bihar,Begusarai,Chilli,No,350000,2500000,50-65%,10-16 months,,"Begusarai's alluvial soil and subtropical climate create ideal conditions for chilli cultivation, with decades of farming expertise in the region. The district has established supply chains and a large farmer base, making it a natural production and trading center for quality chillies across multiple varieties.",chilli-begusarai
Bihar,Bhagalpur,Bhagalpur Silk,No,300000,2500000,50-65%,10-16 months,7,"Bhagalpur has 25,000 operational looms and 7,500-8,000 registered cooperative weavers concentrated in Maskan Bari and Puraini clusters, with direct access to raw cocoons and established buyer networks across West Asia, Europe, and the US. The district has 200+ years of silk weaving heritage and ranks second nationally in production scale. Raw materials (cocoons, silk threads) are sourced locally or from neighboring regions, reducing procurement friction.",bhagalpur-silk-bhagalpur
Bihar,Bhojpur,Applique Work,No,180000,850000,60-75%,9-16 months,7,"Bhojpur has 400+ registered appliqué artisans concentrated in specific hamlets with direct access to cotton fabric scrap suppliers in Patna and Varanasi textile hubs. The district sits 100 km from Varanasi's weaving market and 150 km from Patna's fabric wholesalers, enabling low raw material costs. Local artisan labor costs ₹500–₹5,000 per garment, significantly below metro-based competitors.",applique-work-bhojpur
Bihar,Buxar,Hand Embroidery,No,150000,500000,45-60%,12-18 months,7,"Buxar sits in the fertile Indo-Gangetic plains with proximity to Ganga water resources, ideal for organic rice cultivation. The district has established the Organic Corridor Phase-1 (200 acres of 1000) and Phase-2 (500 acres of 1500) specifically for Sonachur rice, managed by Dumraon Farmer Producer Company. Buyer markets include Patna, Varanasi, Kolkata, and Delhi via organized supply chains.",hand-embroidery-buxar
Bihar,Darbhanga,Madhubhani Paintings,No,15000,350000,60-75%,6-12 months,8,"Darbhanga sits in the Mithila region where Madhubani painting originated and remains concentrated in dozens of villages. Raw materials like natural pigments, turmeric, bel leaves, palash flowers, and brushes are locally sourced. The district has 500+ active artisans and painter families, mostly women, creating an established supply base.",madhubhani-paintings-darbhanga
Bihar,East Champaran,Bags & Garments,No,500000,3000000,50-65%,10-16 months,,East Champaran has a strong legacy of textile manufacturing rooted in historical cotton production and Khadi traditions. The district hosts numerous MSMEs specializing in apparel production with skilled labor force trained in both traditional handloom and modern power-loom techniques. Proximity to textile clusters in neighboring regions and established supply chains make it ideal for bags and garments manufacturing at competitive costs.,bags-garments-east-champaran
Bihar,Gaya,Handloom/Garments,No,250000,1500000,50-65%,10-16 months,7,"Gaya has established garment manufacturing with factories producing multiple clothing types for domestic and export markets. The district benefits from proximity to the Bhagalpur handloom cluster (200km away) which supplies linen fabrics and silk, and from local cotton and jute sourcing. Raw materials like cotton, silk, wool, jute, linen, and flax are accessible through established supply chains.",handloom-garments-gaya
Bihar,Gopalganj,Sugarcane,No,350000,2500000,50-65%,10-16 months,7,"Gopalganj sits in the Indo-Gangetic Plain with fertile alluvial soil ideal for sugarcane. The Khalgaon cluster in Panchdeori block already has an operational ₹15 crore modern jaggery plant, eliminating R&D risk. Sugarcane growers in the region supply directly to the cluster, reducing raw material sourcing complexity.",sugarcane-gopalganj
Bihar,Jamui,Crochet Goods,No,150000,1500000,60-75%,10-16 months,,"Jamui has a strong tradition of textile craftsmanship and skilled crochet artisans with 50+ years of collective experience. The region's affordable labor costs, established artisan clusters in Jamui city and surrounding villages, and proximity to yarn supply chains in Bihar make it ideal for scaling crochet production.",crochet-goods-jamui
Bihar,Jehanabad,Mushroom,No,150000,750000,60-75%,6-10 months,,"Jehanabad has optimal climate conditions (18-25°C temperature range) for mushroom cultivation throughout the year. The district's agricultural landscape, proximity to vegetable markets in Patna, and growing farmer adoption of horticulture make it naturally suited for commercial mushroom farming. Government agricultural extension centers actively promote modern farming techniques in the region.",mushroom-jehanabad
Bihar,Kaimur (Bhabua),Carpet,No,350000,1500000,50-65%,10-16 months,8,"Bhabua has a concentrated base of 4.5 million skilled carpet artisans across India's industry, with Kaimur serving as a production hub. Raw materials (wool, nylon, polyester) are sourced regionally and imported via supply chains linked to northern India clusters. Proximity to Delhi and North India markets (33.72% of India's carpet demand) reduces logistics costs for domestic B2C and institutional buyers.",carpet-kaimur-bhabua
Bihar,Katihar,Jute,No,150000,750000,52-68%,9-16 months,,"Katihar has a 100+ year tradition of jute cultivation and processing, with naturally fertile soil suited for jute growth and an established network of skilled artisans trained in traditional weaving and product creation. The district's proximity to jute-growing regions in West Bengal and strong farmer cooperatives make it an ideal hub for sustainable jute product manufacturing.",jute-katihar
Bihar,Khagaria,Bamboo Art,No,150000,800000,60-75%,10-16 months,,Khagaria has abundant bamboo forests and a long-standing tradition of bamboo craftsmanship with skilled artisans trained in eco-friendly production methods. The region's agricultural economy and proximity to raw materials make it ideal for scaling bamboo art production while supporting rural livelihoods.,bamboo-art-khagaria
Bihar,Kishanganj,Dragon Fruit,No,300000,2000000,60-75%,18-24 months,6,"Kishanganj sits on the Tarai and Duars belt of the Himalayan foothills — a geography that naturally suits high-value perennial crops. While officially the ODOP product is tea, dragon fruit has emerged as a secondary opportunity due to similar agro-climatic conditions and lower water stress than traditional crops. The district has 11 existing tea processing units that can be adapted for fruit processing.",dragon-fruit-kishanganj
Bihar,Lakhisarai,Pulses (Masoor),No,350000,1200000,45-60%,10-16 months,8,"Lakhisarai's proximity to the Ganges and alluvial soil create ideal conditions for pulse production. The district has established agricultural supply chains linking to national and international pulse markets, with existing farmer networks and procurement infrastructure. Raw material sourcing is direct from local cooperative societies and mandis, reducing intermediaries.",pulses-masoor-lakhisarai
Bihar,Madhepura,Bamboo Art,No,150000,750000,60-75%,10-16 months,,"Madhepura has abundant bamboo forests and a strong tradition of bamboo craft passed down through generations. The region's skilled artisans have perfected intricate weaving techniques over decades, creating unique aesthetic value. Low labor costs and established supplier networks make it an ideal production hub for bamboo handicrafts.",bamboo-art-madhepura
Bihar,Madhubani,Madhubani Paintings,No,150000,800000,60-75%,10-16 months,8,"Madhubani district is the birthplace of Mithila painting, originating in the historical Mithila Kingdom (8th-7th century BCE). Raw materials—natural dyes, cotton, bamboo, pigments—are sourced locally from village suppliers. Jitwarpur and Ranti clusters house 400+ registered artisans, mostly women trained through generational knowledge transfer, with direct access to domestic and export markets via Madhubani city.",madhubani-paintings-madhubani
Bihar,Munger,Lemon Grass,No,350000,1500000,60-75%,10-16 months,8,"Munger's warm, humid climate with 250-300 cm annual rainfall creates ideal conditions for lemongrass cultivation at altitudes of 100-1,200 m. Raw material availability is abundant with established farmer networks supplying leaves year-round. Lemongrass House's 40 retail outlets across 12 countries prove proven export demand and buyer relationships already exist in this district.",lemon-grass-munger
Bihar,Muzaffarpur,Bags & Garments,No,300000,1500000,52-68%,10-16 months,,Muzaffarpur has a centuries-old tradition of handloom weaving and natural fabric dyeing rooted in Maithili culture. The district's artisan clusters in areas like Cheria Bariyarpur and surrounding villages have deep expertise in cotton and silk weaving. Access to raw silk from nearby regions and abundant labor makes it naturally suited for scaling garment production with heritage appeal.,bags-garments-muzaffarpur
Bihar,Nalanda,Bawan Booti,No,350000,1500000,58-72%,10-16 months,,"Nalanda has a 500+ year weaving tradition rooted in its historical significance as a Buddhist learning center. The region's artisan community possesses deep expertise in complex motif patterns and sustainable cotton-silk blending. Local soil and water conditions naturally suit indigo and natural dye production, making Bawan Booti's 52-motif design intrinsically tied to Nalanda's cultural fabric.",bawan-booti-nalanda
Bihar,Nawada,Handloom,No,350000,2000000,60-75%,10-16 months,,Nawada has a centuries-old handloom weaving tradition with skilled artisans trained in intricate pattern-making. The district's proximity to raw material sources and established weaver communities make it ideal for scaling traditional fabric production into a sustainable enterprise.,handloom-nawada
Bihar,Patna,Brass Metal Work,No,350000,2500000,50-65%,10-16 months,8,"Patna has an established artisan base with traditional brass-working skills refined over centuries. Raw materials — copper and zinc — are readily accessible through national suppliers and port linkages. The district sits on major transportation corridors connecting to electrical equipment manufacturers, automotive hubs, and construction sectors across North India.",brass-metal-work-patna
Bihar,Purnea,Bamboo Art,No,150000,800000,60-75%,10-16 months,,"Purnea has a centuries-old tradition of bamboo craftsmanship with a strong artisan community skilled in intricate basketry and furniture design. The district's abundant bamboo resources and cultural heritage make it an ideal base for scaling this craft into a viable commercial enterprise. Local clusters in villages around Purnea town already supply regional markets, providing a ready knowledge base and supply chain.",bamboo-art-purnea
Bihar,Rohtas,Menthol,No,850000,2500000,50-68%,10-16 months,8,Rohtas has favorable climate and soil conditions ideal for mint cultivation. The district is positioned as India's largest menthol producer with established supply chains to pharmaceutical hubs in Gujarat and Madhya Pradesh. Proximity to raw material farms and existing extraction infrastructure reduces sourcing friction.,menthol-rohtas
Bihar,Saharsa,Makhana (Foxnut),No,250000,1500000,50-65%,9-16 months,8,"Saharsa's water bodies and shallow wetlands are naturally suited for Euryale ferox cultivation, the raw material for makhana. The district is part of a 9-cluster makhana belt (Darbhanga, Mithila, Madhubani, Purnia, Katihar, Supaul, Araria, Sitamarhi, Saharsa) with 1,100 registered exporters and 547 active Indian exporters. Skilled Mallah communities manage the entire value chain from seed to popping.",makhana-foxnut-saharsa
Bihar,Samastipur,Bamboo Art,No,150000,1500000,60-75%,10-16 months,,"Samastipur has a strong historical tradition of bamboo craftsmanship with abundant bamboo forests in adjacent regions of Bihar. The district's rural artisan population possesses multi-generational skills in weaving and bamboo work, making it naturally suited for scaling this heritage craft into a commercial ODOP.",bamboo-art-samastipur
Bihar,Saran,Tomato,No,300000,1200000,50-65%,6-10 months,,"Saran district has fertile alluvial soil, abundant water from the Ganges River system, and a semi-tropical climate ideal for year-round tomato cultivation. The region's established agricultural ecosystem and proximity to major vegetable markets in North India make it a natural hub for tomato farming and value-added products.",tomato-saran
Bihar,Sheikhpura,Onion,No,300000,5000000,35-45%,6-9 months,8,"Sheikhpura has fertile alluvial soil and adequate water supply ideal for onion farming. The district borders Malda (West Bengal), making it a natural transit point for onion export to Bangladesh via Hilli mandi and border areas. About 100 active entrepreneurs with established supply chains and storage infrastructure already operate here.",onion-sheikhpura
Bihar,Sheohar,Maize,No,180000,800000,45-60%,10-16 months,6,"Sheohar's 442.99 sq km area with 6,56,246 population provides a concentrated farming base across 5 blocks and 203 villages, creating dense maize cultivation zones. Raw material proximity is immediate—farmers harvest directly in-district and dry locally. Buyer markets include poultry feed manufacturers in North Bihar and Indo-Gangetic Plain, plus regional flour mills and food processors within 150 km radius.",maize-sheohar
Bihar,Sitamarhi,Applique Work,No,150000,800000,60-75%,6-10 months,,"Sitamarhi has a 300+ year tradition of applique work passed down through generations of artisan families. The district's cultural heritage, combined with access to skilled labor and proximity to fabric markets in Patna and Varanasi, makes it the natural hub for this craft. The GI recognition has already validated the authenticity and market value of Sitamarhi applique globally.",applique-work-sitamarhi
Bihar,Siwan,Mentha,No,350000,2500000,60-75%,10-16 months,,"Siwan's semi-temperate climate, alluvial soil from the Ganges plains, and established agricultural traditions make it ideal for mentha cultivation. The district's existing infrastructure for spice and herb processing, combined with proximity to major pharma hubs in North India, creates a natural advantage for mentha production and value-added processing.",mentha-siwan
Bihar,Supaul,Lac Bangles,No,150000,500000,,9-16 months,,"Supaul has a centuries-old tradition of lac craftsmanship passed down through generations of artisans. The district's access to quality lac resin, skilled labor, and established bangle-making clusters make it naturally suited for scaling this heritage product. Local artisans possess deep expertise in lacquer molding, stone embedding, and design innovation that cannot be easily replicated elsewhere.",lac-bangles-supaul
Bihar,Vaishali,Banana,No,800000,2000000,50-65%,10-16 months,7,"Vaishali's climate and soil are ideal for banana cultivation, with established farmer networks and a successful model (Taruwar Agro) proving the viability of banana fibre extraction. Raw materials—banana plants and pulp—are locally abundant, and proximity to Hajipur (district hub) provides market access. Export markets in Japan and Europe are already proven by existing operators.",banana-vaishali
Bihar,West Champaran,Marcha Chura,No,150000,500000,60-75%,6-10 months,8,"West Champaran's unique microclimate along the Budhi-Gandak and Sikarahna rivers creates low October-November temperatures that develop the distinctive aroma in Marcha paddy. Cultivation area has tripled from 1,000 to 3,000 hectares in recent years, establishing a strong raw material base. Six established processing clusters (Ramnagar, Gaunaha, Mainatand, Chanpatiya, Narkatiyaganj, Lauriya) provide artisan access and logistics networks.",marcha-chura-west-champaran
Chandigarh,Chandigarh,Tourism,No,500000,5000000,50-65%,12-18 months,7,"Chandigarh is a Tier 1 metropolitan area with 10.55 lakh population and 114 sq km planned geography, directly administered by Ministry of Tourism. The city has zero GI artisan base but massive institutional tourism demand from domestic and international visitors. Central Government has allocated ₹100 crore master plan for tourism infrastructure including ₹40 crore Sarangpur Concert Centre (30,000-35,000 capacity), ₹20 crore Digital Museum Sector 18, and ₹35 crore Natural History Museum Sector 10.",tourism-chandigarh
Chhattisgarh,Balod,Handloom,No,180000,800000,50-65%,10-16 months,7,"Balod has a 200+ year weaving tradition centered around tasar silk production from local silkworm cocoons. The district's semi-forested terrain supports natural sericulture, and clustered weaver communities in towns like Balod city and Mandir Hasaud provide trained artisan labor. Proximity to major Indian textile markets (Mumbai 800km, Bangalore 900km) and established trade routes to Indore and Nagpur enable steady wholesale and export channels.",handloom-balod
Chhattisgarh,Baloda bazar,Rice based products - poha etc,No,150000,800000,50-65%,10-16 months,6,"Baloda Bazar sits in Chhattisgarh's rice belt with consistent paddy production across 738 villages and 5 development blocks. Raw material is harvested locally within 30-50km, reducing transport costs. 10.78 lakh population provides both skilled labor and domestic demand for poha and murmura.",rice-based-products---poha-etc-baloda-bazar
Chhattisgarh,Balrampur,"Rice- Jiraphul, Bisni etc",No,350000,2500000,50-65%,10-16 months,,"Balrampur's unique climate, alluvial soil composition, and traditional farming practices for over 200 years have created the perfect conditions for cultivating Jeeraphool rice with its distinctive cumin aroma. The district's agricultural legacy and water availability from the Mahanadi tributary system ensure consistent quality and yield of this GI-tagged variety.",rice--jiraphul-bisni-etc-balrampur
Chhattisgarh,Bastar,Bell Metal (Dhokra),No,180000,550000,52-68%,9-16 months,8,"Bastar has been the epicenter of Dhokra craft since Harappan times, with riverbed clay and bronze/brass readily available in local markets. The Ghadawa artisan community is concentrated here with 4+ generations of skill. Proximity to central Indian buyer markets (Indore, Nagpur, Raipur) and established export networks via Nagpur railhead.",bell-metal-dhokra-bastar
Chhattisgarh,Bemetara,Papaya Based Product,No,350000,1500000,52-65%,10-16 months,,Bemetara has a favorable tropical climate and fertile soil ideal for papaya cultivation. The district's agricultural infrastructure and growing food processing sector make it naturally suited for value-added papaya product manufacturing. Proximity to Raipur market and established supply chains provide distribution advantages.,papaya-based-product-bemetara
Chhattisgarh,Bijapur,"Minor Forest Produce - Tamarind, Mahua",No,150000,500000,50-65%,10-16 months,7,"Bijapur sits in forest-rich, hilly terrain south of the Indravati River with direct access to wild Tamarind and Mahua populations. Four development blocks (Bijapur, Bhairamgarh, Bhopalpattnam, Usur) have tribal artisan networks with decades of harvesting knowledge. Raw material costs are lowest here because trees grow wild and indigenous communities have customary forest rights.",minor-forest-produce---tamarind-mahua-bijapur
Chhattisgarh,Bilaspur,Black Rice,No,500000,2500000,60-75%,10-16 months,,"Bilaspur's fertile alluvial plains, abundant water resources from the Hasdeo River system, and established rice cultivation infrastructure make it ideal for black rice production. The district has a strong agricultural base with farmers experienced in specialty rice varieties, and climate conditions are perfectly suited for black rice cultivation.",black-rice-bilaspur
Chhattisgarh,Dantewada,Minor Forest Produce - Tamarind,No,150000,800000,45-60%,10-16 months,6,"Dantewada's forest ecosystem and agricultural climate support tamarind orchards year-round. The district has three active tamarind clusters—Metapal, Geedam block, and Katekalyan block—with direct supply chains to Jagdalpur market (district HQ of Bastar), enabling access to traders across southern states, particularly Andhra Pradesh.",minor-forest-produce---tamarind-dantewada
Chhattisgarh,Dhamtari,Rice,No,1500000,5000000,45-60%,10-16 months,,"Dhamtari's alluvial plains and moderate climate create ideal conditions for rice cultivation with natural sweetness and aroma. The region receives consistent monsoon rainfall (1,200-1,400 mm annually) and has rich black soil with high organic content, enabling high-quality rice production. Strategic location in Chhattisgarh's rice belt ensures reliable supply and farming expertise across multiple rice varieties.",rice-dhamtari
Chhattisgarh,Durg,Tomato Based Product,No,350000,2500000,60-75%,10-16 months,,"Durg district has fertile black soil ideal for year-round tomato cultivation, with a well-established farming infrastructure and proximity to major urban markets like Raipur and Bhilai. The region's agricultural surplus combined with growing food processing initiatives makes it naturally suited for commercial tomato product manufacturing.",tomato-based-product-durg
Chhattisgarh,Gariyaband,Minor Forest Produce - Chirounji,No,180000,850000,65-80%,7-11 months,6,"Gariyaband sits in the heart of Chhattisgarh's forest belt with 44% forest cover, making it a natural source for chirounji and other minor forest produce. The district has a centuries-old tradition of forest foraging, with established collection networks and tribal communities skilled in sustainable harvesting. Proximity to Raipur (90 km) and Durg provides direct access to wholesale spice markets, confectionery manufacturers, and premium sweet shops across central India.",minor-forest-produce---chirounji-gariyaband
Chhattisgarh,Gaurella Pendra Marwahi,Groundnuts,No,180000,750000,50-65%,10-16 months,6,"GPM sits on 168,225 hectares of cultivable land with deep tribal farming tradition (Baiga, Gond, Korwa communities). Raw groundnut supply is immediate — farmers harvest year-round within the three tehsils (Gaurela, Pendra, Marwahi). Proximity to Bilaspur mandi (35 km) and Raipur markets (90 km) ensures buyer access without long-distance logistics.",groundnuts-gaurella-pendra-marwahi
Chhattisgarh,Janjagir-champa,Kosa,No,250000,1200000,60-75%,10-16 months,,"Janjagir-Champa has a rich tradition of sericulture and silk weaving dating back centuries, with established silk cocoon farming in the region and skilled artisan communities perfecting Kosa weaving techniques. The district's climate and agro-ecology are ideal for mulberry cultivation and silk production, supporting a dense network of weavers and dyers.",kosa-janjagir-champa
Chhattisgarh,Jashpur,Litchi,No,500000,2500000,45-65%,10-18 months,,"Jashpur's subtropical climate, well-drained laterite soil, and altitude (400-600m) create optimal conditions for litchi cultivation with extended flowering and fruiting periods. The district's farming community has developed specialized knowledge in litchi horticulture over the past two decades, making it a natural hub for quality litchi production and processing.",litchi-jashpur
Chhattisgarh,Kabirdham,"Sugarcane based product (Ex. Jaggery, Molasses)",No,200000,5000000,50-65%,10-16 months,,"Kabirdham has a long tradition of sugarcane cultivation with favorable agro-climatic conditions for high-yield crops. The district's proximity to sugarcane farms, established processing units, and skilled artisans make it naturally suited for jaggery and molasses production. Local farmers have generations of expertise in sugarcane harvesting and traditional processing methods.",sugarcane-based-product-ex-jaggery-molasses-kabirdham
Chhattisgarh,Kanker,Custard Apple Based Product,No,850000,2500000,60-75%,10-16 months,,"Kanker's climate, altitude (450-700m), and red laterite soil create ideal conditions for custard apple cultivation with higher sugar content and disease resistance. The district produces over 15,000 tonnes annually, providing stable raw material supply for processing units. Local farming communities have 40+ years of custard apple cultivation expertise.",custard-apple-based-product-kanker
Chhattisgarh,Khairagarh-Chhuikhadan-Gandai,Soyabean,No,250000,800000,45-60%,6-9 months,7,"Khairagarh-Chhuikhadan-Gandai lies in central Chhattisgarh's agricultural belt with soil and climate suited to legume cultivation. The district, carved from Rajnandgaon in 2022, has established soyabean farming as a primary crop with access to fertilizer suppliers in nearby Nagpur and Jabalpur. Buyer markets include soy oil extraction units in Madhya Pradesh and food processing industries across Indore-Nagpur corridor.",soyabean-khairagarh-chhuikhadan-gandai
Chhattisgarh,Kondagaon,Bastar Craft,No,150000,800000,60-75%,10-16 months,8,"Kondagaon sits at the heart of Bastar's artisan ecosystem with over 150 skilled craftspeople working within a single cluster. Raw materials — termite mound soil, beeswax, brass, copper, and local riverside clay — are sourced within 50km. The district has direct road access to Raipur (260km, NH55) and rail connectivity, enabling exports to metros and international buyers.",bastar-craft-kondagaon
Chhattisgarh,Korba,Minor Forest Produce - Mahua,No,350000,2500000,50-65%,10-16 months,8,"Korba lies in central Chhattisgarh where the Madhuca longifolia tree thrives in sal and mixed deciduous forests managed by tribal communities. The district's proximity to Jagdalpur (Bastar) and Ambikapur clusters, plus its forest density, ensures year-round raw material supply. Over 75 lakh Adivasis across central and eastern India depend on mahua as a cash crop, creating a direct supplier base within 200 km.",minor-forest-produce---mahua-korba
Chhattisgarh,Koriya,Tomato,No,350000,1200000,45-60%,10-16 months,,"Koriya district's alluvial and laterite soils combined with moderate rainfall and temperature fluctuations create ideal conditions for rich, full-bodied tomato cultivation. The region's agricultural heritage and established supply chains to Raipur and Bilaspur markets provide immediate distribution advantages. Local farming communities have developed specialized irrigation techniques suited to tomato production.",tomato-koriya
Chhattisgarh,Mahasamund,Milk Based Product,No,500000,2500000,50-65%,10-16 months,,Mahasamund has a strong pastoral tradition with abundant grasslands and indigenous cattle breeds suited for milk production. The district's cool climate and mineral-rich water sources enhance milk quality. Established dairy farmer networks and government support for dairy cooperatives make it ideal for scaling milk-based products.,milk-based-product-mahasamund
Chhattisgarh,Manendragarh- Chirmiri- Bharatpur,Tomato,No,500000,3000000,50-65%,10-16 months,,Manendragarh-Chirmiri-Bharatpur benefits from ideal agro-climatic conditions with black soil and seasonal rainfall perfect for tomato cultivation. The region's agricultural heritage and farmer expertise in vegetable farming create a strong foundation for tomato production and value-added processing.,tomato-manendragarh--chirmiri--bharatpur
Chhattisgarh,Manpur-Mohla- Ambagad Chowki,Soyabean,No,850000,3500000,48-62%,12-18 months,,"Manpur-Mohla-Ambagad Chowki region benefits from Chhattisgarh's fertile black soil, ideal monsoon patterns (75-100cm rainfall), and temperature range of 20-35°C perfectly suited for soybean cultivation. The district's agricultural infrastructure and farmer cooperative networks enable consistent year-round production and supply chain efficiency.",soyabean-manpur-mohla--ambagad-chowki
Chhattisgarh,Mungeli,Groundnuts,No,250000,1200000,45-60%,10-16 months,7,"Mungeli's black soil and semi-arid climate are ideal for groundnut cultivation. The district has established agricultural infrastructure across its 3 development blocks (Mungeli, Pathariya, Lormi) with direct farmer networks and seasonal supply chains already operational. Raw material costs are 15-20% lower than purchase from markets like Gujarat due to local production.",groundnuts-mungeli
Chhattisgarh,Narayanpur,Black Gram,No,350000,2500000,50-65%,10-16 months,,"Narayanpur's fertile black soil, moderate rainfall (1200-1400mm annually), and cooler climate at higher elevation create ideal conditions for black gram cultivation. The district's established agricultural infrastructure and farmer cooperatives support consistent, quality production year-round.",black-gram-narayanpur
Chhattisgarh,Raigarh,Tomato,No,500000,5000000,45-60%,10-16 months,,"Raigarh's climate with moderate rainfall and well-drained soil creates ideal conditions for tomato cultivation. The district's agricultural infrastructure, proximity to major markets in Madhya Pradesh and Chhattisgarh, and established farming communities make it naturally suited for commercial tomato production.",tomato-raigarh
Chhattisgarh,Raipur,Papaya Based Product,No,350000,2500000,52-68%,10-16 months,,"Raipur district has ideal tropical climate and soil conditions for year-round papaya cultivation with low production costs. The district has established food processing infrastructure, proximity to major markets via road/rail, and government focus on food processing through dedicated parks. Low farm labor costs and existing supply chains make papaya processing economically viable at scale.",papaya-based-product-raipur
Chhattisgarh,Rajnandgaon,Soyabean,No,350000,1200000,40-55%,12-18 months,7,"Rajnandgaon has fertile black soil ideal for soybean cultivation and a favorable monsoon climate. The district has established supply chains connecting to crushing units in nearby industrial zones and direct access to national export routes. Raw material is locally available year-round, with harvest seasons aligning to market demand in October-November.",soyabean-rajnandgaon
Chhattisgarh,Sakti,Kosa,No,250000,1200000,52-65%,10-16 months,6,"Sakti sits on National Highway 49 with proximity to raw silk suppliers in nearby districts and established artisan communities in the Sakti block. The district's four blocks (Sakti, Malkharoud, Jaijapur, Dabhara) provide a dispersed but skilled weaver base. Buyer markets include wedding season centers in Nagpur (250 km), Bhopal (280 km), and direct access to Delhi fashion retailers via NH route.",kosa-sakti
Chhattisgarh,Sarangarh-Bilaigarh,Tomato,No,500000,5000000,50-65%,10-16 months,,"Sarangarh-Bilaigarh's rich volcanic red soil, optimal monsoon patterns, and 24-30°C temperature range create ideal conditions for high-yield tomato cultivation. The district's agricultural heritage and established farming networks provide strong backward integration opportunities for processing and value-addition.",tomato-sarangarh-bilaigarh
Chhattisgarh,Sukma,Wooden Craft,No,150000,800000,60-75%,10-16 months,,Sukma has a rich tribal heritage with skilled artisans trained in traditional woodcraft for generations. The district's abundant forest resources and proximity to raw timber make it naturally suited for wooden craft production. The community's deep-rooted cultural connection to handcrafted woodwork ensures authenticity and quality.,wooden-craft-sukma
Chhattisgarh,Surajpur,Potato,No,500000,3000000,45-60%,10-16 months,,"Surajpur's well-drained alluvial soil and temperate winter climate create ideal conditions for high-yield potato cultivation. The district receives adequate rainfall and has established agricultural infrastructure with proximity to major consumption markets in Madhya Pradesh and Chhattisgarh, ensuring strong local and regional demand.",potato-surajpur
Chhattisgarh,Surguja,Jackfruit,No,250000,1200000,50-65%,10-16 months,7,"Surguja's humid subtropical climate and alluvial soil are ideal for jackfruit cultivation. The district has a 6000-year history of jackfruit in Indian cuisine and direct access to Sri Lanka, Bangladesh, and Southeast Asian export markets. Raw material is locally abundant with mature trees producing 200-500 fruits annually.",jackfruit-surguja
Dadra & Nagar Haveli (UT)Daman & Diu (UT),Dadra & Nagar Haveli,Textile (Yarn),No,180000,1200000,48-65%,9-16 months,7,"Dadra & Nagar Haveli sits within India's second-largest silk-producing region, with direct access to raw materials (Mulberry, Eri, Tasar, Muga) from neighboring textile-dominant states. The territory has sericulture activities spread across clusters with skilled artisans trained in traditional and modern yarn production. Proximity to Gujarat's textile hubs and Maharashtra's apparel centers provides direct buyer access.",textile-yarn-dadra--nagar-haveli
Dadra & Nagar Haveli (UT)Daman & Diu (UT),Daman,Plastic Products,No,5000000,25000000,45-60%,12-18 months,,"Daman has a well-established plastic manufacturing ecosystem with proximity to major ports (Surat, Gujarat), skilled labor availability, and existing industrial infrastructure. The district's strategic location on the western coast enables easy access to raw material suppliers and major markets across India, particularly automotive and FMCG sectors based in Gujarat and Maharashtra.",plastic-products-daman
Dadra & Nagar Haveli (UT)Daman & Diu (UT),Diu,Marine,No,500000,5000000,50-65%,10-16 months,,"Diu is strategically positioned as a major fishing port with access to Arabian Sea's rich marine resources. The district's long coastline, established fishing infrastructure, and centuries-old maritime tradition make it ideal for both seafood production and marine-based handicrafts. Local artisans have developed specialized skills in shell and pearl jewelry making.",marine-diu
Delhi,Central,Dry Fruits & Spices,No,150000,2500000,50-65%,6-12 months,8,"Central Delhi houses Chandni Chowk, Khari Baoli, and Nai Sarak — three of India's largest spice and dry fruit wholesale markets with direct importer networks from Kashmir, Iran, and Afghanistan. Raw materials arrive fresh daily from across India and international sources. The district has 2000+ registered traders with established supply chains, quality testing labs, and direct buyer relationships worth ₹5000+ Cr annually.",dry-fruits-spices-central
Delhi,East,Ceramic Tiles & Sanitary Goods,No,1500000,25000000,45-60%,10-18 months,,"East Delhi houses over 800+ ceramic tile manufacturing units concentrated in industrial clusters like Okhla, Kondli, and Patparganj, with established supply chains, skilled labor, and proximity to raw material suppliers. The district has decades of ceramic manufacturing expertise, enabling rapid scaling and access to experienced workforce. Strong backward linkage with distributors across North India makes it ideal for tile and sanitary goods production.",ceramic-tiles-sanitary-goods-east
Delhi,New Delhi,Automobile Refurbishing Component,No,15000000,50000000,45-60%,10-16 months,,"New Delhi has established itself as the automotive epicenter of India with proximity to major OEM assembly plants in Maruti-Suzuki, Hyundai, and Kia facilities. The district hosts extensive automotive clusters in Okhla Industrial Estate, Ecotech Extn., and peripheral areas with skilled workforce, logistics infrastructure, and established supply chain networks. Access to domestic and export markets, coupled with NADA automobile dealers and auto component associations, makes it ideal for refurbishing components.",automobile-refurbishing-component-new-delhi
Delhi,North,Light Engineering Goods,No,350000,2500000,45-60%,10-16 months,8,"North Delhi has 1,500+ registered light engineering factories with 70+ years of operational history, concentrated infrastructure, and direct access to Delhi's metro buyer base for automobiles, textiles, and agricultural machinery. Raw material supply chains (steel, castings, electrical components) are embedded in the cluster itself. The district supplies to major OEMs across India and export markets.",light-engineering-goods-north
Delhi,North-East,Apparels (Jackets & Jeans),No,350000,2500000,50-65%,10-16 months,8,"North-East Delhi is India's largest apparel manufacturing cluster with direct access to fabric mills in Panipat (Haryana), established supply chains for denim and cotton blends, and proximity to Delhi's ₹106.87 billion apparel consumer market. The region has 2,000+ registered garment units, established logistics networks to port cities, and a skilled workforce accustomed to mass production and export standards.",apparels-jackets-jeans-north-east
Delhi,North-West,Stainless Steel Utensils/ Kitchen Ware,No,350000,2500000,50-65%,9-18 months,8,"North West Delhi clusters in Narela, Mundka, and Rohini have 500+ small and medium stainless steel units with direct access to raw material suppliers in Wazirpur. Buyer proximity spans Delhi, national retail chains, and export gateways via IGI Airport (25 km) and Banasthali border crossing.",stainless-steel-utensils-kitchen-ware-north-west
Delhi,Shahdara,Readymade clothes/garments,No,300000,2500000,60-75%,6-10 months,8,"Shahdara sits at the convergence of Delhi's main wholesale markets (Sadar Bazaar 8km, Chandni Chowk 10km) with direct access to NH1 and NH24 for pan-India distribution. The district has 500+ registered garment units with established supply chains for cotton, silk, and wool fabrics from Surat, Tiruppur, and Panipat. Proximity to Delhi's 30+ million affluent consumer base and e-commerce hubs makes it ideal for D2C and wholesale launch.",readymade-clothes-garments-shahdara
Delhi,South,Tourism (Medical & Religious),No,5000000,35000000,60-75%,12-20 months,8,"South Delhi sits at the intersection of India's medical excellence (Apollo Hospitals, Fortis Healthcare anchored here) and spiritual pilgrimage circuits (Lotus Temple, Akshardham, Nizamuddin Dargah, Jama Masjid). The district handles 4.1% of India's total foreign tourist arrivals for medical purposes. Direct connectivity to IGI Airport (15 km) and metro network enables last-mile access for international patients seeking Dental, Cardiovascular, Oncology, and Fertility treatments.",tourism-medical-religious-south
Delhi,South-East,Embroidery/Sequence Ladies Garments,No,500000,2500000,60-75%,10-16 months,,"South-East Delhi has centuries-old embroidery craftsmanship rooted in Mughal textile traditions. The district hosts concentrated clusters of skilled artisans in Kalkaji, Ghitorni, and Mehrauli who specialize in zari and zardozi work. Proximity to Delhi's wholesale markets (Chandni Chowk, Jama Masjid) and retail hubs provides direct access to pan-India distribution networks.",embroidery-sequence-ladies-garments-south-east
Delhi,South-West,Milk Based Product,No,350000,2500000,50-65%,10-16 months,8,"South West Delhi has direct access to milk from surrounding dairy farms in Haryana and Punjab, with established supply networks. The district contains 2-3 major dairy processing clusters with existing cold chain infrastructure. Buyer markets include Delhi's 30+ million metro population, institutional buyers (schools, hospitals, restaurants), and export-ready ports within 2000 km.",milk-based-product-south-west
Delhi,West,Furniture items,No,300000,1500000,50-65%,10-16 months,8,"West Delhi's proximity to Delhi's retail markets and NCR's upper-middle-class residential demand drives continuous orders. Raw materials (wood, metal, plastic) are sourced from Haryana and Himachal Pradesh within 200-400 km. The district hosts multiple furniture manufacturing clusters with established supply chains for components and finishing materials.",furniture-items-west
Goa,North Goa,Cashew Nuts,No,250000,2500000,45-60%,10-16 months,8,"North Goa sits in India's cashew processing belt alongside Kerala, Karnataka, and Andhra Pradesh clusters. Raw cashew nuts are imported into the district's processing units from Africa and other suppliers, making it a global hub for kernel extraction and value-added products. The district benefits from established buyer networks across domestic retail, institutional, and export channels worth ₹337 Cr annually.",cashew-nuts-north-goa
Goa,South Goa,Feni,No,350000,2500000,60-75%,10-16 months,8,"South Goa has a 500+ year history of feni production with established artisan networks in Sattari and Pernem taluks. Raw materials—cashew apples and coconut palms—grow abundantly across the district's coastal and tropical regions. The local market, export corridors via Mormugao port, and proximity to international buyers in EU and Middle East create natural demand channels.",feni-south-goa
Gujarat,Ahmedabad,Garment & Apparel,No,500000,5000000,60-75%,6-12 months,,"Ahmedabad has a 150+ year textile heritage with deeply embedded artisan networks, established supply chains for cotton and synthetic fabrics, and proximity to major ports. The city hosts 40% of India's garment export units and is home to both traditional weavers and modern apparel manufacturers, making it ideal for scaling from craft to commerce.",garment-apparel-ahmedabad
Gujarat,Amreli,Peanut Based Products,No,350000,1500000,50-65%,10-16 months,8,"Amreli's semi-arid climate and soil composition are ideal for peanut cultivation, with established farm networks across the district. The region has multiple operational processing units that scale peanut into value-added products like oil, butter, flour, and snacks. Proximity to Gujarat's ports (Kandla, Mundra) and established export networks make international shipping seamless.",peanut-based-products-amreli
Gujarat,Anand,Agates Stone,No,250000,2000000,60-75%,10-16 months,,"Anand district has a rich geological heritage with naturally occurring agate deposits in specific zones around Khambhat and surrounding areas. The region's skilled artisan community, combined with access to high-quality raw agate stones and established trade routes to gem markets, makes it uniquely positioned for agate cutting, polishing, and value-added products.",agates-stone-anand
Gujarat,Aravalli,Agro Processing,No,250000,2500000,50-65%,10-16 months,7,"Aravalli sits in the agricultural belt of Gujarat with direct access to mangoes, tomatoes, potatoes, aromatic rice, maize, and grains. The district has proximity to major markets in Rajasthan and central India. Government initiatives like PMDDKY and Green Imperative programme are actively supporting agro-processing infrastructure in the region.",agro-processing-aravalli
Gujarat,Banaskantha,Granite and Marble Blocks,No,8000000,35000000,45-60%,12-18 months,8,"Banaskantha sits on massive granite reserves of various colors and textures, making it India's second-largest natural stone production hub. The district has established supply chains to China, Asia, and Europe, with 943,000 tons annual production and strong logistics via NH-15. Raw material is sourced locally, reducing procurement costs versus competitors in Karnataka and Tamil Nadu.",granite-and-marble-blocks-banaskantha
Gujarat,Bharuch,"Chemicals (Chemicals,Agro Chemicals, Pesticide, Pharmaceutical, API)",No,25000000,250000000,40-55%,12-18 months,,"Bharuch hosts one of India's largest petrochemical clusters with world-class infrastructure, established supply chains, and skilled workforce. The district's proximity to ports, refineries, and chemical parks makes it ideal for chemical manufacturing. Government support and existing chemical ecosystem reduce entry barriers and accelerate scaling.",chemicals-chemicalsagro-chemicals-pesticide-pharmaceutical-api-bharuch
Gujarat,Bhavnagar,Dehydrated Vegetables (Onion),No,1500000,8000000,60-75%,10-16 months,,"Bhavnagar's fertile agricultural plains and cool coastal climate create ideal conditions for onion cultivation with consistent quality. The district has established infrastructure for food processing, skilled labor force, and proximity to major ports (Bhavnagar Port) enabling efficient export operations. Historical expertise in agricultural processing and existing networks of dehydration units position it uniquely for scaled production.",dehydrated-vegetables-onion-bhavnagar
Gujarat,Botad,Groundnuts/ Peanuts,No,500000,5000000,45-60%,12-18 months,,"Botad's semi-arid climate with black soil and low rainfall (500-700mm annually) creates ideal conditions for groundnut cultivation. The district has been a traditional groundnut hub for over 40 years with established farmer networks, proven agronomic practices, and ready access to processing infrastructure in nearby Ahmedabad and Rajkot. Local farming expertise and irrigation systems via Narmada canal make it uniquely suited for consistent, high-quality production.",groundnuts-peanuts-botad
Gujarat,Chhota Udaipur,Sankheda furniture,No,320000,1200000,52-68%,10-16 months,8,"Chhota Udaipur district is adjacent to Vadodara where Sankheda village sits, making raw material sourcing (teak wood and lacquer) efficient. The district has a concentrated artisan base trained in traditional turning, carving, and hand-painted ornamentation. Proximity to export hubs via NH-48 and Vadodara port enables rapid shipment to international markets.",sankheda-furniture-chhota-udaipur
Gujarat,Dahod,Corn Products,No,250000,1500000,50-65%,10-16 months,6,"Dahod sits in central Gujarat with 3,642 sq km of cultivated land, 74% tribal population skilled in traditional agriculture, and direct access to maize, soybean, and pulses. The district's economy is 100% agrarian with rain-fed maize cultivation as a primary crop. Nearest urban markets are Indore (120 km) and Vadodara (160 km).",corn-products-dahod
Gujarat,Dang,Nagali Products,No,250000,1500000,58-72%,10-16 months,,"Dang district has a strong tradition of millet cultivation, particularly Nagali (finger millet), which thrives in the region's soil and climate. The tribal communities of Dang have perfected time-honored recipes for Nagali products over generations, making this district the natural hub for authentic production. Local availability of raw materials and established artisan networks provide significant cost and quality advantages.",nagali-products-dang
Gujarat,Devbhoomi Dwarka,Khambhaliya Shawl,No,150000,500000,60-75%,10-16 months,,Devbhoomi Dwarka has a centuries-old weaving tradition rooted in its coastal textile heritage. The district's artisan community possesses deep expertise in intricate design work and natural dyeing techniques specific to Khambhaliya shawls. The region's cultural significance and established handloom infrastructure provide natural competitive advantage.,khambhaliya-shawl-devbhoomi-dwarka
Gujarat,Gandhinagar,Software & Financial Services,No,500000,50000000,65-80%,6-12 months,,"Gandhinagar hosts the Electronic City of Gujarat with world-class IT infrastructure, proximity to Ahmedabad's business ecosystem, and strong government support through GSITC. The district has a highly educated workforce, abundant venture capital, and established fintech corridors making it ideal for software and financial services entrepreneurship.",software-financial-services-gandhinagar
Gujarat,Gir Somnath,Kesar Mango,No,350000,1500000,50-65%,10-16 months,8,"Gir and Talalaa clusters in Gir Somnath have 50+ years of dedicated Kesar mango cultivation with soil and climate conditions perfectly suited to the variety. Raw material (mango trees, water, organic inputs) is abundant locally. Proximity to Ahmedabad (200 km) and Surat (180 km) ensures quick access to wholesale markets, cold storage infrastructure, and export logistics.",kesar-mango-gir-somnath
Gujarat,Himmatnagar/Sabarkantha,Ceramic Tiles,No,15000000,50000000,45-60%,10-16 months,,"Himmatnagar in Sabarkantha has emerged as a major ceramic tile manufacturing cluster with skilled labor, established supply chains, and proximity to raw material sources. The district's industrial infrastructure and cost-effective production make it ideal for scaling ceramic tile operations. Existing tile manufacturers and technical expertise provide a ready ecosystem for new entrants.",ceramic-tiles-himmatnagarsabarkantha
Gujarat,Jamnagar,Bandhani,No,150000,800000,60-75%,10-16 months,7,Jamnagar has a documented 3-artisan Bandhani craft cluster with NIFT-recognized expertise from 2021-23 research. The district sits 150km west of Rajkot textile hub and has direct access to dye suppliers via Reliance Chemical Belt. Proximity to Jamnagar Port (7km) enables direct export to Middle East and East Africa.,bandhani-jamnagar
Gujarat,Junagadh,Groundnuts/Peanuts (Peanut Based Products),No,500000,5000000,50-65%,10-16 months,,"Junagadh has ideal agro-climatic conditions with well-drained sandy loam soils perfect for peanut cultivation, producing 200,000+ MT annually. The district has established infrastructure, skilled labor, and proximity to major food processing hubs like Ahmedabad and Surat, enabling efficient processing and distribution.",groundnuts-peanuts-peanut-based-products-junagadh
Gujarat,Kheda (Nadiad),Agro Products,No,500000,5000000,50-65%,10-16 months,,"Kheda district has ideal agroclimatic conditions for rice, wheat, pulses, and sugarcane cultivation, with established supply chains and cooperative networks in Nadiad. The region's strong agricultural base combined with existing food processing infrastructure makes it naturally suited for value-added food products. Proximity to major markets like Ahmedabad ensures efficient distribution and export logistics.",agro-products-kheda-nadiad
Gujarat,Kachch,Handicraft Items,No,150000,2500000,60-75%,10-16 months,9,"Kachch has 744 handicraft clusters with 212,000 artisans producing 35,000+ product varieties. Raw materials (cotton, wood, metals, clay) are sourced locally from Rajasthan and within Gujarat. Buyer markets span Mumbai, Delhi, Bangalore, and direct-to-consumer channels across India and 15+ export destinations.",handicraft-items-kachch
Gujarat,Kachchh,Bhujodi Shawl weaving,No,150000,500000,60-75%,10-16 months,8,"Bhujodi village sits 40km from Bhuj, the district capital, with direct access to kala cotton, sheep wool, and goat wool sourced from local pastoralists. The Marwada and Maheswari weaver communities have worked pit looms here for 300+ years, creating a concentrated artisan base of 52+ documented workers across two family cooperatives. Buyer proximity is strong — Delhi, Mumbai, and Jaipur luxury retailers are 2-3 day trucking away; international buyers access fabric via Khamir cooperative (₹6.5 Cr annual revenue, 20 craft verticals supported).",bhujodi-shawl-weaving-kachchh
Gujarat,Mahisagar,Food Processing Papaya,No,350000,1500000,58-72%,10-16 months,8,"Mahisagar's tropical climate and 2,261 sq km area provide ideal conditions for papaya cultivation year-round. The district has established papaya sourcing networks with farmers across the region, and proximity to Vadodara (65 km) and Ahmedabad (120 km) provides direct access to food processing units and FMCG buyers. Raw material is abundant and locally available at competitive prices.",food-processing-papaya-mahisagar
Gujarat,Mehsana,Dairy/ Milk Product,No,350000,2500000,45-60%,9-16 months,9,"Mehsana sits in the heart of Gujarat's dairy belt with unmatched access to buffalo and cow milk from 304 million bovines across India. The district operates 96,000 local dairy cooperatives and 170 milk producers' unions, creating an ecosystem of established suppliers and buyer networks. Raw material costs are 15-20% lower than metros due to local production, and buyers include national distributors, retail chains, and export companies.",dairy-milk-product-mehsana
Gujarat,Morbi,Ceramic Tiles & Sanitary Ware,No,8500000,35000000,45-60%,10-16 months,8,"Morbi is India's dominant ceramic hub with established raw material supply chains (kaolin, clay, quartz, feldspar) and a 40+ year industrial ecosystem. The district hosts major players like Regency Ceramics and operates as a contract manufacturing base serving domestic and global markets. Proximity to raw material sources and proximity to construction hubs across India and Middle East buyer markets make unit economics highly favorable.",ceramic-tiles-sanitary-ware-morbi
Gujarat,Narmada,Banana,No,200000,5000000,50-65%,18-24 months,,Narmada district's alluvial soil along the Narmada River provides optimal conditions for banana cultivation with consistent water availability and warm climate. The district's agricultural infrastructure and proximity to major markets in Gujarat and Madhya Pradesh make it an ideal hub for fresh banana production and value-added processing.,banana-narmada
Gujarat,Navsari,Mango (Hafus),No,350000,2500000,50-65%,24-36 months,,"Navsari's unique soil composition, tropical climate, and 150+ years of mango cultivation heritage make it ideal for Hafus variety. The region's water availability from the Tapi River system and consistent temperatures create perfect conditions for high-yield, premium quality mango production with natural pest resistance.",mango-hafus-navsari
Gujarat,Panchmahal,Plastic Products,No,8000000,35000000,45-60%,10-16 months,,"Panchmahal has a well-established manufacturing ecosystem with access to raw materials from nearby petrochemical clusters, skilled workforce trained in injection molding and extrusion, and proximity to major distribution hubs like Vadodara. The district benefits from lower land and labor costs while maintaining quality standards, making it ideal for plastic products targeting both domestic and export markets.",plastic-products-panchmahal
Gujarat,Patan,Double Ikkat Patan,No,250000,1200000,50-65%,12-18 months,8,"Patan district has been the exclusive center of Double Ikkat weaving for over 300 years, with established artisan families and natural access to silk and cotton threads. The cluster is concentrated in central Patan town with 524 villages providing raw material supply chains and labor. Proximity to Ahmedabad (100 km) provides access to high-income buyers and export logistics.",double-ikkat-patan-patan
Gujarat,Porbandar,Marine (Queen Fish),No,350000,1200000,45-60%,10-16 months,8,"Porbandar sits on 106 km of Arabian Sea coast with direct access to fishing grounds producing 92,963 metric tonnes annually. The Kharva community has centuries of sea-farming expertise, and the district supplies Queen Fish to domestic and international markets. Raw material arrives daily from fishermen's networks with zero transport cost to coastal processors.",marine-queen-fish-porbandar
Gujarat,Rajkot,Engineering Goods/Machine products,No,250000,1500000,40-55%,12-18 months,8,"Rajkot has 32,000 small-scale industrial units concentrated in GIDC Shapar and Ankur Industrial Complex, with raw material suppliers and component manufacturers within the district. Proximity to Western India's automotive and industrial heartland (Gujarat-Madhya Pradesh border) ensures steady buyer traffic. Established export networks to USA, UK, UAE, Germany simplify first-time exporter logistics.",engineering-goods-machine-products-rajkot
Gujarat,Surat,Gems and Jewellery,No,200000,5000000,50-65%,6-12 months,8,"Surat has 4+ generations of diamond cutting and polishing expertise with 250,000+ skilled artisans concentrated in the city. The district sits at a convergence of global rough diamond imports (from Africa, Russia, Australia via Mumbai ports), organized buyer networks (exporters with direct US connections), and 200+ jewelry manufacturing clusters within the city. Access to raw materials and finished buyer networks is unmatched in India.",gems-and-jewellery-surat
Gujarat,Surendranagar,Single Ikat weaving,No,180000,550000,60-75%,10-16 months,6,"Surendranagar has a concentrated weaver community (Vankar and Maheshwari communities native to the region) trained through Rashtriya Shala's 70-year-old institutional framework. Raw materials — cotton, rayon, silk yarn, and natural dyes (indigo, haldi, manjistha, ratanjyot, katha) — are readily available through suppliers in nearby Patan and local dye markets. Proximity to Rajkot (Double Ikat hub) and established buyer networks across India and export markets.",single-ikat-weaving-surendranagar
Gujarat,Tapi,Rice based products,No,850000,3500000,50-65%,10-16 months,,"Tapi district's alluvial soil, favorable climate, and proximity to the Tapti river create ideal conditions for cultivating premium long-grain aromatic rice varieties. The region has a strong agrarian tradition with established supply chains, making it a natural hub for rice-based value-added products and processing infrastructure.",rice-based-products-tapi
Gujarat,Vadodara,Pharmaceuticals,No,1500000,5000000,40-55%,12-18 months,8,"Vadodara hosts 30 pharmaceutical manufacturing units concentrated in Industrial Area Phase 1, with direct proximity to major Indian pharma supply chains and international export corridors. The district benefits from established regulatory infrastructure (GMP/WHO certification pathways) and a skilled pharma workforce. Major companies like Alembic Pharmaceuticals and Zydus Lifesciences are headquartered here, creating backward-forward linkages for suppliers and contract manufacturers.",pharmaceuticals-vadodara
Gujarat,Valsad,Chemical Products,No,5000000,50000000,35-50%,12-18 months,,"Valsad is strategically positioned in Gujarat's chemical corridor with established petrochemical infrastructure, proximity to major ports (Hazira, Dahej), skilled chemical workforce, and existing clusters of chemistry-based industries. The district benefits from strong backward linkages in raw material supply chains and forward integration with end-user industries across pharmaceuticals, textiles, and manufacturing.",chemical-products-valsad
Haryana,Ambala,Scientific Equipment,No,350000,2500000,45-60%,12-18 months,8,"Ambala sits on the Delhi-Punjab industrial corridor with direct access to all-India transport networks via NH-1 and railways. The district has 50+ established scientific equipment manufacturers within a 20km radius, creating a mature supply chain for glass, metals, and electronic components. Proximity to Delhi, Punjab, and Himachal Pradesh gives immediate access to institutional buyers: schools, colleges, research labs, and pharma companies.",scientific-equipment-ambala
Haryana,Bhiwani,Milk Product,No,850000,4500000,45-60%,10-16 months,8,"Bhiwani sits 150 km from Delhi-NCR, the largest dairy consumption market in India. The district has organized dairy infrastructure through 23 milk producer organisations sourcing from 100,000 farmers across 16 states. Mother Dairy's presence (₹20,300 crore FY26 sales, 17% YoY growth) proves the district's processing and distribution muscle for dairy products.",milk-product-bhiwani
Haryana,Charkhi Dadri,"Mining & Crushing equipment for Minerals & Stones (Jaws and Screens, etc)",No,8500000,25000000,35-50%,14-20 months,7,"Charkhi Dadri sits on abundant limestone, sand, and gravel deposits, with active mining operations across the district. Located 112.6 km from Delhi, it has direct access to India's largest construction material market. The district has established crushing and mineral processing equipment manufacturers who supply to mining sites across Northern India.",mining-crushing-equipment-for-minerals-stones-jaws-and-screens-etc-charkhi-dadri
Haryana,Faridabad,Auto Components,No,8000000,30000000,45-60%,12-18 months,8,"Faridabad sits on National Highway 44, 35km south of Delhi, giving direct access to India's largest auto OEM base (Maruti, Hero, Bajaj, TVS plants within 150km). The district houses 2,000+ registered auto component suppliers, most clustered in EPIP and FISE zones. Raw materials (steel, rubber, electronics) arrive via NH44 and rail, reducing inbound costs by 15-20% versus inland locations.",auto-components-faridabad
Haryana,Fatehabad,Cotton & Agri-based products,No,500000,50000000,45-65%,12-18 months,,"Fatehabad has ideal agro-climatic conditions with fertile black and loamy soil, consistent rainfall, and temperature range perfect for cotton cultivation. The district has established agricultural infrastructure, government procurement systems, and direct proximity to processing units in Punjab and Haryana, making it a natural hub for cotton and agri-product value-added enterprises.",cotton-agri-based-products-fatehabad
Haryana,Gurugram,Textile and Apparels,No,500000,2500000,50-65%,6-10 months,8,"Gurugram's proximity to Delhi NCR provides immediate access to domestic medical and institutional buyers. The presence of 200+ PPE manufacturing units across India with major production hubs in Udyog Vihar and Manesar clusters creates a dense supply chain ecosystem. Raw material sourcing for textile-based PPE is established with sealing machines imported from South Korea, Italy, and China enabling high-volume production.",textile-and-apparels-gurugram
Haryana,Hisar,Agriculture Implements,No,8000000,25000000,45-60%,12-18 months,,"Hisar is located in the agrarian belt of Haryana with strong agricultural tradition and demand for implements. The district has established manufacturing clusters with skilled labor, easy access to raw materials like steel and iron, and proximity to major agricultural markets across Haryana, Punjab, and Rajasthan.",agriculture-implements-hisar
Haryana,Jhajjar,Footwear,No,500000,5000000,50-65%,10-16 months,,"Jhajjar has evolved as a footwear manufacturing powerhouse with 300+ registered units, a skilled workforce trained in leather and synthetic material processing, proximity to Delhi NCR for market access, and well-established supply chains for raw materials. The district offers competitive labor costs, developed industrial parks, and a culture of innovation in footwear design and production.",footwear-jhajjar
Haryana,Jind,Engineering Goods,No,8000000,50000000,40-55%,12-18 months,,"Jind has a strong legacy in agricultural equipment manufacturing with proximity to major farming clusters across Haryana and Punjab. The district benefits from existing supplier networks, skilled metalworking traditions, and direct access to end-users in the agricultural sector seeking cost-effective engineering solutions.",engineering-goods-jind
Haryana,Kaithal,Food Processing (Rice Mill & Dairy Products ),No,8500000,35000000,45-65%,12-18 months,,"Kaithal's fertile Indo-Gangetic plains and favorable climate create ideal conditions for rice cultivation, particularly Basmati varieties. The district has established agro-processing infrastructure, skilled labor, and proximity to major markets in Delhi-NCR and international ports. Strong dairy farming tradition supports integrated food processing opportunities.",food-processing-rice-mill-dairy-products--kaithal
Haryana,Karnal,Ayurvedic Products,No,350000,1500000,60-75%,9-16 months,8,"Karnal sits in the Indo-Gangetic plains with direct access to medicinal herb farming regions across Haryana, Punjab, and Himachal Pradesh. The district has proximity to Delhi's bulk pharma distribution network and direct rail/road links to all major metros. It hosts a growing cluster of 200+ registered Ayurvedic manufacturers with established supply chains.",ayurvedic-products-karnal
Haryana,Kurukshetra,Agri - Implements,No,1500000,4500000,35-50%,12-18 months,8,"Kurukshetra sits in the fertile Indo-Gangetic plain with direct access to raw materials like iron, steel, and fabrication inputs from regional suppliers. Sangaria cluster, 26 km from district HQ, houses established manufacturers with 6th-7th generation expertise. The district feeds farming communities across North India and export demand from mechanized farming regions globally.",agri---implements-kurukshetra
Haryana,Mahendragarh,Mustard Oil,No,250000,1200000,50-65%,10-16 months,7,"Mahendragarh lies in the mustard-growing belt of Haryana with proximity to raw mustard seed suppliers across Punjab and Haryana. The district has established artisan networks trained in Kacchi Ghani extraction methods and access to wholesale markets in Delhi NCR within 150 km. Buyer demand is concentrated in regional retail chains, national FMCG distributors, and Ayurvedic medicine manufacturers.",mustard-oil-mahendragarh
Haryana,Mewat,Apparels,No,250000,1500000,60-75%,10-16 months,,Mewat has a centuries-old tradition of skilled embroidery artisans who specialize in Phulkari and traditional garment construction. The region's cultural diversity and proximity to Delhi NCR provides access to both heritage craftsmanship and urban markets. Strong community practices of embroidery and tailoring make it naturally suited for scaling apparel production.,apparels-mewat
Haryana,Palwal,Machineries - Agriculture & Dairy,No,15000000,75000000,40-55%,14-20 months,,"Palwal benefits from Haryana's robust agricultural economy, proximity to Delhi NCR market, established industrial clusters in Hodal and Faridabad adjacent areas, and a skilled workforce trained in mechanical engineering. The district's location on major highway corridors enables efficient logistics for heavy machinery export across India and neighboring states.",machineries---agriculture-dairy-palwal
Haryana,Panchkula,Automobile Parts,No,15000000,50000000,35-50%,12-18 months,8,"Panchkula sits in the NCR region with proximity to Delhi automotive hubs and Chandigarh's industrial base. The district has established precision engineering clusters serving major OEMs like Maruti, Hero, and Bajaj. Raw materials (metals, bearings, fasteners) are sourced from Punjab and imported suppliers, with buyer concentration in North India's automotive assembly lines.",automobile-parts-panchkula
Haryana,Panipat,Handloom and Textiles,No,150000,2500000,50-65%,12-18 months,8,"Panipat sits 90km north of Delhi with direct NH connectivity, making it the NCR's textile manufacturing hub. The district has 33,000 production units and over 1 million workers concentrated in Dindoli, Chawla, and Kharkhoda clusters, with established supply chains for yarn and chemicals. Proximity to Delhi-Gurugram buyer markets and 6 international airports within 150km enable both domestic and export sales.",handloom-and-textiles-panipat
Haryana,Rewari,Engineering Goods,No,850000,3500000,48-65%,10-16 months,7,"Rewari sits on National Highway 8 between Delhi and Jaipur, giving direct access to India's largest dairy market (Delhi-NCR, 50M population). Mild steel and stainless steel suppliers operate within the district. The cluster has 200+ small engineering units producing dairy and food machinery at 40% lower cost than southern competitors.",engineering-goods-rewari
Haryana,Rohtak,Fastners and Machine Tools,No,750000,5000000,40-55%,10-16 months,7,"Rohtak sits on NH-10 corridor with direct access to Delhi and Punjab markets. Ferrous and non-ferrous material suppliers operate within 30-50 km radius. The district hosts 800+ registered manufacturing units producing components for auto aftermarket, construction machinery, and general engineering — creating both raw material proximity and buyer concentration.",fastners-and-machine-tools-rohtak
Haryana,Sirsa,"Cotton Products (Balls, Swabs)",No,350000,2500000,50-65%,10-16 months,,"Sirsa is one of Haryana's largest cotton-producing districts with ideal agro-climatic conditions and a well-established supply chain. The region has consistent cotton yield and proximity to major textile hubs in Jaipur and Panipat, making it cost-efficient for cotton ball and swab manufacturing. Local familiarity with cotton processing ensures quality control and raw material availability.",cotton-products-balls-swabs-sirsa
Haryana,Sonipat,Food Processing,No,500000,5000000,50-65%,10-16 months,,"Sonipat has well-established food processing infrastructure, proximity to Delhi NCR's 30+ million consumers, and excellent rail-road connectivity via NH1. The district's agro-climate supports vegetable and grain production, making it ideal for snacks, pickles, and ready-to-eat meals manufacturing.",food-processing-sonipat
Haryana,Yamunanagar,Metal Utensils,No,350000,2500000,50-65%,10-16 months,,"Yamunanagar has a 50+ year legacy of metalworking with established supply chains, skilled artisan workforce, and proximity to raw material suppliers in Punjab and Delhi. The district hosts specialized training centers like Government Industrial Training Institute and numerous metalworking clusters that support small and medium manufacturers with technical expertise and market linkages.",metal-utensils-yamunanagar
Himachal Pradesh,Bilaspur,Processing of Indian Gooseberry (Amla),No,1800000,5500000,52-68%,10-16 months,8,"Bilaspur sits in the lower Himalayas where amla cultivation thrives in moderate altitude (600-1200m). Raw material availability is consistent with local orchards supplying 2.5 tons/hr processing capacity. The district has existing food processing infrastructure and proximity to Punjab, Haryana, and Delhi markets for wholesale and retail distribution.",processing-of-indian-gooseberry-amla-bilaspur
Himachal Pradesh,Chamba,Chamba Rumal,No,150000,800000,60-75%,10-16 months,8,"Chamba lies in the Himalayas with partial Shivalik range coverage, spanning 1,144 inhabited villages across 6,528 square kilometers. The district has a deep artisan base: rural households have practised handloom weaving for generations, and raw materials (cotton, silk, natural dyes) are sourced locally or from nearby regions. Demand centers include Delhi, Himachal Pradesh tourism circuits, and export markets (UK, USA, Gulf).",chamba-rumal-chamba
Himachal Pradesh,Hamirpur,Agro-products processing,No,350000,2500000,60-75%,10-16 months,,"Hamirpur's cool climate and fertile valleys produce premium quality fruits and vegetables year-round. The district has established agro-processing clusters with traditional knowledge combined with modern food safety standards, making it ideal for authentic food preservation products.",agro-products-processing-hamirpur
Himachal Pradesh,Kangra,Kangra Tea,No,250000,1200000,55-70%,12-18 months,7,"Kangra Valley sits at 900-1400m elevation on Dhauladhar mountain slopes — the unique altitude and cool climate create the floral character buyers pay premium for. Current cultivation spans 1400 hectares across Kangra Valley and Palampur clusters, with access to 625 hectares of established large estates and 775 hectares of small grower networks. Production runs 9-10 lakh kg annually, with 200-300 hectares newly revived through mechanisation since 2014.",kangra-tea-kangra
Himachal Pradesh,Kinnaur,Oil-Himachali Chulli,No,280000,850000,58-72%,9-16 months,8,"Kinnaur's high-altitude rocky slopes (1,500–3,500m) are the only natural habitat for wild apricot trees in India, making raw material access zero-cost if you source locally. The district has a 400+ year tradition of fermentation and oil extraction using phab (traditional starter), with 80+ active small producers already clustering around Pooh and Kalpa towns. Buyers are concentrated in Delhi-NCR premium health stores, Ayurveda chains, and European nutraceutical importers.",oil-himachali-chulli-kinnaur
Himachal Pradesh,Kullu,Shawl-Kullu,No,150000,800000,60-75%,10-16 months,8,"Kullu has inherited weaving traditions spanning generations, with local wool readily available from Himachali shepherds and high-altitude grazing areas. The district's population is predominantly engaged in handloom weaving as primary occupation, creating a deep artisan base and established supply chains. Tourism traffic from national and international visitors provides consistent direct-to-consumer demand, while proximity to Delhi (450 km) and export hubs enables market reach.",shawl-kullu-kullu
Himachal Pradesh,Lahaul & Spiti,Processing of Seabuckthorn (Charma),No,250000,800000,60-75%,10-16 months,7,"Lahaul & Spiti has wild seabuckthorn plants thriving at 10,000+ ft altitude with zero pesticide exposure. Rangrik village alone has 70 women collectors supplying berries year-round. The region is 4-5 hours from Kullu-Manali (major tourism hub) and Delhi markets via highway.",processing-of-seabuckthorn-charma-lahaul--spiti
Himachal Pradesh,Mandi,Steel Furniture,No,350000,1500000,45-60%,10-16 months,5,"Mandi has 30+ operational steel furniture shops concentrated in manufacturing clusters with direct access to raw steel suppliers in Himachal Pradesh. The district sits on NH routes connecting to Delhi, Punjab, and Haryana — major buyer markets for institutional and commercial furniture. Local artisans have 20-30 years production experience, reducing your learning curve.",steel-furniture-mandi
Himachal Pradesh,Shimla,Tourism,No,150000,600000,60-75%,10-16 months,6,"Shimla sits at 2200m elevation with direct access to Himalayan walnut and deodar cedar forests. Lakkar Bazaar cluster has 100+ family woodcraft units concentrated along the Mall Road ridge, each with 3-4 generational experience. Domestic tourist footfall exceeds 2.5M annually; pilgrims heading to nearby temples add consistent local demand.",tourism-shimla
Himachal Pradesh,Sirmaur,Packaging (Corrugated Boxes),No,850000,2500000,48-62%,10-16 months,7,"Sirmaur has strategic access to softwood tree plantations in the foothills and proximity to raw material suppliers from Punjab. The district is 180 km from Delhi-NCR, a major consumption hub for packaged goods, and 120 km from Chandigarh, reducing logistics costs. Existing small-scale corrugated units in Nahan town form a functional cluster with shared machinery know-how.",packaging-corrugated-boxes-sirmaur
Himachal Pradesh,Solan,Mushrooms,No,150000,2500000,60-75%,9-14 months,8,Solan has established mushroom farming infrastructure with 250-300 tonnes of agricultural residue recycled annually for compost — raw material is free and abundant from paddy straw and crop waste. The Directorate of Mushroom Research provides technical support and training. Proximity to Delhi-NCR (250km) and metro consumption centers ensures steady demand for fresh and exotic varieties.,mushrooms-solan
Himachal Pradesh,Una,Light Engineering Industry,No,5000000,25000000,40-55%,12-18 months,,"Una has developed a strong ecosystem of small and medium engineering units with skilled labor availability, proximity to raw material suppliers in Punjab and Himachal, and established supply chains to major industrial hubs. The district has a tradition of metal fabrication and engineering work, making it naturally suited for precision equipment manufacturing.",light-engineering-industry-una
Jammu and Kashmir,Anantnag,Trout Fish,No,350000,2500000,50-65%,9-16 months,8,"Anantnag district sits in Kashmir Valley with innumerable freshwater resources ideal for trout cultivation. The district has been officially designated as the Trout District of the country, with five active production clusters (Achabal, Khulchohar, Akad, Nambal, Chattapal) and a government-built Common Incubation Centre at Achabal with ₹2.45 crore investment in processing equipment. Proximity to Srinagar and Delhi markets, combined with cool climate conditions, makes this the natural hub for high-value trout production.",trout-fish-anantnag
Jammu and Kashmir,Bandipora,Crewal Based Shawl,No,180000,650000,58-72%,10-16 months,6,"Bandipora has massive livestock infrastructure with 300,000+ sheep and established breeder networks across 7,200 registered operations. Raw wool sourcing is immediate and localized. The district sits on Kashmir's primary textile heritage corridor with proximity to Srinagar markets (90 km) and Delhi wholesale textile hubs (500 km by road).",crewal-based-shawl-bandipora
Jammu and Kashmir,Baramulla,Apples,No,2500000,8000000,50-65%,24-36 months,,"Baramulla's elevation of 1,600-2,000 meters, cool alpine climate, and volcanic soil create ideal conditions for premium apple cultivation. The region receives optimal rainfall and temperature variation essential for developing the distinctive sweetness and aroma Baramulla apples are celebrated for globally.",apples-baramulla
Jammu and Kashmir,Budgam,Kani Shawls,No,300000,1500000,60-75%,18-24 months,7,"Budgam sits in Kashmir Valley where Changra goats provide premium pashmina wool (12–15 microns). The Arwah village cluster in Beerwah tehsil has concentrated artisan families practicing 14th-century Kani weaving techniques. Buyers span European luxury markets, Indian elite, and growing D2C platforms.",kani-shawls-budgam
Jammu and Kashmir,Doda,Natural Oils (Lavender),No,250000,1200000,50-65%,10-16 months,6,"Doda's 1,500m+ altitude, cool monsoon climate, and well-drained soil create ideal conditions for lavender yield 2-3x higher than Indian plains. The district has 150 active lavender nurseries clustered in Khellani Top, Druddu, and Neota, with established supply chains to Srinagar and Delhi beauty brand buyers.",natural-oils-lavender-doda
Jammu and Kashmir,Ganderbal,Wicker Willow,No,150000,750000,60-75%,10-16 months,,"Ganderbal's unique geography along the Indus Valley provides ideal growing conditions for willow trees, with abundant water supply and fertile soil creating a natural raw material advantage. The district has a legacy of skilled artisans trained in traditional weaving techniques passed down through generations, making it naturally suited for high-quality wicker production.",wicker-willow-ganderbal
Jammu and Kashmir,Jammu,Basmati Rice,No,800000,5000000,50-65%,10-16 months,8,"Jammu's location in the Himalayan foothills with rich alluvial soil and cool climate creates ideal conditions for premium basmati cultivation. The district has direct access to raw paddy supplies from surrounding agricultural areas and proximity to major export gateways via NH1A. Despite Punjab and Haryana commanding 75% of national exports, Jammu's basmati carries distinct quality markers and untapped export capacity.",basmati-rice-jammu
Jammu and Kashmir,Kathua,Basholi Pashmina,No,150000,800000,52-68%,10-16 months,8,"Kathua's Basohli cluster sits at 1876 ft altitude on the Ravi riverbank, directly adjacent to Changthangi goat-rearing regions of Himalayan plateaus. The district has a centuries-old artisan base of 200+ skilled pashmina weavers concentrated in Basohli town. Buyers span Delhi luxury boutiques, international shawl importers, and wedding-season wholesale markets across North India.",basholi-pashmina-kathua
Jammu and Kashmir,Kishtwar,Saffron,No,150000,500000,60-75%,10-16 months,8,"Kishtwar sits at 5351 feet elevation in high-altitude valleys ideal for Crocus sativus cultivation, with 8 established saffron clusters (Matta, Hidyal, Tund, Nagini, Bera-Bhatta, Begana, Hatta, Pochhal) and generations of skilled farmer knowledge. The district's isolation from mainstream J&K saffron trade (235 km from Jammu) creates a differentiated market position. Raw material supply is hyperlocal — growers can source crocus flowers directly from neighboring farm clusters.",saffron-kishtwar
Jammu and Kashmir,Kulgam,Garlic,No,180000,850000,52-68%,9-16 months,7,"Kulgam's fertile soil and cool climate create ideal conditions for garlic cultivation with high allicin concentration. The district has established suppliers like Baghel Agro Industries with proven export infrastructure. Proximity to Kashmir Valley's major markets and direct access to Delhi, Mumbai via NH networks accelerates buyer acquisition.",garlic-kulgam
Jammu and Kashmir,Kupwara,Walnut,No,250000,1200000,50-65%,9-16 months,8,"Kupwara sits in Kashmir's agro-climatic zone ideal for walnut cultivation, with consistent supply from surrounding orchards. The district is part of J&K's export-designated zone for walnuts, giving direct market access to international buyers. Raw material is locally available year-round from established walnut groves with established supply chains to Srinagar and Budgam processing centers.",walnut-kupwara
Jammu and Kashmir,Poonch,Pecannut,No,350000,1200000,50-65%,18-24 months,6,"Poonch has suitable altitude, soil type, and climate for pecan cultivation—conditions unsuitable for apple and walnut. The district sits alongside Rajouri as the primary pecan-growing area in J&K. Proximity to Himalayan foothills ensures consistent crop quality and pest control.",pecannut-poonch
Jammu and Kashmir,Pulwama,Saffron,No,250000,1500000,60-75%,12-18 months,8,"Pulwama is in Kashmir's core saffron belt where soil, climate, and water conditions are ideal for Crocus sativus cultivation. The district has centuries-old farming expertise and proximity to major Indian spice markets (Delhi, Mumbai) and international buyers. Raw material (seeds, bulbs) is sourced locally from established nurseries.",saffron-pulwama
Jammu and Kashmir,Rajouri,Walnut,No,250000,1500000,50-65%,10-16 months,8,"Rajouri's fertile orchards and cool climate provide ideal conditions for walnut cultivation. Raw materials are sourced locally from the 2,630 sq km district with established walnut farming communities. Proximity to major Indian markets and export gateways in Delhi-NCR (250 km) and Srinagar (180 km) enables quick distribution.",walnut-rajouri
Jammu and Kashmir,Ramban,Honey,No,250000,1500000,58-70%,10-16 months,7,"Ramban sits at the foothills of the Himalayas with abundant Sulai (Plectranthus rugosus) flora naturally distributed across the district, supported by acacia and mustard flower fields. The region's beekeeping tradition is strong, with August-October being prime honey collection season when flower nectar peaks. Proximity to Srinagar (120km), Jammu (100km), and Delhi markets ensures established buyer networks.",honey-ramban
Jammu and Kashmir,Reasi,Aromatic Plants,No,250000,1500000,60-75%,10-16 months,,"Reasi's high-altitude temperate climate, rich biodiversity, and unique soil composition create ideal conditions for growing rare aromatic plants including saffron precursors, lavender, mint species, and medicinal herbs. The district's proximity to Himalayan foothills and traditional knowledge of cultivation passed through generations make it naturally suited for premium aromatic plant production.",aromatic-plants-reasi
Jammu and Kashmir,Samba,Mushroom,No,200000,1500000,50-65%,10-16 months,6,"Samba sits in the foothills of the Shivalik Himalayas with year-round favorable weather for mushroom cultivation. Raw materials — compost, casing material, and spawn — are locally sourced or easily accessible from Punjab supply chains. With 39,219 farming families and 91,374 hectares of district land, there is established agricultural infrastructure and buyer networks already in place.",mushroom-samba
Jammu and Kashmir,Shopian,Apple,No,150000,8500000,50-65%,18-24 months,8,"Shopian's elevation of 2,146m and cool mountain climate create ideal growing conditions for premium apple varieties. The district's rich fertile soils, combined with abundant sunshine and winter temperatures dropping to -7°C, naturally select for high-quality fruit. Located 51km from Srinagar and 20km from Pulwama, farmers have direct market access to Kashmir Valley buyers and Delhi/national distribution hubs.",apple-shopian
Jammu and Kashmir,Srinagar,Silk Carpet (Hand Knotted Carpet),No,350000,1500000,60-75%,12-18 months,8,"Srinagar has 600+ years of carpet weaving tradition dating to Sultan Zain-ul-Abidin's 15th-century Persia-Kashmir exchange. Pure Mulberry silk production thrives locally, eliminating raw material transport costs. The district clusters skilled artisans trained in 200-900 knots/sq.inch density work, with direct access to Delhi-Mumbai luxury markets and global carpet importers.",silk-carpet-hand-knotted-carpet-srinagar
Jammu and Kashmir,Udhampur,Garlic,No,250000,1200000,50-65%,10-16 months,6,"Udhampur's cool mountain climate and fertile soils create ideal conditions for garlic cultivation. The district lies between Punjab and Kashmir, giving access to both regional wholesale markets (Pune markets: ₹4,000-₹20,000 per unit) and direct buyers from North India. Existing farmer networks in the region have built supply chains over decades.",garlic-udhampur
Jharkhand,Bokaro,Woodcraft,No,250000,1200000,60-75%,10-16 months,7,"Bokaro has abundant local timber resources from surrounding forests and sustainable forestry practices in central Jharkhand. The district has 751 villages with traditional artisan communities skilled in woodworking. Proximity to major consumption centres like Ranchi (80 km), Jamshedpur (120 km), and Delhi NCR via NH-2 enables both domestic and export sales.",woodcraft-bokaro
Jharkhand,Chatra,Vegetable,No,500000,3000000,45-60%,6-12 months,,"Chatra's fertile soil, temperate climate, and agricultural tradition make it ideal for diverse vegetable cultivation. The region's elevation and seasonal patterns create optimal conditions for high-quality produce. Strong farmer networks and existing agricultural infrastructure support commercial vegetable production.",vegetable-chatra
Jharkhand,Deogarh,Lac Products,No,150000,2500000,60-75%,10-18 months,,"Deogarh has a centuries-old tradition of lac craftsmanship with established artisan communities skilled in lacware production. The district's proximity to lac-producing regions and existing supply chains make it naturally suited for scaling lac products. A strong local ecosystem of craftspeople, raw material access, and export-ready infrastructure provide competitive advantage.",lac-products-deogarh
Jharkhand,Dhanbad,Coal,No,2000000,10000000,30-45%,6-12 months,8,"Dhanbad sits on the Jharia Coalfield, one of India's largest coalfields with proven reserves of high-energy, low-sulfur coal. The district has integrated coal mining, processing, and export infrastructure built over a century, with direct access to thermal power plants, steel mills, and cement manufacturers across India. Bharat Coking Coal Limited (BCCL) headquarters here connects you to institutional buyers and government contracts.",coal-dhanbad
Jharkhand,Dumka,Bamboo,No,150000,800000,50-65%,10-16 months,6,"Dumka district sits in central Jharkhand with abundant bamboo forest availability in surrounding areas, providing raw material proximity for the established artisan community. The district has multi-generational bamboo craftsmen concentrated in rural pockets who have historically produced utility products for local and regional markets. Buyers include domestic wholesalers from Delhi, Mumbai, and Chennai, plus institutional buyers in agricultural and hospitality sectors across India.",bamboo-dumka
Jharkhand,Garhwa,Carpets,No,350000,2500000,60-75%,12-18 months,,"Garhwa has a centuries-old weaving tradition with skilled artisans trained in intricate carpet design and natural dyeing techniques. The district's access to locally-sourced wool, cotton, and plant-based dyes makes it cost-effective and sustainable. The region's established artisan clusters and strong cultural heritage in carpet-making provide ready access to skilled labor and traditional knowledge.",carpets-garhwa
Jharkhand,Giridih,Steel- TMT Bar,No,1200000,2500000,45-60%,10-16 months,7,"Giridih sits on abundant mild steel raw material sourcing corridors linked to Eastern India's mining belt. The district's 4 sub-divisions and 13 blocks provide scattered but established steel manufacturing clusters around Mahtodih and Tundi Road. Proximity to major construction hubs in Bihar, Odisha, and eastern UP creates consistent B2B demand for TMT bars.",steel--tmt-bar-giridih
Jharkhand,Godda,Tasar Silk,No,500000,5000000,60-75%,10-16 months,,"Godda has ideal agro-climatic conditions for rearing Tasar silkworms, with abundant sal forests that provide natural host plants. The district has a deeply rooted artisan community with multi-generational weaving expertise and strong government support through the DC Handloom Ministry, making it the natural hub for Tasar silk production in eastern India.",tasar-silk-godda
Jharkhand,Gumla,Ragi,No,180000,850000,52-65%,10-16 months,6,"Gumla has warm tropical climate with acidic soil ideal for ragi cultivation. The district is part of a 5-cluster ragi network (Raidih, Ghagra, Palkot, Gumla, Basia) producing 285 MT annually with established buyer connections to Chhattisgarh, Odisha, and Ranchi. Raw materials are locally grown and government support via MGNREGA and Birsa Harit Gram Yojana reduces input costs significantly.",ragi-gumla
Jharkhand,Hazaribagh,Sohrai Painting,No,150000,500000,60-75%,10-16 months,7,"Hazaribagh has 3000+ years of art history with rock art sites at Isko (discovered 1991, dating 3000-7000 BC). Natural pigments (red, black, yellow, white earth colors) are foraged locally or sourced from district merchants at low cost. The artisan base spans multiple ethnic groups with mothers-to-daughters knowledge transfer ensuring skill availability and cultural authenticity.",sohrai-painting-hazaribagh
Jharkhand,Jamshedpur (East Singhbhum),Paithkar Painting,No,150000,500000,60-75%,10-16 months,,"East Singhbhum has a centuries-old tradition of folk painting among tribal and local communities. The district's natural abundance of plant-based dyes—indigo, turmeric, henna, and mineral pigments—combined with a skilled artisan base makes it the natural home for Paithkar painting. The cultural continuity and proximity to craft clusters ensures access to trained practitioners.",paithkar-painting-jamshedpur-east-singhbhum
Jharkhand,Jamtara,Nuts-Cashew,No,500000,2500000,50-65%,14-20 months,,"Jamtara's subtropical climate with well-distributed rainfall and laterite-rich soil provides ideal conditions for cashew cultivation. The district has established agricultural infrastructure and farmer networks, making it naturally suited for scaling cashew production. Growing awareness of cashew farming viability among local farmers presents an untapped opportunity.",nuts-cashew-jamtara
Jharkhand,Khunti,Lac,No,150000,800000,60-75%,10-16 months,,"Khunti district has a rich tradition of lac crafting passed down through generations, with abundant kusum and palas trees that host lac insects naturally. The district's skilled artisan community and ideal climate conditions make it the epicenter of India's lac industry, producing high-quality products with unique designs.",lac-khunti
Jharkhand,Koderma,Mica,No,500000,5000000,45-60%,10-18 months,,"Koderma district has geological formations rich in muscovite and phlogopite mica deposits spanning centuries of mining heritage. The district's established mining infrastructure, skilled workforce, and proximity to industrial clusters in Bengaluru and Mumbai make it uniquely positioned for mica processing and value-added product manufacturing. Over 300+ mica mines and processing units operate in Koderma, creating an established supply chain ecosystem.",mica-koderma
Jharkhand,Latehar,Mahua,No,250000,1500000,50-65%,10-16 months,,"Latehar has abundant mahua tree forests across its 3090 km² area, with indigenous tribal communities possessing centuries-old knowledge of mahua processing and use. The district's monsoon climate and tribal agricultural practices create ideal conditions for high-quality mahua flower and seed production, making it naturally suited for scaling traditional mahua-based food products.",mahua-latehar
Jharkhand,Lohardaga,Honey,No,150000,500000,60-75%,9-16 months,7,"Lohardaga's geography — hilly terrain with 1,502 sq km of diverse vegetation across 354 villages — creates ideal conditions for apiculture. The region has abundant wild flowers and forest flora that bees forage on, producing honey with distinct flavor characteristics. Proximity to Ranchi markets (75 km away) provides direct access to urban buyers seeking premium honey.",honey-lohardaga
Jharkhand,Pakur,Jute,No,150000,800000,60-72%,10-16 months,7,"Pakur's well-irrigated fields in the fertile Sahebganj-Pakur belt support cultivation of Corchorus genus plants ideal for jute production. The district has a base of trained artisans skilled in traditional jute processing methods, with proximity to major jute markets in West Bengal (Kolkata, Bhadrabad) and Bangladesh across the border. Raw material availability within the district eliminates transport costs and ensures fiber freshness.",jute-pakur
Jharkhand,Palamu,Pulses-Arhar,No,320000,1200000,50-65%,10-16 months,7,"Palamu's warm, humid climate and fertile soil create ideal conditions for arhar cultivation. The district has 1,882 villages with significant agricultural land dedicated to pulse farming. Proximity to Bihar markets and access to major consumption centers in North India provide strong demand for processed arhar dal and flour.",pulses-arhar-palamu
Jharkhand,Ramgarh,Silver Jewellery,No,250000,1500000,60-75%,9-16 months,,Ramgarh district has a centuries-old tradition of silver jewelry making passed down through generations of skilled artisans. The district's access to locally mined high-quality minerals and established artisan clusters provide both raw material advantage and trained labor. The cultural heritage and existing market ecosystem make it naturally suited for scaling silver jewelry production.,silver-jewellery-ramgarh
Jharkhand,Ranchi,Ready Made Garments,No,250000,1500000,50-65%,9-16 months,8,"Ranchi has established garment manufacturing clusters with access to skilled artisans, proximity to cotton supply from central India, and direct connections to national retail buyers and exporters. The city hosts multiple production units serving both domestic brands and international export orders. Low real estate costs compared to metros make unit rental affordable for new startups.",ready-made-garments-ranchi
Jharkhand,Sahibganj,Jute,No,250000,1200000,50-65%,10-16 months,8,"Sahibganj sits on the Ganges River banks with fertile alluvial soil ideal for jute cultivation. The district has established jute supply chains, artisan networks across 9 blocks and 1349 villages, and direct access to raw jute fiber from local farms and neighboring regions.",jute-sahibganj
Jharkhand,Saraikela- Kharsawan,Kharsawan Silk,No,250000,1200000,50-65%,10-16 months,6,"Saraikela-Kharsawan has a 200+ year legacy of silk weaving concentrated in Khelarisai and Kharsawan clusters. Raw silk cocoons are sourced from nearby sericulture zones in West Bengal and Jharkhand, reducing material cost. The district's proximity to Kolkata (80 km) and eastern Indian wholesalers makes bulk sales and export logistics straightforward.",kharsawan-silk-saraikela--kharsawan
Jharkhand,Simdega,Minor Forest Produce,No,150000,2500000,60-75%,10-18 months,,"Simdega is surrounded by the Chotanagpur Plateau's ancient forests covering over 35% of district land, providing year-round access to diverse forest products. The tribal and local communities have centuries-old knowledge systems for sustainable harvesting and processing of these materials, making it naturally suited for MFP-based enterprises.",minor-forest-produce-simdega
Jharkhand,West Singhbhum (chaibassa),Custard Apple,No,250000,1500000,60-75%,24-36 months,,"West Singhbhum has ideal agro-climatic conditions with warm temperatures, moderate rainfall, and well-drained laterite soil that custard apples thrive in. The region's established farming community and decades of cultivation experience make it a natural hub for quality Sitaphal production. Proximity to major markets like Kolkata and well-connected transport routes enable efficient distribution.",custard-apple-west-singhbhum-chaibassa
Karnataka,Bagalkote,Ilkal Sarees,No,180000,800000,60-75%,10-16 months,8,"Bagalkote is home to the Ilkal cluster, where saree weaving has been practiced for over 1000 years. Raw materials (cotton, silk, art silk) are sourced locally and from neighboring districts. The Ilkal town cluster has 200+ active handloom units with established supply chains and direct access to buyers in Karnataka, Maharashtra, and Andhra Pradesh.",ilkal-sarees-bagalkote
Karnataka,Ballari (Bellary),Steel and Allied activities,No,2500000,15000000,35-50%,12-18 months,7,"Ballari sits on one of India's richest iron ore belts, with deposits accounting for significant national reserves. The district has established mills, skilled steelworkers trained over decades, and direct access to integrated steel units and foundries. Proximity to raw material sources reduces logistics costs and enables competitive pricing for B2B buyers across India.",steel-and-allied-activities-ballari-bellary
Karnataka,Ballary,Bellary Denim Jeans,No,8500000,25000000,58-72%,10-16 months,,Bellary has a long history of textile production with access to quality denim fabrics from nearby clusters. The district's mining heritage and rugged terrain provide unique design inspiration for durable workwear and casual denim. Proximity to Bangalore and established logistics networks enable efficient distribution and export.,bellary-denim-jeans-ballary
Karnataka,Belagavi (Belgaum),Auto components,No,5000000,50000000,35-50%,12-18 months,,"Belagavi has established itself as a major automotive manufacturing corridor with over 500+ registered auto component units, a trained workforce, established supply chain infrastructure, and proximity to major automotive clusters in Karnataka and neighboring states. The district's history of precision engineering, coupled with presence of tier-1 and tier-2 suppliers already serving global automakers like Bosch, Rane, and Motherson Sumi, creates an ideal ecosystem for new entrants.",auto-components-belagavi-belgaum
Karnataka,Belagavi,Foundry,No,1500000,5000000,45-60%,10-16 months,8,"Belagavi's foundry cluster benefits from centuries of metallurgical expertise and proximity to coal and iron ore sources in the Deccan plateau region. The district has an established supply chain of raw materials, skilled labour, and existing buyer networks linking to automotive, machinery, and construction industries across central and south India. Geographic proximity to major industrial zones in neighbouring districts makes it a cost-efficient location for foundry operations.",foundry-belagavi
Karnataka,Bengaluru (Bangalore) Rural,Ready-made Garment Manufacturing,No,8000000,25000000,50-65%,10-16 months,8,"Bengaluru Rural sits adjacent to India's IT capital, providing access to logistics infrastructure, trained workforce, and proximity to major domestic consumption centers. The district has inherited textile manufacturing traditions while rapidly adopting advanced production technologies. Direct access to Bengaluru's textile marketing hubs and international airports makes it a strategic location for garment exports.",ready-made-garment-manufacturing-bengaluru-bangalore-rural
Karnataka,Bengaluru (Bangalore) Urban,IT/ITES and R&D,No,5000000,50000000,60-75%,6-12 months,,"Bengaluru Urban hosts the world's largest concentration of IT/ITES companies, R&D centers, and AI/ML startups in India. With over 40% of India's software exports originating from this district, world-class infrastructure, venture capital availability, and a highly skilled technical workforce make it the undisputed epicenter for digital transformation and technology innovation.",it-ites-and-r-d-bengaluru-bangalore-urban
Karnataka,Bengaluru Urban,Handloom Silk Sarees,No,500000,2500000,60-75%,10-16 months,,"Bengaluru Urban is home to a significant community of skilled silk weavers who have migrated from traditional textile hubs, combined with high purchasing power of urban consumers seeking premium handloom products. The district's cosmopolitan nature and strong e-commerce ecosystem provide unique advantages for marketing and scaling handloom silk sarees to domestic and international markets.",handloom-silk-sarees-bengaluru-urban
Karnataka,Bidar,Bidari ware,No,250000,1500000,60-75%,10-16 months,8,"Bidar has been the epicenter of Bidari ware production for 400 years since King Ahmad Shah Wali Bahamani's reign. The district has established supply chains for zinc alloy, silver, and gold, and clusters of artisans trained in engraving and oxidizing techniques. Proximity to buyer cities Bangalore (250km), Hyderabad (150km), and Delhi ensures consistent market access.",bidari-ware-bidar
Karnataka,Chamarajanagar,Turmeric,No,150000,1200000,50-65%,10-16 months,8,"Chamarajanagar's well-drained agricultural soils and semi-humid climate are ideal for high-curcumin turmeric varieties. The district sits adjacent to Tamil Nadu's established turmeric belt, ensuring access to certified seed and bulk buyers. Synthite Industries and Arishina Life Sciences operate active sourcing programs here, creating direct industrial demand.",turmeric-chamarajanagar
Karnataka,Chamarajanagara,Stone Work,No,250000,2500000,50-65%,10-16 months,,"Chamarajanagara's limestone and granite quarries provide abundant raw material for stone work. The region has a centuries-old tradition of stone carving passed down through generations of artisan families, with skills honed specifically for temple and monument construction that remain in high demand.",stone-work-chamarajanagara
Karnataka,Chikkballapur,ESDM,No,5000000,50000000,40-55%,18-24 months,,"Chikkaballapur is strategically positioned near Bangalore's tech ecosystem and benefits from strong infrastructure, skilled workforce availability, and growing cluster of electronics manufacturers. The district has attracted multiple ESDM units due to proximity to component suppliers, logistics networks, and IT talent spillover from adjacent Bangalore district.",esdm-chikkballapur
Karnataka,Chikkaballapura,Shidlagatta silk and Raw Silk based sarees,No,350000,1200000,50-65%,10-16 months,8,"Sidlaghatta cluster in Chikkaballapura has direct access to cocoon supply from 1.39 lakh sericulture farmer families across Karnataka's 1.15 lakh hectares of mulberry plantations. Karnataka produces 9,686 metric tonnes of silk annually, and the district sits at the convergence of raw material availability and established weaving traditions. The Chief Minister's ₹75-crore hi-tech cocoon market project at Sidlaghatta will further strengthen supply chain efficiency.",shidlagatta-silk-and-raw-silk-based-sarees-chikkaballapura
Karnataka,Chikkamagaluru (Chikmagalur),Coffee-Arabica,No,300000,2500000,50-65%,10-16 months,8,"Chikkamagaluru sits at 900–1200m altitude in the Western Ghats with natural monsoon patterns ideal for Arabica cultivation. The district has 25,000+ hectares under coffee plantation with 40+ years of farmer expertise. Proximity to Bangalore (250km) and coastal ports makes it a natural hub for domestic and export sales.",coffee-arabica-chikkamagaluru-chikmagalur
Karnataka,Chikkamagaluru,"Areca leaf based Products (Plates, Cups Etc)",No,500000,3000000,55-70%,8-14 months,8,"Chikkamagaluru sits in India's areca nut growing belt with abundant leaf sheath supply from local palm cultivation. The district has 100+ manufacturers with 6-10+ years operational experience, clustered in Chikkamagaluru town and Tarikere. Proximity to Western Ghats ensures steady raw material flow and access to export corridors via Bangalore.",areca-leaf-based-products-plates-cups-etc-chikkamagaluru
Karnataka,Chitradurga,Molakalmuru Sarees,No,150000,500000,60-75%,9-15 months,8,"Molakalmuru cluster in Chitradurga is a dedicated handloom hub with 200+ active weavers producing fine cotton sarees. Raw cotton sourcing from North Karnataka is proximity-efficient, and the cluster has direct export networks to 40+ countries via established houses like Ajmera Fashion Limited. Buyer markets include metro wedding/festive demand and significant international orders.",molakalmuru-sarees-chitradurga
Karnataka,Dakshina Kannada,Marine Products,No,1500000,8000000,45-60%,10-16 months,9,"Dakshina Kannada sits on the Arabian Sea coast with direct access to over 5,000 tonnes of daily fish catch from the Udupi and Mangaluru fishing clusters. The district has 60+ years of seafood processing infrastructure, 200+ FSMS-certified units, and established cold chain networks. Buyers span EU, USA, Southeast Asia, and domestic retail chains within 2,000 km.",marine-products-dakshina-kannada
Karnataka,Davangere,Millets,No,500000,3500000,52-68%,9-16 months,,"Davangere's semi-arid climate, well-drained black soil, and 700mm annual rainfall create ideal conditions for ragi, jowar, and finger millet cultivation. The district has 40+ years of millet farming heritage with established farmer networks and proximity to major processing hubs in Bangalore (140km), enabling efficient value-addition and distribution.",millets-davangere
Karnataka,Davanagere,Cotton based processing (ginning) & garmenting,No,2500000,8500000,50-65%,12-18 months,8,"Davanagere sits at the heart of the Southern Zone (Telangana, Andhra Pradesh, Karnataka, Tamil Nadu), which produces 28.5% of India's cotton. The district has 150+ years of textile infrastructure anchored by legacy mills, direct access to raw cotton from surrounding farming zones, and established trade networks that connect to domestic and export buyers across India and globally.",cotton-based-processing-ginning-garmenting-davanagere
Karnataka,Dharwad,FMCG,No,850000,3500000,52-68%,10-16 months,8,"Dharwad sits at the junction of multiple agricultural belts supplying raw materials for food processing and FMCG manufacture. The Dharwad FMCG cluster park at Mummigatti, inaugurated in October 2022, provides shared facilities and knowledge infrastructure. Direct access to NH-48 connects the district to metros (Bangalore 320km, Mumbai 480km) and consumer markets.",fmcg-dharwad
Karnataka,Gadag,Byadagi Chilies,No,150000,800000,50-65%,9-16 months,8,"Gadag's warm semi-arid climate and black soil are naturally suited to Byadagi chili cultivation. The district has 8,000+ hectares under chili production with established farmer networks and a 15-year export track record. Raw material is within 10km of processing clusters, and port access via Belgaum is 80km away.",byadagi-chilies-gadag
Karnataka,Hassan,Coir products,No,150000,800000,50-65%,10-16 months,,Hassan's proximity to coconut-growing regions in coastal Karnataka provides abundant raw material supply. The district has a strong artisan tradition with established weaving and handicraft communities skilled in transforming coir fibers into finished products. Climate and agricultural infrastructure support both coir production and curing processes.,coir-products-hassan
Karnataka,Haveri,Chilli-Byadagi,No,300000,1500000,50-65%,10-16 months,8,"Byadagi cluster in Haveri is the epicenter of India's chilli trade with 300+ large trading units operating within a 800-metre stretch of the main market. Raw material sourcing is zero-friction — farmers from the district itself supply fresh chillies, and the cluster attracts goods vehicles twice weekly from Karnataka, Telangana, Andhra Pradesh, Maharashtra, and Tamil Nadu. Established buyer networks span domestic spice companies, color extraction industries, and export-ready infrastructure already exist.",chilli-byadagi-haveri
Karnataka,Kalaburagi (Gulbarga),Toor Daal,No,325000,1200000,50-65%,10-16 months,7,"Kalaburagi sits in Karnataka's semi-arid agricultural zone with ideal soil and climate for pulses cultivation. The district has over 40 years of toor dal farming expertise with established farmer networks and aggregators. Raw material sourcing is direct from surrounding villages like Tandur, Aland, and Hagargunta — logistics costs are minimal.",toor-daal-kalaburagi-gulbarga
Karnataka,Kodagu,Coffee,No,250000,2000000,50-65%,12-18 months,8,"Kodagu's altitude (900-1,600m), monsoon rains, and volcanic soil create ideal conditions for premium coffee. The district has 4,102 sq km of plantation area with established supply chains to Naandi Foundation, AP Girijan Cooperative Corporation, and direct exporters. Proximity to Mangalore port enables quick sea shipment to global buyers.",coffee-kodagu
Karnataka,Kolar,Automobiles,No,5000000,50000000,30-45%,18-36 months,8,"Kolar sits 50 km from Bangalore—India's automotive hub—providing direct access to talent, tier-1 suppliers, and component ecosystems. The district has 4 industrial areas with 617 acres of developed land, 23,000 factory workers, and established logistics: 85 km to Bangalore International Airport and 330 km to Chennai port. Incoming mega-factories (Scania, Honda, Triumph, Mahindra Aerospace, Railways Coach Factory) create component supply, assembly contract, and talent pipelines.",automobiles-kolar
Karnataka,Koppal,Kinhal Toys,No,150000,500000,60-75%,10-16 months,6,"Kinhal village in Koppal has 25 artisan families practicing Kinnala craft continuously since the Vijayanagar empire (15th-16th centuries). Ponki Marra softwood grows locally, eliminating raw material transport costs. Proximity to Hampi heritage cluster creates tourist foot-traffic and institutional buyers.",kinhal-toys-koppal
Karnataka,Mandya,Jaggery,No,450000,2500000,50-65%,6-10 months,,"Mandya has ideal climate, fertile black soil, and abundant water resources from the Kaveri River system, making it India's prime sugarcane-growing region. The district has established infrastructure, skilled artisans with multi-generational jaggery-making expertise, and a 200+ year legacy of traditional jaggery production that commands premium prices in domestic and export markets.",jaggery-mandya
Karnataka,Mysuru (Mysore),ESDM,No,1500000,50000000,50-70%,12-24 months,8,"Mysuru sits 140km from Bangalore's tech ecosystem and benefits from proximity to IT talent, supply chain networks, and customer bases in Southern India. The district hosts a dedicated ESDM cluster with critical infrastructure for electronics manufacturing, power supply, and logistics. Karnataka's IT, BT, and ST department support, combined with low real estate costs compared to Bangalore, attracts electronics and semiconductor startups.",esdm-mysuru-mysore
Karnataka,Raichur,Pharma,No,5000000,25000000,Not applicable — B2B sector,18-24 months,8,"Raichur's Deosugur Industrial Area hosts USFDA and EUGMP-certified pharmaceutical plants with established API production infrastructure. The district has direct access to skilled chemists, established supply chains to European and US markets, and proximity to major ports via NH44. Raw materials (chemical precursors) are sourced nationally and internationally, with strong logistics via rail and road connectivity.",pharma-raichur
Karnataka,Ramanagara,Channapatna Toys,No,75000,350000,60-75%,10-16 months,8,"Channapatna is located 60km south of Bangalore with direct access to raw materials — ivory wood, sandalwood, and mango wood sourced locally. The artisan community has been making toys since generations with documented expertise. Proximity to Bangalore exposes the cluster to metro buyers, schools, and export-focused toy platforms.",channapatna-toys-ramanagara
Karnataka,Shivamogga (Shimoga),BioPharma and Wellness,No,1500000,8500000,58-72%,10-16 months,,"Shivamogga's proximity to medicinal plant-rich forests of the Western Ghats, combined with a strong tradition of Ayurvedic practice and emerging pharma research infrastructure, makes it ideal for BioPharma and Wellness ventures. The district's agricultural biodiversity and existing herbal processing clusters provide ready access to raw materials and skilled labor for manufacturing.",biopharma-and-wellness-shivamogga-shimoga
Karnataka,Shivamogga,Wooden Carving,No,350000,2000000,50-65%,10-16 months,7,Shivamogga sits in the Western Ghats zone with abundant timber supply from surrounding forests and government forestry operations. The district has a 200+ year legacy of wood carving artisans concentrated in urban centers. Proximity to Bangalore (250 km) and coastal export hubs makes it accessible to metro furniture buyers and international exporters.,wooden-carving-shivamogga
Karnataka,Tumakuru (Tumkur),Machine Tool,No,2000000,15000000,45-60%,14-22 months,8,"Tumakuru sits 90km from Bengaluru on NH-4 with proximity to Dhabol-Bengaluru Gas Pipeline (5km) and proposed Tumakuru-Davangere railway line, making it ideal for heavy machinery production. The Integrated Machine Tool Park (IMTP) spans 542 acres in Vasanthanarasapura within NIMZ, designed to attract domestic and international machine tool manufacturers. Industrial infrastructure across 9 Industrial Areas and 7 Industrial Estates with ₹456.47 billion aggregate investment already exists.",machine-tool-tumakuru-tumkur
Karnataka,Udupi,Marine Products,No,350000,2500000,50-65%,6-12 months,,"Udupi's 90+ km Arabian Sea coastline with rich fishing grounds, cold-water currents supporting diverse marine biodiversity, and centuries-old traditional fishing communities make it India's premier marine products hub. The district's established export infrastructure, proximity to major ports, and reputation for freshness and quality provide competitive advantages unavailable elsewhere.",marine-products-udupi
Karnataka,Uttara Kannada (Karwar),Spices,No,500000,2500000,50-65%,9-16 months,,"Uttara Kannada's tropical climate, high rainfall, and nutrient-rich soil from the Western Ghats foothills create ideal conditions for growing premium quality spices like cardamom, black pepper, cinnamon, and red chillies. The district's proximity to major ports like Karwar enables direct export access. Historical spice cultivation heritage and farming communities provide ready supply chains and expertise.",spices-uttara-kannada-karwar
Karnataka,Vijayanagara,Sandur Lambani Embroidery,No,35000,250000,60-75%,6-10 months,8,"Vijayanagara district has 450 women artisans concentrated in 7 villages (Sandur, Keri Tanda, Mariyammanahalli, Kadirampur, Sitaram Tanda, Bijapur, Kamalapur) with zero-cost raw material access through discarded fabric pieces and colorful threads. The Lambani community has practiced this 200+ year-old craft continuously, creating a buyer network across domestic and export markets. Proximity to Hampi tourism zone and Karnataka state capital connections provide institutional buyer access.",sandur-lambani-embroidery-vijayanagara
Karnataka,Vijayapura (Bijapur),Resin,No,250000,1500000,60-75%,10-16 months,,"Vijayapura's dense forests and semi-arid climate are ideal for resin-yielding trees like Acacia, Commiphora, and Boswellia species. The region has centuries-old tradition of forest product extraction and processing, with established supply chains to pharmaceutical and industrial buyers across South Asia.",resin-vijayapura-bijapur
Karnataka,Yadagiri,Pharmaceuticals,No,50000000,250000000,45-60%,18-24 months,,"Yadagiri has developed robust pharmaceutical infrastructure with access to skilled workforce, adequate power supply, and proximity to major drug manufacturing clusters. The district benefits from supportive state policies, lower operational costs compared to metros, and growing demand for generic medications in rural India.",pharmaceuticals-yadagiri
Kerala,Alappuzha,Coir products,No,150000,3500000,50-65%,10-16 months,8,"Alappuzha sits in the heart of Kerala's coconut belt with 5.5 lakh artisans already employed in coir. Raw material (coconut husk) is abundantly available locally, and the cluster has 1400+ established production units with direct access to 110+ export markets across USA, China, Netherlands, Spain, Australia, Germany, and Japan.",coir-products-alappuzha
Kerala,Ernakulam,Oleo Raisins,No,5000000,25000000,50-65%,12-18 months,,"Ernakulam has a strong historical presence in spice processing and trade, with access to high-quality spices from Western Ghats and established supply chains. The district's robust infrastructure, skilled labor force, and proximity to ports make it ideal for oleoresin extraction and export. Traditional knowledge combined with modern processing capabilities positions Ernakulam as a natural hub for value-added spice products.",oleo-raisins-ernakulam
Kerala,Idukki,Spices,No,250000,1500000,50-65%,12-18 months,8,"Idukki's high-altitude terrain (600-2500m) creates ideal growing conditions for spices like cardamom and pepper. Raw materials are locally sourced within 20-50km radius, with established supply chains to processing units in Thodupuzha and Peerumade. Sabarimala temple's annual demand of 16 tonnes of cardamom guarantees institutional buyers and year-round market visibility.",spices-idukki
Kerala,Kannur,Handloom Products,No,250000,5000000,60-75%,10-18 months,,"Kannur has a 400+ year handloom weaving tradition with 30,000+ traditional looms still operational. The district's geographic proximity to ports and established export infrastructure makes it ideal for scaling home textiles and furnishing fabrics to international markets. Local artisan clusters and cooperative societies provide ready access to skilled weavers and raw material supply chains.",handloom-products-kannur
Kerala,Kasaragod,Cashew Products,No,500000,5000000,50-65%,12-18 months,,"Kasaragod has ideal agro-climatic conditions with coastal soil perfect for cashew cultivation. The district has over 35,000 hectares of cashew plantations and a 100-year legacy of processing expertise. Strong infrastructure of processing mills, trained workforce, and proximity to ports enable export-ready production.",cashew-products-kasaragod
Kerala,Kollam,Cashew Nut Products,No,500000,5000000,50-65%,10-16 months,,"Kollam has a 150+ year legacy in cashew processing with over 500 registered factories, established supply chains, and skilled workforce. The district's geographic advantage as a port city ensures raw cashew import efficiency, while its cluster infrastructure enables cost-effective production and quality control. Local expertise in value-added products like cashew candy and cashew oil extraction provides competitive differentiation.",cashew-nut-products-kollam
Kerala,Kottayam,Rubber Products,No,2500000,15000000,50-65%,10-16 months,,"Kottayam has 60+ years of rubber cultivation and processing expertise with established supply chains for raw latex. The district houses major rubber estates, processing units, and skilled workforce trained in latex product manufacturing. Proximity to ports and existing export networks make it ideal for scaling rubber product businesses.",rubber-products-kottayam
Kerala,Kozhikode,Coconut Products,No,250000,1500000,50-65%,9-16 months,8,"Kozhikode sits in a high-coconut-yield region of Kerala with 150+ years of wooden chekku oil extraction expertise. Raw coconut availability is year-round from local groves and nearby districts. Beypore Port provides direct export access to UAE, USA, UK, Germany, and Singapore.",coconut-products-kozhikode
Kerala,Malappuram,Food Products,No,350000,2500000,50-65%,10-16 months,7,"Malappuram has direct access to Arabian Sea seafood (octopus, cuttlefish, squid), abundant rice cultivation in its paddies, and established spice trade routes through Kozhikode. The district's 138 villages span 3550 sq km with proven food manufacturing infrastructure—Geo Sea Foods (est. 1970), Chirackal Agro Mills, and Periyar Rice demonstrate 25+ years of operational success. Major buyers (institutional kitchens, traders, exporters) are concentrated within 50 km.",food-products-malappuram
Kerala,Palakkad,Palakkadan Matta Rice,No,500000,3500000,50-65%,10-16 months,,"Palakkad's unique agro-climatic conditions with laterite soil, monsoon patterns, and centuries of rice cultivation expertise make it the only region where Matta Rice achieves its distinctive reddish-brown color and nutritional profile. The district's irrigation systems and traditional paddy field infrastructure provide ideal conditions for maintaining GI authenticity.",palakkadan-matta-rice-palakkad
Kerala,Pathanamthitta,Food Products,No,200000,1500000,60-75%,10-16 months,7,Pathanamthitta sits in the Western Ghats where cardamom and black pepper grow naturally at high altitude with ideal rainfall and soil. The district has active spice plantations supplying raw materials and established export channels to Asia. One functioning production unit (AK Food Products) proves farm-to-export viability.,food-products-pathanamthitta
Kerala,Thiruvananthapuram,Handloom Products,No,150000,800000,60-70%,10-16 months,7,"Thiruvananthapuram has a 10-lakh workforce in traditional handloom industries with established artisan communities producing Kasavu sarees and cotton textiles. The district's proximity to coconut fiber and cotton suppliers, combined with stable demand from domestic wedding and formal wear markets, creates predictable revenue. Buyer concentration in South Indian cities and Malayalam-speaking diaspora provides direct market access.",handloom-products-thiruvananthapuram
Kerala,Thrissur,Coconut Products,No,350000,2500000,50-65%,9-16 months,8,Thrissur is the central Kerala coconut hub with rich laterite soil supporting coconut cultivation across all 86 panchayats. The district sits at moderate elevation (300m) with year-round coconut supply from local farms and surrounding Palakkad/Malappuram regions. Proximity to Cochin port (60km) and high literacy rate (95.32%) enable modern processing and export operations.,coconut-products-thrissur
Kerala,Wayanad,Coffee,No,250000,5000000,50-65%,10-16 months,8,"Wayanad cultivates 67,000 hectares of coffee at elevations of 700–2,100 meters with soil and climate conditions that produce specialty-grade Arabica and Robusta beans. The district has 60,000 organized farmers across 6 Farmer Producer Companies and established supply chains to domestic and export markets. Raw material proximity, clustered farmer networks in Meppady, Poothadi, Kaniambetta, and other panchayats, and direct access to coffee buyers make startup execution faster than most regions.",coffee-wayanad
Ladakh,Kargil,Apricot,No,250000,1500000,60-75%,10-16 months,8,"Kargil's high-altitude, glacial-fed valleys create ideal conditions for apricot cultivation with zero agrochemical leaching. The district has 1514 hectares of established apricot orchards and two active processing clusters (Hardass, Kurbathang) connected to Kashmir's wholesale markets 80 km away. Raw material is in-situ with zero supply chain intermediaries.",apricot-kargil
Ladakh,Leh,Pashmina,No,350000,1500000,60-75%,10-16 months,8,"Leh's high-altitude location (11,500 ft) provides ideal grazing conditions for Changthangi goats, the only source of raw pashmina wool in India. The district has a concentrated artisan base of skilled weavers trained in traditional techniques passed down through generations. Proximity to Central Asian and global luxury markets positions Leh as a direct exporter.",pashmina-leh
Lakshadweep,Lakshadweep,Coconut Derived Products,No,250000,2500000,60-75%,10-18 months,,"Lakshadweep has ideal tropical climate with abundant coconut plantations spanning over 90% of cultivable land, centuries-old artisanal processing knowledge, and zero industrial pollution ensuring organic certification-ready production. The island's geographic isolation and abundant rainfall create perfect conditions for premium coconut varieties with high oil content and natural pest resistance.",coconut-derived-products-lakshadweep
Madhya Pradesh,Agar Malwa,Oranges,No,150000,500000,40-55%,14-24 months,4,"Agar Malwa sits on the Malwa plateau with cooler winters and irrigated agricultural land ideal for growing potatoes with above 20% dry-matter content — a rarity in India. The district hosts McCain Foods' ₹3,800 crore facility, creating established supply chains, contract farming infrastructure, and 20,000+ trained farmers. Located at India's geographic centre with road and rail connectivity to Delhi-NCR, Mumbai, Hyderabad, and Kolkata, the district offers both raw material access and multi-directional market reach.",oranges-agar-malwa
Madhya Pradesh,Alirajpur,Mahua,No,250000,1500000,60-75%,9-16 months,,"Alirajpur's tribal communities have traditionally harvested and processed Mahua for centuries, making it deeply embedded in local economy and culture. The district's dense forests and tribal population provide authentic production expertise, sustainable raw material access, and strong cultural continuity. The region's historical trade routes and tribal cooperative networks create natural distribution advantages.",mahua-alirajpur
Madhya Pradesh,Anuppur,Kodo Kutki,No,250000,1500000,60-75%,10-16 months,7,Anuppur lies in the Vindhya region with soils naturally suited to millet cultivation. The district's tribal farming population has cultivated Kodo and Kutki for generations using traditional methods. Direct government procurement via Shri Ann Federation (Kharif 2025) has created a guaranteed off-take market for first time.,kodo-kutki-anuppur
Madhya Pradesh,Ashoknagar,Chanderi Handloom,No,250000,1200000,60-75%,10-16 months,8,Ashoknagar is the historical center of Chanderi handloom production with a concentrated artisan base of 1000+ weavers. The district has direct access to mulberry silk from Karnataka-Madhya Pradesh trade corridors and cotton from central India. Proximity to Delhi-Mumbai textile hubs and direct rail connectivity enable cost-effective bulk shipment.,chanderi-handloom-ashoknagar
Madhya Pradesh,Badhwani,Ginger,No,350000,2500000,60-75%,9-16 months,8,Badhwani lies in the fertile plains of western Madhya Pradesh with ideal agro-climatic conditions for ginger cultivation. Raw ginger is sourced from local farming clusters concentrated in Badhwani tehsil and surrounding areas. The district already has established export supply chains to 8+ countries with proven buyer relationships and institutional knowledge.,ginger-badhwani
Madhya Pradesh,Balaghat,Chinnaur Rice,No,250000,1200000,50-65%,10-16 months,7,"Balaghat's black soil and forest-fringe geography create ideal conditions for Chinnaur rice cultivation. The district has 1,600 hectares under production with 2,000 tonnes annual yield. Proximity to markets in Maharashtra and southern MP provides immediate buyer access.",chinnaur-rice-balaghat
Madhya Pradesh,Betul,Teak,No,2500000,15000000,45-60%,12-18 months,,"Betul district is blessed with vast natural teak forests covering over 45% of its geographical area, making it one of India's richest teak reservoirs. The district's ideal climate, soil composition, and forest management practices create optimal conditions for high-quality teak cultivation. Proximity to timber processing hubs and established supply chains to furniture centers in Indore and beyond amplifies its comparative advantage.",teak-betul
Madhya Pradesh,Bhind,Mustard,No,750000,2500000,45-65%,10-16 months,,"Bhind district has ideal semi-arid climate with black soil and Chambal river irrigation, perfect for mustard cultivation. The region produces high-yielding varieties with superior oil content (42-45%) and distinctive pungency. Local farming expertise spanning decades ensures consistent quality and yield.",mustard-bhind
Madhya Pradesh,Bhopal,Zari Zardosi,No,150000,500000,60-75%,10-16 months,,"Bhopal has a centuries-old tradition of Zari Zardosi embroidery dating back to the Mughal era, with established clusters of master artisans in localities like Chowk Bazaar and Motia Pool. The district's cultural heritage, proximity to fabric markets, and existing skilled workforce make it the natural hub for this metallic embroidery craft. Government support through handicraft ministries and existing export networks strengthen its competitive advantage.",zari-zardosi-bhopal
Madhya Pradesh,Burhanpur,Banana,No,350000,2500000,50-65%,10-16 months,8,"Burhanpur sits in the Deccan plateau with 25,000 hectares of prime banana land, producing 1.7 million tonnes annually at 70 tonnes/hectare — among India's highest productivity. Raw material (banana fruit, pseudo stem, sheath, sap) is locally available at auction markets handling 200 trucks daily during harvest season. 18,660 farmers, established processing units (Iccha Chips, Bananify, Mangalam Kalpataru, Banhide), and buyer networks across MP, Gujarat, UP, Rajasthan plus exports to Iraq, Iran, UAE, Saudi Arabia, Turkey ensure consistent demand.",banana-burhanpur
Madhya Pradesh,Chhatarpur,Furniture - Wooden,No,150000,800000,50-65%,9-16 months,7,"Chhatarpur sits at the edge of central India's dense sal and teak forests, providing year-round raw material access. The district has an established cluster of 200+ furniture makers concentrated around Chhatarpur town and Khajuraho block, supplying government schools, colleges, and institutions across MP, CG, and UP. Proximity to NH routes 7 and 86 enables direct supply to institutional buyers in Delhi, Indore, and Nagpur.",furniture---wooden-chhatarpur
Madhya Pradesh,Chhindwara,Oranges & Orange Products,No,250000,1500000,45-60%,10-16 months,7,"Chhindwara's clay-loam soil and sub-tropical climate create ideal conditions for citrus cultivation. The district has established 25,000 hectares of dedicated orange farms with proven supply chains to Bangladesh and domestic wholesale markets. Farmer cooperatives and APMC mandis provide immediate raw material access at competitive rates.",oranges-orange-products-chhindwara
Madhya Pradesh,Damoh,Gram,No,500000,5000000,50-65%,10-16 months,,"Damoh's black soil and semi-arid climate create ideal conditions for gram cultivation with yields exceeding 20 quintals/hectare. The district has over 250,000 hectares under gram cultivation with established farmer networks, government support infrastructure, and access to APMC markets in Indore and Jabalpur.",gram-damoh
Madhya Pradesh,Datia,Jaggery,No,250000,1500000,50-65%,10-16 months,7,"Datia sits in central MP with direct access to sugarcane, palmyrah, coconut-palm, and date-palm sap — the four raw materials for jaggery production. The district has established jaggery artisans and a functional Mandi with transparent price discovery (₹2,690–₹3,675 per quintal range recorded). Major buyers from Indore, Bhopal, and Gwalior markets are within 200–300 km.",jaggery-datia
Madhya Pradesh,Dewas,Bamboo,No,350000,2500000,60-75%,10-16 months,,"Dewas district has rich bamboo forests and a strong tradition of bamboo handicraft production passed down through generations. The region's favorable climate, proximity to raw bamboo sources in Vindhya forests, and established artisan communities make it an ideal hub for bamboo product manufacturing. The district's lower labor costs and infrastructure support make scaling bamboo enterprises economically viable.",bamboo-dewas
Madhya Pradesh,Dhar (Pithampur),Bagh Prints,No,150000,800000,60-75%,10-16 months,8,"Dhar district, specifically Bagh village, has been the epicenter of Bagh Print production since 1962 when the Muslim Khatri community migrated from Manawar. The Bagh River provides mineral-rich water essential for fixing natural colors on fabric. The cluster has 80+ active artisans and direct access to cotton and silk suppliers across Rajasthan and Gujarat.",bagh-prints-dhar-pithampur
Madhya Pradesh,Dindori,Kodo Kutki,No,150000,500000,50-65%,9-12 months,7,"Dindori district is 64% tribal-dominated with Baiga and Gond communities practicing sustainable millet cultivation for centuries. Raw materials (Kodo and Kutki seeds) are locally grown on drought-tolerant, marginal soils making input costs minimal. Proximity to Jabalpur and Mandla markets plus state-level procurement support at ₹2,500–₹3,500 per quintal ensures immediate buyer access.",kodo-kutki-dindori
Madhya Pradesh,Guna,Coriander,No,150000,500000,45-65%,10-16 months,8,"Guna district's soil and climate are naturally suited for coriander cultivation. Over 70,000 hectares of land is under active coriander production, with Kumbhraj village established as a global spice hub. Proximity to established buyers in Europe, UK, Middle East, and Malaysia makes export operations straightforward.",coriander-guna
Madhya Pradesh,Gwalior,Sandstone Tiles,No,250000,1500000,45-60%,12-18 months,7,"Gwalior district sits on abundant natural sandstone deposits that have been quarried for centuries, making raw material zero-cost sourcing possible. Stone Park Old Cantonment and MPIDC Industrial Area house 35 established units with existing artisan networks, supplier ecosystems, and proven export relationships to Gulf countries. Proximity to major transport corridors (NH route) and Gwalior railway ensures logistics efficiency.",sandstone-tiles-gwalior
Madhya Pradesh,Harda,Bamboo,No,250000,1500000,60-75%,10-16 months,,"Harda district is surrounded by dense forest cover with abundant bamboo reserves, making it naturally suited for bamboo cultivation and processing. The district has a strong tradition of handicraft-making and a skilled artisan base inherited from generations. Government support through ODOP scheme positions Harda as an ideal location for scaling bamboo-based livelihoods sustainably.",bamboo-harda
Madhya Pradesh,Hoshangabad,Sightseeing,No,2500000,15000000,60-75%,12-18 months,,"Hoshangabad is uniquely positioned for sightseeing tourism due to its diverse attractions spanning natural wonders (Bhedaghat marble rocks, Satpura National Park), spiritual sites (Salkanpur Temple), and hill station charm (Pachmarhi). The district's strategic location in central India and well-developed road connectivity via NH44 make it an accessible destination for both domestic and international tourists seeking multi-faceted experiences.",sightseeing-hoshangabad
Madhya Pradesh,Indore,Potato,No,350000,2500000,50-65%,10-16 months,8,"Indore is located in central India with easy access to potato-growing regions of Madhya Pradesh and surrounding states. The district has established snacking infrastructure with Prataap Snacks as anchor tenant, present in 2.20 million retail outlets. Proximity to raw material suppliers, rail/road connectivity via NH3, and existing cold chain networks make it ideal for potato processing.",potato-indore
Madhya Pradesh,Jabalpur,Peas,No,500000,3500000,50-65%,10-16 months,,"Jabalpur's rich alluvial plains and moderate climate create ideal growing conditions for tender, sweet peas. The region's agricultural infrastructure, proximity to major Indian markets, and established farming networks make it a natural hub for pea cultivation and export.",peas-jabalpur
Madhya Pradesh,Jhabua,Kadaknath Chicken,No,25000,250000,60-75%,10-16 months,6,"Jhabua and Dhar districts are the native habitat for Kadaknath breed — tribal communities (Bhil and Bhilala) have reared these birds for generations in backyard systems. Kitchen waste availability as feed reduces input costs. Export demand from Kerala, Andhra Pradesh, Telangana, and Tamil Nadu provides ready market access within India.",kadaknath-chicken-jhabua
Madhya Pradesh,Katni,Cut Stone,No,150000,2500000,50-65%,10-16 months,8,"Katni district sits on vast deposits of high-quality sandstone and marble in its rocky hills, with the Jagriti Park cluster housing active artisans and production units. The district supplies stone to major infrastructure projects, architects, and designers across India and has established supply chains to metro cities. Raw material extraction cost is 30-40% lower than competing districts due to proximity of quarries.",cut-stone-katni
Madhya Pradesh,Khandwa,Onion,No,150000,1200000,50-65%,10-16 months,7,"Khandwa's alluvial soil provides ideal growing conditions for red onions with natural mineral content. The district sits 440 km from Mumbai and 250 km from Indore, giving direct access to institutional buyers, restaurants, and export logistics. Baghel Agro Industries demonstrates proven organic manufacturing and export capability from this cluster.",onion-khandwa
Madhya Pradesh,Khargone,Chilli,No,250000,1500000,50-65%,12-18 months,7,"Khargone's Nimad-Malwa region provides ideal growing conditions (20-27°C optimal temperature) with established irrigation infrastructure and 25,000 hectares of dedicated chilli land. The district is a proven supplier to Maharashtra's spice markets and regional food processors. Dense cluster of farming villages (1,421 total) means raw material is locally sourced, reducing procurement cost and lead time.",chilli-khargone
Madhya Pradesh,Mandla,Kodo Kutki,No,250000,1500000,50-65%,10-16 months,,Mandla's tribal-dominated regions have cultivated Kodo Kutki for centuries using traditional rain-fed farming methods on mineral-rich soil. The district's agro-climatic conditions and farmer expertise make it naturally suited for these drought-resistant millets. Local knowledge systems and established farming networks provide competitive advantage in consistent quality production.,kodo-kutki-mandla
Madhya Pradesh,Mandsaur,Garlic,No,180000,850000,50-65%,6-10 months,8,"Mandsaur's geographical position (24°N latitude, 75°E longitude) and black soil composition create ideal conditions for garlic cultivation with long shelf life and superior flavor. The district has ~80,000 hectares under garlic cultivation with 600+ registered procurement centers and a well-established cold-chain infrastructure. Proximity to international buyers in UAE, GCC, and Bangladesh via established export corridors makes this the de facto garlic hub of India.",garlic-mandsaur
Madhya Pradesh,Morena,Oil - Mustard,No,350000,1500000,50-65%,10-16 months,8,"Morena sits in central India with 4,998.78 sq km of arable land suited to mustard cultivation (Brassica juncea and nigra varieties). The district has established mustard seed sourcing networks and oil extraction clusters. Gulf countries (UAE, Saudi Arabia, Kuwait, Bahrain, Oman, Qatar) actively import Morena mustard oil, creating direct export demand.",oil---mustard-morena
Madhya Pradesh,Narsinghpur,Toor Dal,No,250000,1500000,45-60%,10-16 months,7,"Narsinghpur has 30800 hectares under toor dal cultivation (2023-24) with productivity of 1860 kg/ha, supported by fertile Kalmetahar soil and ideal climate. The Gadarwara and Kareli clusters have established FPO and SHG networks with 30500 hectares dedicated to the crop. Buyers span MP, Maharashtra, Uttar Pradesh, Rajasthan, and Delhi, making logistics seamless from the central location.",toor-dal-narsinghpur
Madhya Pradesh,Neemuch,Coriander,No,250000,2500000,50-65%,10-16 months,,"Neemuch's semi-arid climate, black soil composition, and altitude of 600-800m create ideal conditions for high-yield, aromatic coriander cultivation. The district has a 50+ year legacy of spice farming with established farmer networks and supply chains. Cool winters and moderate rainfall produce coriander with superior flavor profiles compared to other regions.",coriander-neemuch
Madhya Pradesh,Niwari,Ginger,No,250000,1200000,60-75%,10-16 months,8,"Niwari district has favourable agro-climatic conditions for ginger cultivation with access to quality raw material from 281 villages spread across 1,170 sq km. Over 300 FPOs engage in ginger cultivation across India, with Niwari establishing itself as a quality-focused producer cluster. Direct proximity to processing infrastructure clusters in Northeast, Odisha, and Karnataka, plus established export channels to UAE, Europe, US, GCC, China, and Japan make this district a viable production base.",ginger-niwari
Madhya Pradesh,Panna,Gooseberry,No,175000,850000,52-68%,10-16 months,7,"Panna's agro-climatic conditions favor gooseberry cultivation across 1,050 hectares with 1,680 organized farmers. The district sits 350 km south of Delhi and 250 km east of Mumbai, connecting directly to major FMCG hubs via NH-44. Raw material costs are 30-40% lower here than importing from north India.",gooseberry-panna
Madhya Pradesh,Raisen,Basmati Rice,No,350000,1200000,50-65%,10-16 months,7,"Raisen's central MP location provides access to alluvial plains suited for basmati cultivation. The district has established farming infrastructure and direct supply chains to major Indian rice mills in Indore and Ujjain. With 1503 villages and significant agricultural activity, raw material sourcing is localized and cost-efficient.",basmati-rice-raisen
Madhya Pradesh,Rajgarh,Orange,No,250000,2000000,50-65%,10-16 months,8,"Rajgarh district sits in Madhya Pradesh's prime citrus belt with over 21,000 hectares under orange cultivation and proximity to four major clusters: Chhindwara, Agar Malwa, Shajapur, and Rajgarh town. The region's fertile soils and climate produce Kinnow with balanced sweet-sour taste, large size, and exceptional shelf life. Direct access to key metros—Kanpur, Delhi, Mumbai, Kolkata, Chennai—enables fresh supply and wholesale scaling within 24-48 hours.",orange-rajgarh
Madhya Pradesh,Ratlam,Ratlami Namkeen,No,250000,1500000,58-72%,9-16 months,8,"Ratlam sits at the convergence of Madhya Pradesh, Rajasthan, and Gujarat, giving access to chickpea farmers across three states. The Ratlami sev cluster has 1,000+ registered units concentrated in the old town, with century-old recipe knowledge embedded in local artisans. Proximity to Delhi, Mumbai, and Ahmedabad markets (400-600 km) makes wholesale distribution efficient.",ratlami-namkeen-ratlam
Madhya Pradesh,Rewa,Bamboo,No,150000,5000000,60-75%,10-16 months,8,Rewa has abundant bamboo forests and strong raw material proximity with established artisan networks. The district exports to 40 countries and recorded 21% year-on-year growth in bamboo exports in 2024. Access to both primary bamboo clusters and processed product manufacturing units makes it ideal for startups at any value-add level.,bamboo-rewa
Madhya Pradesh,Sagar,Farm Equipment,No,850000,2500000,45-58%,10-16 months,7,"Sagar district sits in the agricultural heartland of central India with direct access to wheat and soybean farming regions. Locally available steel, metal scrap, and mechanical components support equipment manufacturing. Skilled artisans trained in traditional and modern farm machinery setup exist throughout the district with proximity to major farming markets in MP and neighboring states.",farm-equipment-sagar
Madhya Pradesh,Satna,Tomato,No,180000,850000,45-60%,9-16 months,8,"Satna's northeastern Madhya Pradesh location provides alluvial soil with high water retention ideal for tomato cultivation. The district has 5 development blocks with 2,125 villages actively engaged in agriculture, creating a concentrated growing cluster. Proximity to National Highways and proximity to major processing and distribution hubs in Central India makes it a natural trade center for vegetable commerce.",tomato-satna
Madhya Pradesh,Sehore,Wooden Toys and Handicraft,No,180000,650000,50-65%,9-16 months,7,"Sehore lies in the Malwa region at the foothills of the Vindhyachal Range, providing direct access to high-quality teak wood and brass raw materials. The district has established artisan communities concentrated across 5 development blocks and 1069 villages with documented expertise in wooden toy carving and handicraft moulding. Proximity to Indore (90 km), Bhopal (40 km), and Delhi markets (850 km) gives significant buyer reach for both domestic retail and institutional orders.",wooden-toys-and-handicraft-sehore
Madhya Pradesh,Seoni,Cilantro,No,150000,500000,60-75%,6-10 months,,"Seoni's fertile black soil, moderate rainfall, and cool season climate create ideal conditions for cilantro cultivation. The district's agricultural tradition and established farming infrastructure support consistent, high-quality herb production. Local farmer networks enable reliable supply chain for fresh cilantro year-round.",cilantro-seoni
Madhya Pradesh,Shahdol,Turmeric,No,250000,1200000,60-75%,10-16 months,8,"Shahdol district has established turmeric cultivation with two active production clusters (Jaisinghnagar and Beohari) and proven yield of 25-30 tonnes per hectare. The region receives adequate rainfall for sowing between April and first week of July, and local farmers have 5-6 decade experience with multiple certified varieties. Raw material (rhizome seed) is locally available at 2000-2500 kg/ha standard.",turmeric-shahdol
Madhya Pradesh,Shajapur,Onion,No,500000,2500000,50-65%,10-16 months,,"Shajapur's black soil and semi-arid climate create ideal conditions for onion cultivation with superior pungency and shelf-life. The district has over 80+ years of continuous onion farming heritage with established agricultural infrastructure, skilled farmers, and proximity to major vegetable markets in Indore and Ujjain.",onion-shajapur
Madhya Pradesh,Sheopur,Guava,No,150000,800000,50-65%,10-16 months,7,"Sheopur's warm, humid climate in northern Madhya Pradesh provides ideal growing conditions for guava. The district has established agricultural infrastructure and proximity to major wholesale markets like Pune. Local farming communities have multi-generational experience with guava cultivation, reducing adoption risk.",guava-sheopur
Madhya Pradesh,Shivpuri,Cloth Jacket,No,350000,1500000,50-65%,10-16 months,,Shivpuri has a strong tradition of textile weaving and tailoring with an established artisan base skilled in fabric manipulation and embellishment. The district's proximity to major textile markets in central India and availability of skilled labor makes it ideal for developing fashionable cloth jackets. Historical cotton and silk trade routes have created a fabric sourcing ecosystem that supports quality jacket production.,cloth-jacket-shivpuri
Madhya Pradesh,Sidhi,Carpet (Panja Dari),No,150000,800000,60-75%,10-16 months,7,"Sidhi district has a 40-unit artisan cluster concentrated in Sihawal block with access to high-quality wool. The region's proximity to wool-producing areas in Central India and established artisan networks dating back generations make it a natural carpet weaving center. Buyer markets include Delhi, Mumbai, and international handicraft shows.",carpet-panja-dari-sidhi
Madhya Pradesh,Singrauli,Kodo Kutki (Millet),No,180000,450000,50-65%,10-16 months,7,"Singrauli's Dindori tehsil is a historically established kodo-kutki growing belt with 64% tribal population (Baiga and Gond communities) who have revived cultivation on marginal soils. The district's drought-tolerant climate and millet-growing legacy make it ideal for scaling production. Raw material access is direct — farmers are nearby suppliers, and demand from health-conscious consumers in metros is growing.",kodo-kutki-millet-singrauli
Madhya Pradesh,Tikamgarh,Ginger,No,280000,1200000,50-65%,10-16 months,8,"Tikamgarh district has highly favorable climatic conditions for ginger production with access to premium raw materials from local farms. The region benefits from agricultural infrastructure and connectivity to major trade routes enabling both domestic wholesale and export markets. Proximity to spice trading centers in central India provides direct market access for dried ginger, ginger powder, and value-added products.",ginger-tikamgarh
Madhya Pradesh,Ujjain,Batik print,No,150000,500000,60-75%,9-16 months,7,"Ujjain sits on the banks of the Shipra River near Bherugarh village, which concentrates 800 artisans practising batik printing. Raw materials—hot wax, dyes, and fabrics—are locally available or sourced within 50 km. The district has 2000+ years of batik tradition dating to Mughal-era craft practice in the region.",batik-print-ujjain
Madhya Pradesh,Umaria,Mahua,No,180000,850000,50-65%,10-16 months,7,"Umaria sits in the heart of mahua-native forests covering Madhya Pradesh, Odisha, Chhattisgarh and Andhra Pradesh. The district's tribal communities have 75+ years of mahua collection expertise. Trees are scattered densely at 100-200 metre intervals, making raw material collection accessible and seasonal (April harvest). Proximity to state food processing hubs and direct access to tribal suppliers at village haats makes this ideal for primary processing.",mahua-umaria
Madhya Pradesh,Vidisha,Farm Equipment,No,250000,2500000,40-55%,12-18 months,8,"Vidisha sits in central India with direct access to agricultural zones across MP and Rajasthan. The district has 150 established farm equipment manufacturing units concentrated around Vidisha city, with traditional metalworking skills passed down generations. Raw materials (steel, hydraulic components) are sourced locally or via nearby industrial hubs in Indore and Ujjain, making production cost-competitive.",farm-equipment-vidisha
Maharashtra,Ahmednagar,Cane Sugar,No,2500000,8000000,45-65%,12-18 months,7,"Ahmednagar has 26 operational sugar manufacturing and processing units with direct access to abundant sugarcane cultivation across the district. The cooperative framework is established with proven water efficiency gains (40% reduction in water use, 18% yield increase documented in Osmanabad model). Proximity to major markets in Mumbai, Pune, and national ports makes export logistics viable.",cane-sugar-ahmednagar
Maharashtra,Akola,Cotton Ginning and pressing,No,2500000,8000000,40-50%,14-18 months,7,"Akola is situated in the heart of Maharashtra's cotton belt with direct access to raw cotton from surrounding agricultural areas. The district has established cotton ginning infrastructure and proximity to major textile hubs in Nagpur, Yavatmal, and Gujarat. Spinning mills and quilt manufacturers in Central India source ginned cotton directly from Akola mills, creating consistent local and regional demand.",cotton-ginning-and-pressing-akola
Maharashtra,Amravati,Textile,No,300000,2500000,50-65%,10-16 months,7,"Amravati has established textile mills with decades of production experience, proximity to raw material suppliers in central Maharashtra, and access to the western Indian buyer market (Mumbai, Pune, Bangalore). The district now hosts emerging smart textile startups like Anuvad, positioning it as both a traditional mill hub and innovation center for e-textiles and embedded-circuit fabrics.",textile-amravati
Maharashtra,Aurangabad,Marathwada Kesar Mango,No,350000,2500000,50-65%,6-10 months,8,"Aurangabad district has over 40,000 hectares dedicated to Kesar mango cultivation with soil and climate perfectly suited to the variety. The Marathwada region spans 2 lakh hectares total for Kesar production, creating a mature supply chain of growers, processors, and exporters. Proximity to USA, UK, Japan, and Gulf export markets via established trader networks makes international sales accessible for new entrants.",marathwada-kesar-mango-aurangabad
Maharashtra,Beed,Cotton and cotton seed oil,No,2500000,12000000,45-60%,10-16 months,,"Beed district has ideal agro-climatic conditions for cotton cultivation with well-established farming infrastructure and supply chains. The region produces high-quality cotton varieties and has traditional expertise in oil extraction, supported by proximity to major textile and food processing hubs in Maharashtra.",cotton-and-cotton-seed-oil-beed
Maharashtra,Bhandara,Rice,No,150000,2500000,50-65%,10-16 months,7,"Bhandara lies on the banks of the Wainganga River, providing consistent water supply for rice cultivation across large tracts of agricultural land. The district has a mature ecosystem of 100+ rice mills and processing units concentrated in Bhandara town and Pauni tehsil. Direct access to raw material, established buyer networks across Maharashtra and India, and GI status certification make this district ideal for rice-based businesses.",rice-bhandara
Maharashtra,Buldhana,Mineral based products,No,350000,2500000,45-60%,12-18 months,7,"Buldhana district sits atop significant coal, manganese, quartz, and limestone deposits, making it a natural hub for mineral-based product manufacturing. The district has established mining infrastructure, transport connectivity via NH6, and proximity to industrial markets in central and western India. Raw material costs are lowest at origin, and the Export Hub at Nagpur Division provides direct buyer linkage.",mineral-based-products-buldhana
Maharashtra,Chandrapur,Rice,No,850000,2500000,45-65%,10-16 months,8,"Chandrapur's fertile soil and irrigation infrastructure support 1.38 lakh hectares of rice cultivation, making it Maharashtra's dominant rice-producing district. The Mul Road rice mill cluster is an established processing hub with operational paddy mills and ready supply chains. Proximity to Central India's wholesale markets and direct rail/road access to Mumbai, Nagpur, and Vidarbha region buyers makes market reach immediate.",rice-chandrapur
Maharashtra,Dhule,De-Oiled Cake,No,450000,2500000,35-50%,12-18 months,7,"Dhule sits in central Maharashtra with direct access to soya bean, castor seed, groundnut, mustard seed, rapeseed, and sunflower cultivation from surrounding farms. The district has an established de-oiling infrastructure with proven logistics to major ports like Thoothukudi and railway networks connecting to industrial zones in Nagpur division. Raw materials are sourced locally, reducing procurement costs by 20-25% versus importing from other states.",de-oiled-cake-dhule
Maharashtra,Gadchiroli,Rice,No,800000,5000000,45-60%,10-16 months,,"Gadchiroli's fertile black soil, tribal farming traditions spanning centuries, and ideal climate (600-800mm rainfall) make it uniquely suited for organic rice cultivation. The region's emphasis on chemical-free farming and indigenous varieties like Kolam rice (with GI potential) positions it as a premium organic rice hub.",rice-gadchiroli
Maharashtra,Gondia,Rice,No,2500000,7500000,35-50%,10-16 months,6,"Gondia sits in central Maharashtra's agricultural zone with direct access to rice-growing areas across the district. Multiple rice mills already operate here, creating a ready supply chain network. State-level demand from Mumbai, Pune, and Nagpur ensures consistent buyer proximity.",rice-gondia
Maharashtra,Hingoli,Turmeric,No,150000,2500000,50-65%,9-15 months,9,"Hingoli district occupies 3 lakh hectares of turmeric cultivation — the largest in Maharashtra — with soil, climate, and water systems optimized for turmeric production. The Vasmat cluster has 40+ years of farming expertise and direct access to 36 turmeric varieties. Proximity to port cities (Aurangabad 200km, Mumbai 400km) and direct buyer connections in spice wholesale markets make scaling straightforward.",turmeric-hingoli
Maharashtra,Jalgaon,Jalgaon Banana,No,150000,500000,45-60%,12-18 months,8,"Jalgaon sits on the northern Deccan plateau over 300 km from the west coast, receiving 750 mm average rainfall — ideal for banana cultivation. The district has 48,000 hectares under drip irrigation and produces 3.4 million tonnes annually with yields of 70 tonnes per hectare, making it geographically suited for high-density banana farming. Raw material is directly accessible at farm gate prices in Raver taluka and Tandalwadi village, the primary production clusters.",jalgaon-banana-jalgaon
Maharashtra,Jalna,Sweet Orange,No,500000,5000000,45-60%,24-36 months,,"Jalna's semi-arid climate with well-drained black soil and 600–700mm annual rainfall creates ideal conditions for sweet orange cultivation. The district's elevation of 600–700m and cool nights enhance sugar accumulation and fruit quality, while generations of farmer expertise have perfected cultivation techniques unique to this microclimate.",sweet-orange-jalna
Maharashtra,Kolhapur,Kolhapur Jaggery (Sugarcane Products etc),No,250000,1500000,45-60%,9-16 months,8,"Kolhapur's alluvial soil and river basin minerals create ideal sugarcane growing conditions. The district has 18 centuries of jaggery-making tradition with established artisan clusters in Raibag, and direct access to 86% of local chefs who actively source jaggery for institutional kitchens.",kolhapur-jaggery-sugarcane-products-etc-kolhapur
Maharashtra,Latur,Soya bean and Soya bean based products,No,8000000,25000000,50-65%,12-18 months,7,"Latur produces 55% of its agricultural output as soybeans on 78% smallholder farms, ensuring steady raw material supply within district boundaries. The Deccan plateau climate suits soybean cultivation, and proximity to Madhya Pradesh buyers (India's 52% of national production) creates natural market linkage. Yashhtej Industries demonstrates industrial processing capability at 500 TCD capacity.",soya-bean-and-soya-bean-based-products-latur
Maharashtra,Mumbai City,Gems & Jewellery,No,200000,5000000,45-60%,10-18 months,8,"Mumbai City hosts Bharat Diamond Bourse (20 acres, 2 million sq ft, 60,000 employees), Zaveri Bazaar (10,000+ handcraft units), and SEEPZ (111-acre machine-made hub contributing 30% of India's jewelry exports). Raw materials—diamonds, gold, silver, platinum, colored gemstones—arrive directly via port; buyers are domestic retailers, exporters, and international markets across USA, UAE, Europe, and Asia.",gems-jewellery-mumbai-city
Maharashtra,Mumbai Suburban,Gems & Jewellery,No,300000,5000000,50-65%,10-16 months,9,"Mumbai Suburban is the epicenter of India's gems and jewellery industry with established clusters in Vile Parle, Bandra-Kurla Complex, and Fort. Direct access to raw material suppliers, loose diamonds, and gemstones from global importers via the port. Proximity to ₹85 billion Indian jewellery market and 3000+ jewellery retailers and wholesalers within the district.",gems-jewellery-mumbai-suburban
Maharashtra,Nagpur,Nagpur Orange,No,250000,1500000,45-60%,12-18 months,7,"Nagpur's elevation of 1500 meters, annual rainfall of 100-200cm, and temperature range of 10-35°C create ideal conditions for mandarin cultivation. The Satpura Hills cluster spans Nagpur, Amroati, and Wardha districts in Maharashtra plus Coorg in Karnataka. NOGA (Nagpur Orange Growers' Association), formed in 1960s and government-backed since 1972, provides established supply chains and processing infrastructure.",nagpur-orange-nagpur
Maharashtra,Nanded,Soya bean and soya bean products,No,350000,2500000,50-65%,10-16 months,8,"Nanded district has 4.103 lakh hectares dedicated to soybean cultivation in Kharif 2025 with an expected yield of 1265 kg/hectare. The district benefits from semi-arid climate conditions ideal for soybean growth and is strategically located in Latur Division with good road connectivity via NH-48. Raw material supply is immediate and consistent from local farmer networks, with multiple wholesale markets and processing units already operational in the district.",soya-bean-and-soya-bean-products-nanded
Maharashtra,Nandurbar,Chilli powder,No,350000,1500000,60-75%,9-16 months,8,"Nandurbar has ideal agro-climatic conditions for red chilli cultivation and houses one of India's second-largest chilli markets. Over 2 lakh quintals of fresh red chillis arrive seasonally, with 150-200 vehicles daily at season end, providing guaranteed raw material access at ₹370-400 per kg processed output. The district has 40+ chilli powder factories creating an established supply chain, skilled labor base, and buyer networks across Maharashtra, Gujarat, and international markets.",chilli-powder-nandurbar
Maharashtra,Nashik,Grapes/Raisins,No,350000,2000000,50-65%,10-16 months,8,"Nashik's semi-arid climate, volcanic soil, and elevation of 600-800m create ideal conditions for grape cultivation. Three established raisin clusters (Amrutdham, Yeola, Dindori) have 40+ years of processing expertise and direct access to 50,000+ hectares of vineyard raw material. Proximity to Mumbai (180km) and export hubs via NH-3 and rail infrastructure makes buyer reach and logistics viable.",grapes-raisins-nashik
Maharashtra,Osmanabad,Pulses,No,250000,5000000,45-65%,10-16 months,,"Osmanabad's semi-arid climate, black soil composition, and 600+ mm rainfall create ideal conditions for pulses cultivation. The region has 40+ years of continuous pulse farming expertise with established farmer cooperatives and traditional seed preservation methods. Local infrastructure includes pulses mandis at Latur and direct access to national markets via NH-44.",pulses-osmanabad
Maharashtra,Palghar,Dahanu Gholvad Chikoo (Sapota),No,150000,500000,50-65%,10-16 months,8,Palghar's coastal-adjacent terrain and Rayan rootstock availability make it the only district suited to commercial sapota cultivation in India. Dahanu and Gholvad clusters have 100+ years of documented cultivation history with genetics grafted by seed merchants Merwan Khodadad in the 1940s. Proximity to Mumbai (70-90 km) and Arabian Sea ports gives direct access to domestic premium markets and international export channels.,dahanu-gholvad-chikoo-sapota-palghar
Maharashtra,Parbhani,Grams (Hara bhara),No,350000,2500000,45-60%,10-16 months,,"Parbhani district has ideal agro-climatic conditions (black soil, 700-800mm rainfall) for gram cultivation. The district produces over 2.5 lakh tonnes of grams annually, making it one of Maharashtra's top gram-growing regions. Well-established supply chains and farmer networks ensure consistent raw material availability at competitive prices.",grams-hara-bhara-parbhani
Maharashtra,Pune,Engineering Goods,No,1500000,5000000,45-60%,12-18 months,8,"Pune has 50+ years of engineering manufacturing expertise with established supply chains for raw materials like steel, aluminum, and specialized metals. The district hosts 200+ engineering colleges providing skilled workforce and R&D support. Proximity to Mumbai port (160 km) and direct connectivity to automotive hubs in Aurangabad enable easy distribution.",engineering-goods-pune
Maharashtra,Raigad,Marine Produce,No,500000,5000000,45-60%,10-16 months,,"Raigad has 180+ km of Arabian Sea coastline with 47 fishing villages and established fishing infrastructure. The district produces 40% of Maharashtra's fish catch and has decades of expertise in sustainable fishing, cold-chain logistics, and seafood export to EU and Southeast Asia markets.",marine-produce-raigad
Maharashtra,Ratnagiri,Alphonso Mangoes,No,350000,1500000,50-65%,9-16 months,8,"Ratnagiri's coastal Konkan location provides ideal temperature, humidity, and sea-breeze conditions for Alphonso cultivation. The district has 8,208 sq km of fertile land with 9 talukes dedicated to mango farming, creating a mature ecosystem of growers, packers, and exporters. Devgad taluke alone specializes in carbide-free, natural ripening methods that command 40-55% export premiums in EU and US markets.",alphonso-mangoes-ratnagiri
Maharashtra,Sangli,Turmeric,No,200000,1500000,50-65%,10-16 months,8,"Sangli sits on the banks of the Krishna River with ideal soil and climate for turmeric cultivation spanning 150+ years. The district produces 1,40,000 metric tonnes annually with established supply chains, organized trading at Sangli APMC, and direct access to 11,300 hectares of turmeric farms. Buyers range from domestic food processors to international spice traders who come directly to Sangli market.",turmeric-sangli
Maharashtra,Satara,Strawberries,No,500000,3000000,60-75%,10-16 months,,"Satara's elevated terrain (600-800m altitude) provides naturally cool temperatures ideal for strawberry cultivation. The region receives abundant rainfall and has mineral-rich volcanic soil that imparts superior flavor and shelf-life to the fruit. Local farmers have perfected cultivation techniques over 30+ years, creating a distinct terroir advantage.",strawberries-satara
Maharashtra,Sindhudurg,Vengurla Cashew,No,250000,1500000,50-65%,10-16 months,8,"Sindhudurg has the largest area under cashew cultivation in India with 6.5 lakh hectares nationally and 1.5 lakh hectares in Maharashtra. The district established its first cashew processing plant in 1920, making it a 100+ year old cluster with over hundred active processing units spread across 8 major towns (Devgad, Dodamarg, Kankavli, Kudal, Malvan, Sawantwadi, Vaibhavwadi, Vengurla). Raw materials arrive directly from local farms; Regional Fruit Research Station in Vengurla developed 7 proprietary cashew varieties sold only here.",vengurla-cashew-sindhudurg
Maharashtra,Solapur,Solapur Terry Towel,No,300000,1500000,50-65%,10-16 months,9,"Solapur sits at the intersection of cotton-growing regions of Maharashtra and Karnataka, with raw cotton sourced locally at competitive prices. The district houses 12,000 powerlooms dedicated to terry towel production, supported by 40,000 workers and a 200-year-old weaving tradition. Global buyers (US, Israel, Türkiye, Vietnam, South Africa) maintain direct relationships with Solapur manufacturers, enabling consistent export demand.",solapur-terry-towel-solapur
Maharashtra,Thane,Garments & Textiles,No,250000,1500000,50-65%,10-16 months,7,"Thane sits within 50 km of Mumbai's wholesale fabric markets (Dadar, Bhuleshwar) and major apparel retailers, ensuring reliable buyer access. Cotton and synthetic fiber raw materials flow through Andhra Pradesh and Gujarat suppliers via NH highways. Bhiwandi taluka alone hosts 2,000+ textile units with established supply chains, labor pools, and machinery vendors.",garments-textiles-thane
Maharashtra,Wardha,Cotton Yarn,No,850000,2500000,45-60%,10-16 months,8,"Wardha sits in India's cotton belt with abundant local raw cotton supply from nearby fields and favorable agro-climatic conditions. The district has 65+ ginning units and 6 spinning/weaving units already operational, creating an established supply chain. Buyers from across Maharashtra and neighboring states source directly from Wardha's cluster.",cotton-yarn-wardha
Maharashtra,Washim,Soya bean and soya bean products,No,350000,1200000,50-65%,10-16 months,8,"Washim has extensive soybean cultivation across its agricultural landscape, ensuring consistent raw material supply. The district's geography and soil conditions favor soybean production, creating a natural cluster for soya-based processing. Proximity to Maharashtra's major food processing hubs and markets in Mumbai, Pune, and Aurangabad provides strong buyer access.",soya-bean-and-soya-bean-products-washim
Maharashtra,Yavatmal,Cotton Ginning and pressing,No,964000000,964000000,45-55%,36-48 months,7,"Yavatmal is India's primary cotton production zone with raw cotton available year-round from local farmers. The district has 37 ODOP-based industrial clusters with 8814 industrial units already operational in cotton ginning. Yarn mills and garment manufacturers in Maharashtra and Gujarat are within 300-500 km, ensuring steady buyer proximity.",cotton-ginning-and-pressing-yavatmal
Manipur,Bishnupur,Moirang Fi Chanbi Fanek,No,350000,2500000,60-75%,10-16 months,,"Bishnupur has a 400+ year tradition of handloom weaving influenced by the Vaishnavite bhakti movement. The district's artisans possess unparalleled mastery of the extra warp-weft technique, and locally available mulberry silk combined with cotton creates the signature softness and lustre of Moirang Phee. The cultural ecosystem and cluster of master weavers make it irreplaceable for authentic production.",moirang-fi-chanbi-fanek-bishnupur
Manipur,Chandel,Turmeric,No,250000,1500000,60-75%,10-16 months,,"Chandel's temperate hill climate, fertile volcanic soil, and elevation of 1000-1500m create ideal conditions for turmeric cultivation with superior curcumin concentration. The district has a 200+ year tradition of turmeric farming integrated into local agriculture and Ayurvedic medicine practices.",turmeric-chandel
Manipur,Churachandpur,Handicrafts - Tribal,No,150000,850000,60-75%,9-16 months,6,"Churachandpur occupies the south-west part of Manipur state with 596 villages across 4,750 sq.km, housing 15+ tribal communities (Thadou, Kuki, Hmar, Gangte, Paite, Mizo, Vaiphei, Simte, Zou, Kom, Chothe, Aimol, Mate, Kabui, Meitei) with centuries-old artisan traditions. Bamboo is abundantly available locally as a raw material, reducing sourcing costs and supporting sustainable production. Buyer markets include Delhi, Bangalore, and Northeast metros seeking authentic tribal products; export demand from Southeast Asia and Europe is growing but underexploited.",handicrafts---tribal-churachandpur
Manipur,Imphal East,Wangkhei Phee,No,150000,500000,50-65%,10-16 months,7,"Imphal East sits in Manipur's handloom heartland with 1850 traditional looms concentrated in Wangkhei Konsam Leikai cluster. Raw materials—mulberry cocoons from local Santhak trees, cotton, natural plant dyes from bark and flowers—are sourced within the district. Proximity to designers and Bollywood creates direct buyer access; Robert Naorem's success proves GI-tagged fabric commands premium pricing in Delhi and Mumbai fashion houses.",wangkhei-phee-imphal-east
Manipur,Imphal West,Toys- Laiphadibi,No,50000,300000,60-75%,10-16 months,6,"Imphal West is the heartland of Laiphadibi doll-making with multigenerational artisans concentrated in neighborhoods around Imphal city. Raw materials—cloth scraps, mud, wood, thread, beads—are abundantly available from local tailors and textile waste streams. Buyer proximity includes domestic demand from schools, gift shops, and cultural tourism in Northeast India, plus growing export interest from ethnic handicraft markets in US and Europe.",toys--laiphadibi-imphal-west
Manipur,Jiribam,Bamboo,No,250000,2500000,60-75%,10-16 months,,"Jiribam district has abundant bamboo forests and a strong tradition of bamboo handicraft passed through generations. The region's skilled artisans combine sustainable harvesting practices with intricate craftsmanship, making it uniquely positioned to produce world-class bamboo products. The district's climatic conditions and soil composition create ideal growing conditions for premium bamboo species suitable for furniture and fine crafts.",bamboo-jiribam
Manipur,Kakching,Rice- Black Chakao,No,500000,3000000,50-65%,12-18 months,,"Kakching's unique soil composition, tropical monsoon climate, and centuries-old cultivation techniques make it naturally suited for Black Chakao Rice. The district's agricultural heritage and farmer knowledge base ensure consistent quality and yield. Local farming communities have preserved traditional seed varieties and sustainable farming practices that enhance the rice's nutritional profile.",rice--black-chakao-kakching
Manipur,Kamjong,King Chilli,No,200000,800000,60-75%,10-16 months,7,"Kamjong's hilly terrain, cool climate, and volcanic soil create ideal conditions for King Chilli cultivation. The district's 123 villages with agriculture-based economy provide abundant raw material supply and existing farmer networks. Proximity to Imphal (55km) and Dimapur provides access to regional markets and export gateways.",king-chilli-kamjong
Manipur,Kangpokpi,Turmeric,No,350000,1200000,50-65%,10-16 months,,"Kangpokpi's hilly terrain, well-drained soil, and subtropical climate create ideal conditions for turmeric cultivation. The district has a long agricultural tradition and consistent rainfall patterns that support year-round spice production with superior curcumin content.",turmeric-kangpokpi
Manipur,Noney,Banana,No,250000,1500000,45-60%,18-24 months,,"Noney district's temperate-tropical climate, rich alluvial soil, and annual rainfall of 2000+ mm create ideal conditions for banana cultivation. The region's geographic isolation and traditional farming practices ensure high-quality fruit with distinctive flavor profiles, making it naturally suited for premium banana production and export.",banana-noney
Manipur,Pherzawl,Ginger,No,250000,1500000,60-75%,9-16 months,8,"Pherzawl sits in Manipur's hill terrain with ideal agro-climatic conditions for ginger cultivation. The district has 2,100 hectares of ginger under organic certification (600 NPOP + 1500 MOVCDNER), making raw material access guaranteed and zero-pesticide. Bulk of India's premium, fiber-free ginger with high gingerol content originates here.",ginger-pherzawl
Manipur,Senapati,Kiwi,No,500000,5000000,60-75%,24-36 months,,"Senapati district's elevation (900-1500m), temperate climate, and rich volcanic soil create ideal conditions for premium kiwi cultivation. The region's abundant rainfall, cool nights, and minimal pest pressure ensure disease-free, high-quality fruit production that commands premium prices in national markets.",kiwi-senapati
Manipur,Tamenglong,Orange - (Tamenglong Mandarin),No,250000,1500000,50-65%,10-16 months,8,"Tamenglong sits at 1,290 m elevation with soil and climate perfectly suited for citrus. Over 40 percent of district land is under orange cultivation with established farmer networks and organic-only production systems already in place. Proximity to Northeast markets and direct buyer access via Imphal reduces middleman layers.",orange---tamenglong-mandarin-tamenglong
Manipur,Tengnoupal,Bamboo,No,125000,850000,50-65%,9-16 months,7,"Tengnoupal sits at the Myanmar border with direct access to bamboo forests covering 61.36% of state forest area (10,687 sq km total). The district has 53 bamboo species and a 382-person artisan base in Kwatha village alone, plus access to raw Usoi shoots from forest collection or Myanmar suppliers. Export markets to Myanmar and regional Indian demand provide immediate buyer access.",bamboo-tengnoupal
Manipur,Thoubal,Pineapple,No,150000,1500000,50-65%,12-18 months,,"Thoubal's tropical climate, high rainfall (1900mm annually), and nutrient-rich alluvial soil create ideal conditions for pineapple cultivation. The district has over 2,000 hectares under pineapple farming with strong farmer networks, making it a natural production hub. Proximity to Imphal market and established cold-chain infrastructure support large-scale commercial operations.",pineapple-thoubal
Manipur,Ukhrul,Kachai Lemon,No,300000,2000000,52-68%,18-24 months,,"Ukhrul's high-altitude terrain (800-1500m), cool tropical climate, and nutrient-rich volcanic soil create perfect conditions for Kachai lemon cultivation with superior acidity and aroma. The fruit thrives in the region's unique microclimatic conditions, which cannot be replicated elsewhere, giving it distinct organoleptic properties recognized globally.",kachai-lemon-ukhrul
Meghalaya,East Garo Hills,Pineapple,No,250000,1500000,52-68%,18-24 months,,"East Garo Hills' tropical climate, high rainfall (250-300cm annually), and well-drained laterite soil create ideal conditions for pineapple cultivation. The district's elevation (200-1500m) and cool nights enhance fruit sugar concentration and flavor complexity, while established farming communities have generations of cultivation expertise.",pineapple-east-garo-hills
Meghalaya,East Jaintia Hills,Turmeric,No,250000,1200000,50-65%,10-16 months,8,"East Jaintia Hills is part of the Jaintia Hills plateau region with acidic volcanic soils ideal for high-quality turmeric. The district sits within the broader Jaintia Hills cluster that produces 58% of Meghalaya's turmeric across 2577+ hectares, with 1000+ cultivators supplying raw material locally. Direct proximity to raw material sources, established market linkages through Nongbah-Shangpung belt, and existing buyer networks in spice trade hubs (Kolkata, Delhi) make entry feasible.",turmeric-east-jaintia-hills
Meghalaya,East Khasi Hills,Khasi Mandarin (Orange),No,250000,1200000,45-60%,14-18 months,7,"East Khasi Hills is the native origin zone for Khasi Mandarin, with altitude (900-1500m) and monsoon climate creating ideal citric acid (0.6-0.7%) and taste conditions. Raw material sourced directly from organized farmer cooperatives and local producers. Established export pipeline to Dubai (20 MT last year) and Gulf states proves market validation.",khasi-mandarin-orange-east-khasi-hills
Meghalaya,Eastern West Khasi Hills,Kiwi,No,350000,2500000,60-75%,14-18 months,7,"Eastern West Khasi Hills sits at 1,200–1,800m elevation with consistent rainfall (300cm annually) and well-drained volcanic soil—ideal kiwi terroir. The district is one of India's only three kiwi-producing regions (alongside Himachal Pradesh and Uttarakhand), with direct supply chains to metro buyers in Delhi, Bengaluru, and Mumbai within 36–48 hours via NH-40 and NH-104.",kiwi-eastern-west-khasi-hills
Meghalaya,North Garo Hills,Banana,No,180000,450000,50-65%,10-16 months,6,"North Garo Hills sits in the Western Meghalaya region with consistent monsoon rainfall ideal for banana cultivation. Raw materials—vermicompost, cattle manure, farmyard compost—are locally available from surrounding agriculture villages. A documented 2023-2024 study of 50 organic farmers proved the economic viability of this approach.",banana-north-garo-hills
Meghalaya,Ri-Bhoi,Pineapple,No,350000,1200000,60-75%,12-18 months,,"Ri-Bhoi's high rainfall (above 200 cm annually), acidic volcanic soil, and humid subtropical climate create ideal conditions for pineapple cultivation. Small-scale farmers have perfected traditional intercropping methods that enhance flavor. The district's elevation and microclimate reduce pest pressure, making organic certification easier and commanding premium prices in national and export markets.",pineapple-ri-bhoi
Meghalaya,South Garo Hills,Jackfruit,No,350000,1500000,60-75%,10-16 months,,"South Garo Hills has ideal tropical climate with high rainfall and fertile volcanic soil perfect for jackfruit cultivation. The region's traditional farming practices and established jackfruit orchards spanning over 2,500 hectares make it naturally suited for jackfruit processing and value-added products. Local farmer networks and cooperative structures enable reliable sourcing at competitive prices.",jackfruit-south-garo-hills
Meghalaya,South West Garo Hills,Pineapple,No,180000,500000,50-65%,12-18 months,6,"South West Garo Hills has ideal tropical climate with high rainfall (2500-3000mm annually) and well-draining hilly soil perfect for pineapple. Raw material is locally abundant with established farming networks in Ampati and surrounding areas. Proximity to Bangladesh border opens export corridors and regional markets in Assam, Tripura, and Meghalaya towns.",pineapple-south-west-garo-hills
Meghalaya,South West Khasi Hills,Honey,No,180000,850000,50-65%,10-16 months,7,"The district sits at 800-1500m elevation with dense forest cover across Mawkyrwat, Nongstoin, and Khliehriat blocks, providing year-round wildflower forage for Apis mellifera and stingless bee species. Raw material—live bee colonies and flowering plants—is abundant within 5km of villages. Local beekeepers and framers form the artisan base, with minimal competition in organized honey markets.",honey-south-west-khasi-hills
Meghalaya,West Garo Hills,Cashew,No,350000,1200000,52-68%,10-16 months,7,"West Garo Hills has agro-climatic conditions suitable for cashew cultivation, with access to raw cashew nuts from surrounding agricultural pockets. The district is part of Meghalaya's organic farming movement which commands premium prices in domestic and export markets. Proximity to Assam and other Northeast states provides both raw material supply chains and buyer networks.",cashew-west-garo-hills
Meghalaya,West Jaintia Hills,Turmeric (Lakadong),No,250000,2500000,60-75%,10-16 months,8,"West Jaintia Hills' cool, humid climate and mineral-rich soil create ideal conditions for high-curcumin turmeric cultivation. The district has 1,898 hectares under turmeric cultivation with 13,000+ farmer ecosystem and 87% of production concentrated in Laskein Block, creating integrated supply chains. Proximity to Bangladesh and Southeast Asian export routes makes logistics efficient.",turmeric-lakadong-west-jaintia-hills
Meghalaya,West Khasi Hills,Cane & Bamboo Handicrafts (Mats),No,150000,500000,60-75%,10-16 months,6,"West Khasi Hills has abundant indigenous bamboo and cane forests with easy local sourcing. The district hosts three active artisan clusters in Mairang, Lyrnai village, and Tyrchang village with trained weavers. Black clay from Sung Valley provides additional raw material diversity, and proximity to Northeast India's growing eco-conscious market gives direct buyer access.",cane-bamboo-handicrafts-mats-west-khasi-hills
Mizoram,Aizawl,Dragon Fruit,No,250000,2000000,50-65%,18-24 months,8,"Aizawl's tropical climate and high rainfall create ideal conditions for dragon fruit cultivation. The district's 89.4% literacy rate supports modern farming practices, and established exporters like Long Yi Sheng demonstrate proven market access to China and Vietnam.",dragon-fruit-aizawl
Mizoram,Champhai,Mizo Chilli,No,200000,800000,60-75%,10-16 months,8,"Champhai sits in Mizoram's humid tropical zone with 2,563 mm annual rainfall spread over 6-8 months — ideal for the Mizoram Bird's Eye Chilli variety. Acidic soil (pH 4.5-5.5) and the region's established farming culture make raw material access stable. The GI tag opens direct export channels to Southeast Asia and international specialty markets.",mizo-chilli-champhai
Mizoram,Hnahthial,Mizo Chilli,No,150000,500000,60-75%,10-16 months,,"Hnahthial's high-altitude, fertile highlands provide ideal agro-climatic conditions for cultivating intensely spicy chillies with distinctive flavor profiles. The district has centuries-old traditional farming heritage deeply embedded in Mizo cultural cuisine, making it the authentic source and custodian of this heirloom variety.",mizo-chilli-hnahthial
Mizoram,Khawzawl,Pineapple,No,250000,1500000,50-65%,10-16 months,7,"Khawzawl lies in Mizoram's agriculturally productive zone with tropical climate ideal for pineapple cultivation. The district has established supply chains to Nepal, Maldives, UAE, Saudi Arabia, and other export markets. Raw material proximity and existing exporter networks reduce initial sourcing friction.",pineapple-khawzawl
Mizoram,Kolasib,Dragon Fruit,No,250000,2500000,50-65%,18-24 months,,"Kolasib's high altitude tropical climate (900-1200m elevation), consistent rainfall (200+ inches annually), and well-drained soil create ideal growing conditions for dragon fruit. The district's commitment to organic farming and minimal pesticide use aligns with premium market positioning. Local farmers are rapidly adopting this high-value crop as an alternative to traditional agriculture.",dragon-fruit-kolasib
Mizoram,Lawngtlai,Mizo Chilli,No,180000,850000,60-75%,10-16 months,7,"Lawngtlai sits in Mizoram's southernmost zone with volcanic, nutrient-rich soils ideal for chili cultivation. The district's cool, humid climate and 2,557 sq km geographic area create microclimates that produce high-pungency Bird's Eye varieties. Traditional Mizo farming methods and established grower networks make raw material access direct and cost-effective.",mizo-chilli-lawngtlai
Mizoram,Lunglei,Banana,No,250000,1200000,45-60%,10-16 months,7,"Lunglei's tropical climate, abundant rainfall, and fertile soil in the Chittagong Hill Tracts region make it ideal for banana cultivation. The district has established artisan networks and direct access to suppliers like Baghel Agro Industries, one of India's top organic banana manufacturers. Proximity to Northeast India markets and growing demand for organic produce across metros creates consistent buyer access.",banana-lunglei
Mizoram,Mamit,Turmeric,No,150000,750000,60-75%,10-16 months,,"Mamit's high-altitude terrain, cool monsoon climate, and well-drained volcanic soil create ideal conditions for turmeric cultivation with superior curcumin content. The district's traditional farming practices and minimal pesticide use produce premium-quality organic turmeric that commands premium prices in domestic and export markets.",turmeric-mamit
Mizoram,Saitual,Ginger,No,150000,750000,50-65%,10-16 months,8,"Saitual's cool, monsoon-fed hilly terrain at 900-1200m elevation creates ideal ginger-growing conditions — humidity, soil pH, and drainage match global ginger-producing zones like Kerala and Himachal. Farmers have 40+ years of cultivation experience. Proximity to Aizawl (30km, Mizoram's largest market hub) and direct road connectivity to Assam tea & spice buyers eliminates middleman costs.",ginger-saitual
Mizoram,Serchhip,Banana,No,250000,1500000,50-65%,18-24 months,,"Serchhip's elevation (900-1200m), consistent rainfall, and nutrient-rich volcanic soil create ideal growing conditions for high-quality bananas. The district's cool climate prevents pest proliferation and extends shelf life. Local farming communities have generations of expertise in managing banana cultivation in hill terrain.",banana-serchhip
Mizoram,Siaha,Chilli - Mizo,No,250000,1200000,60-75%,10-16 months,8,"Siaha sits in Mizoram's fertile northeast landscape where potash-rich soils and the traditional Jhum farming method create ideal conditions for bird's eye chilli cultivation. Raw material proximity is absolute — chilli farms ring the district. Government installed processing, solar drying, and cold storage infrastructure post-GI recognition, making value-added production feasible locally.",chilli---mizo-siaha
Nagaland,Chumukedima,Pineapple,No,350000,1200000,50-65%,14-18 months,,"Chumukedima's tropical monsoon climate, well-drained volcanic soil, and altitude of 600-800m create ideal conditions for pineapple cultivation. The district's traditional farming community has decades of experience in fruit cultivation, and its proximity to Kohima provides strong market access to Nagaland and adjacent states.",pineapple-chumukedima
Nagaland,Dimapur,Pineapple,No,500000,2500000,50-65%,18-24 months,,"Dimapur's elevation (300-500m), tropical monsoon climate, and volcanic soil create ideal conditions for pineapple cultivation with higher sugar content and lower disease incidence. The district's established farming community and proximity to APEDA-certified export channels make it uniquely positioned for value-added pineapple products and fresh exports.",pineapple-dimapur
Nagaland,Kiphire,Kholar,No,180000,650000,50-65%,10-16 months,6,"Kiphire's 1255 sq km of fertile terrain with cool highland climate creates ideal conditions for kidney bean cultivation. The district's trusted organic farming network supplies raw material directly from village cooperatives practicing crop rotation and natural fertilizer methods. Buyer proximity to Nagaland's urban centers (Dimapur, Kohima) and access to MARCOFED's NagaBazaar e-commerce platform reduce distribution friction for new producers.",kholar-kiphire
Nagaland,Kohima,Pickles,No,350000,1200000,60-75%,10-16 months,,"Kohima's strategic location in the Northeast provides access to rare indigenous spices, aromatic herbs, and traditional fermentation knowledge passed through generations. The district's food culture and Hornbill Festival tourism create natural demand for authentic, handcrafted pickles. Cool climate and altitude favor preservation and extended shelf life.",pickles-kohima
Nagaland,Longleng,Ginger,No,350000,1200000,50-65%,9-16 months,7,Longleng's highland terrain and cool climate create ideal conditions for ginger cultivation. The district has established organic farming practices and direct access to raw ginger from 63 villages across 3 blocks. Proximity to food processing hubs in Assam and pharmaceutical buyers in North India reduces logistics costs.,ginger-longleng
Nagaland,Mokokchung,Coffee,No,1500000,5000000,60-75%,12-18 months,,"Mokokchung's elevation of 1,400-1,600m, cool monsoon climate, and nutrient-rich soil create ideal conditions for specialty arabica coffee cultivation. The region's strong agricultural tradition and sustainable farming practices ensure consistent quality and environmental stewardship, differentiating Mokokchung coffee in premium global markets.",coffee-mokokchung
Nagaland,Mon,Large Cardamom,No,250000,1200000,50-65%,10-16 months,8,"Mon sits in Nagaland's cardamom belt where altitude, humid climate, and forest cover create ideal growing conditions. Raw material is produced locally across 131 villages across 8 blocks, with established farmer networks supplying consistent quality. Export infrastructure exists: direct routes to Saudi Arabia, Europe, and North America make this a natural processing and value-addition hub.",large-cardamom-mon
Nagaland,Niuland,Banana,No,275000,1200000,50-65%,10-16 months,6,Niuland's fertile valley ecosystem and cool mountain climate create ideal conditions for banana cultivation with distinct flavor profiles. Raw material sourcing is zero-distance — farmers are within 5-15km of processing units. High literacy rate (93.62%) means founders can easily navigate government registrations and export compliance.,banana-niuland
Nagaland,Noklak,Millet,No,250000,1500000,50-65%,10-16 months,7,"Noklak district's terrain and climate are naturally suited to millet cultivation — the crop thrives in marginal rainfall and poor soil where other cereals fail. The district has 42 villages across 3 blocks with established farming communities that have cultivated millets for generations. Direct proximity to East Asia, North America, and European export markets via Nagaland ports creates immediate buyer access.",millet-noklak
Nagaland,Peren,Naga Mircha,No,200000,800000,60-75%,10-16 months,8,"Peren district, specifically the Zeliangrong region, is the original home of Naga Mircha cultivation with 150 households actively farming it in Seiyhama village. The district's soil, water content, and climate are ideal for the crop, and 45 km proximity to Kohima provides access to state and national markets. Government focus on the 100-hectare Botsa block cluster ensures supply chain support and buyer networks.",naga-mircha-peren
Nagaland,Phek,Kiwi,No,500000,2500000,60-75%,24-36 months,,"Phek's high-altitude terrain (1,500-2,000m), cool climate, and well-drained volcanic soils create ideal conditions for kiwi cultivation. The district's agricultural heritage and farmer cooperatives provide established supply-chain networks. Growing demand from Northeast India's health-conscious urban centers offers strong market proximity.",kiwi-phek
Nagaland,Shamator,Kholar (Kidney Beans),No,150000,450000,50-65%,10-16 months,8,"Shamator's 469 sq km high-hill terrain provides natural growing conditions for Kholar kidney beans with unique nutrient density and aroma. The district has established export channels to 12+ countries across North America, Europe, and Asia-Pacific, with a documented local production base of 37 villages. Raw materials (seeds, soil) are available locally at minimal cost due to farming prevalence.",kholar-kidney-beans-shamator
Nagaland,Tseminyu,Turmeric,No,800000,3500000,60-75%,10-16 months,,"Tseminyu district's fertile volcanic hill soils, temperate climate with optimal monsoon patterns, and altitude between 900-1500m create ideal conditions for turmeric cultivation with superior curcumin levels. The region's traditional agricultural practices and minimal chemical intervention preserve the spice's natural potency and aroma, making it distinctly prized in both domestic and international markets.",turmeric-tseminyu
Nagaland,Tuensang,Kholar,No,180000,650000,52-65%,10-16 months,6,"Tuensang sits at 1500–2000m altitude with stony soil naturally suited to kholar cultivation. The district hosts four main production clusters (Sotokur, Sangsangyu, Chingmei, New Chingmei) with proven seed multiplication rates—Sotokur achieves 15 tins output per 1 tin seed input. Raw material access is immediate through local seed networks and FBMP training infrastructure.",kholar-tuensang
Nagaland,Wokha,Banana and Banana Products,No,180000,850000,52-68%,10-16 months,7,"Wokha's subtropical climate and well-established 864-hectare banana cultivation base provide direct access to 6,000 farmers and raw material suppliers. The district has zero middleman distance to source fresh bananas and plant residue. Buyer access spans Amazon Karigar, Flipkart Samarth, and ONDC platforms plus direct institutional channels to hotels and food processing units across northeastern India.",banana-and-banana-products-wokha
Nagaland,Zunheboto,Soyabean,No,250000,1500000,45-60%,12-18 months,,"Zunheboto's high-altitude terrain, moderate rainfall (1500-2000mm annually), and nitrogen-rich volcanic soil are ideal for soybean cultivation. The district's strong agricultural tradition and growing farmer awareness make it a natural fit for scaling high-protein crop production that supports both local nutrition and income generation.",soyabean-zunheboto
Odisha,Angul,Terracotta,No,150000,750000,60-75%,10-16 months,,"Angul district has rich deposits of high-quality clay along the Brahmani river basin, supporting a multi-generational tradition of terracotta artisans primarily in villages like Nayagaon, Talcher, and Chhendipada. The region's proximity to tribal communities and rural populations ensures authentic design vocabulary and sustainable raw material sourcing. Local artisan clusters have developed deep expertise in both decorative and utility terracotta products.",terracotta-angul
Odisha,Balasore,Marine Products,No,8000000,25000000,45-60%,10-16 months,9,Balasore sits on Odisha's northern coastline with direct access to rich fishing grounds and a 200+ year seafood processing tradition. Raw material sourcing is integrated — most processors own or partner with fishing vessels and landing centers. Proximity to Kolkata and Chattogram markets (150-250 km) plus direct port access at Paradip (120 km away) makes export logistics cost-efficient.,marine-products-balasore
Odisha,Bargarh,Handloom,No,200000,1500000,50-65%,10-16 months,7,"Bargarh sits at the convergence of traditional weaving skill (38,298 registered weavers across 48 co-operative societies) and steady raw material supply from regional cotton yarn merchants. The cluster has 18,164 household production units and a established logistics hub, with proximity to pan-India wholesale textile markets in Gujarat and Tamil Nadu. Buyers from home furnishing, apparel retail, and export channels actively source from Bargarh's organized co-operatives and independent producers.",handloom-bargarh
Odisha,Bhadrak,Rice,No,850000,3500000,45-60%,12-18 months,7,"Bhadrak lies in the fertile Odisha plains with alluvial soil ideal for rice cultivation. The district achieved 2,505 kg/ha yield in 2015-16, significantly above the state average of 1,491 kg/ha, making it a natural hub for quality rice production. Direct access to paddy procurement from over 300,000 farming households in the district.",rice-bhadrak
Odisha,Bolangir,Cotton,No,500000,2500000,50-65%,12-18 months,,Bolangir district offers ideal agro-climatic conditions with black and laterite soil suited for cotton cultivation. The region has a long tradition of cotton farming with established supply chains and farmer networks. Sustainable practices here ensure premium quality cotton that commands higher prices in the textile industry.,cotton-bolangir
Odisha,Boudh,Berhampur Patta (Phoda Kumbha) Saree,No,150000,500000,60-75%,10-16 months,6,Boudh cluster (Berhampur town) has 400+ registered weavers producing GI-tagged Phoda Kumbha sarees using silk from Karnataka and local cotton. Sarees are woven on pit looms by two-person teams and sold primarily to North Indian wedding markets and heritage collectors. The product has continuous 200-year weaving tradition embedded in local artisan families.,berhampur-patta-phoda-kumbha-saree-boudh
Odisha,Cuttack,Silver Filigree (Tarakashi Art),No,150000,500000,60-75%,9-16 months,8,"Cuttack has 500 artisan families concentrated in Mangalabag, Naya Bazaar, Baniasahi, and Nayasadak clusters with direct access to pure silver suppliers and established buyer networks for Durga Puja decorations (₹40 crore annual market). The city is 6 km from Bijatpur railway station and well-connected via NH-16, with 143 registered showrooms already operational as proof of demand infrastructure.",silver-filigree-tarakashi-art-cuttack
Odisha,Deogarh,Watermelon,No,500000,2500000,45-60%,12-18 months,,"Deogarh's alluvial plains and monsoon-fed water resources create ideal growing conditions for watermelons with high sugar content. The region's warm summers and well-drained agricultural land support consistent, high-quality production. Local farming expertise and established supply chains to eastern markets make watermelon cultivation a natural fit.",watermelon-deogarh
Odisha,Dhenkanal,Handicrafts,No,200000,1500000,60-75%,10-16 months,7,"Dhenkanal sits at Odisha's geographic center with 1208 villages and established artisan clusters. Teak wood, brass, and decorative materials are locally sourced or easily accessible via the woodlands and supplier networks in the district. The artisan base spans documented tribal jewellery makers, wooden carvers, and brass workers with proven export-ready quality.",handicrafts-dhenkanal
Odisha,Gajapati,Cashew Kernel,No,500000,2500000,50-65%,10-16 months,,"Gajapati district has ideal agro-climatic conditions with consistent rainfall and well-drained laterite soils suited for cashew cultivation. The district has over 45,000 hectares under cashew farming with established supply chains and traditional processing expertise passed through generations. Proximity to port infrastructure at Visakhapatnam (Andhra Pradesh) facilitates seamless export of processed kernels globally.",cashew-kernel-gajapati
Odisha,Ganjam,Handloom,No,300000,2000000,60-75%,10-18 months,,"Ganjam has a legacy of skilled weavers spanning generations with established handloom clusters like Berhampur. The district's access to natural cotton fibers, proximity to raw material suppliers in coastal Odisha, and strong artisan networks make it ideal for handloom production. Local cultural motifs and heritage designs command premium pricing in domestic and international markets.",handloom-ganjam
Odisha,Jagatsinghpur,Rice,No,800000,5000000,50-65%,12-18 months,,"Jagatsinghpur's fertile deltaic soil formed by the Mahanadi river, combined with the district's tropical monsoon climate and abundant water resources, creates ideal conditions for cultivating premium rice varieties. The region's unique soil chemistry and centuries-old rice farming tradition produce the distinctive Kala Jeera rice variety that commands premium prices in domestic and international markets.",rice-jagatsinghpur
Odisha,Jajpur,Stone Carving,No,150000,1500000,60-75%,10-16 months,,"Jajpur has a centuries-old tradition of stone carving rooted in its proximity to Jagannath temple culture and historical temple construction. The district's abundant local stone quarries and hereditary artisan communities make it a natural hub for high-quality sculptural work. The region's deep connection to mythological narratives and classical Odia architecture ensures authentic, culturally resonant designs.",stone-carving-jajpur
Odisha,Jharsuguda,Aluminium Ingot,No,5000000,25000000,28-40%,18-24 months,8,"Jharsuguda is located in central Odisha with direct proximity to bauxite mining areas in the state and abundant hydroelectric power supply. Vedanta Aluminium's 2,421 thousand tonne annual production (FY25) creates a mature supplier ecosystem and established buyer networks. The district's Jharsuguda Special Economic Zone (SEZ) provides infrastructure, tax benefits, and direct access to global export corridors.",aluminium-ingot-jharsuguda
Odisha,Kalahandi,Handicraft (Wood Carving),No,150000,750000,60-75%,10-16 months,,Kalahandi has naturally abundant high-quality teak forests providing superior carving material. The district holds a continuous 5000-year heritage of wood carving mastery passed down through generations of skilled artisans. The region's isolated geography has preserved authentic techniques that command premium prices in national and international markets.,handicraft-wood-carving-kalahandi
Odisha,Kandhamal,Kandhamal Haladi,No,280000,850000,60-75%,10-16 months,8,"Kandhamal's 60% forested, hilly terrain is naturally suited for organic turmeric cultivation. The Gumamaaha Raikhia Haldi Cluster has generations of farmer experience and direct access to premium turmeric rhizomes. Proximity to Bhubaneswar (180 km) and Eastern India's spice markets makes distribution feasible.",kandhamal-haladi-kandhamal
Odisha,Kendrapara,Golden Grass Product,No,150000,500000,60-75%,9-15 months,7,"Golden grass grows abundantly in the riverside villages of Kendrapara district, particularly in 12 clusters where artisans have practiced this craft for over 100 years. The district has 3,000 trained women artisans organized into 300 self-help groups with established supply chains and local buyer networks. Government infrastructure projects are building training centres, worksheds, and roads directly supporting golden grass artisans.",golden-grass-product-kendrapara
Odisha,Kendujhar (Keonjhar),Terracotta,No,150000,800000,60-75%,10-16 months,,"Kendujhar's abundant deposits of fine-quality natural clay and a strong tradition of terracotta artisanship spanning generations make it the ideal hub for terracotta production. The district's skilled artisan communities have perfected traditional hand-molding and firing techniques that create distinctive, high-quality products with cultural authenticity.",terracotta-kendujhar-keonjhar
Odisha,Khurdha,Fish product,No,350000,2500000,50-65%,9-16 months,,"Khurdha benefits from direct access to the Bay of Bengal and established fishing ports in Paradip and coastal villages, ensuring consistent supply of fresh catch. The district has a long tradition of fish processing with existing infrastructure, skilled labor, and proximity to major consumption centers like Bhubaneswar. Government fisheries support and ODOP recognition position it as a hub for value-added fish products.",fish-product-khurdha
Odisha,Khurda,Handicrafts (Stone Carving),No,200000,1500000,58-72%,10-16 months,,Khurda district is home to skilled stone carvers trained through generations in temple art traditions. The proximity to Bhubaneswar and availability of high-quality soapstone and granite deposits make it an ideal hub for stone carving crafts. The district's historical connection to Jagannath Temple architecture sustains demand and expertise.,handicrafts-stone-carving-khurda
Odisha,Koraput,Cashew,No,400000,2500000,50-65%,10-16 months,7,"Koraput has laterite soil and sub-humid tropical climate that naturally suit cashew plantation. Raw materials (cashew apples, husks, shells) are abundant within 50km of processing hubs. Over 15,000 small and marginal farmers cultivate cashew across Koraput and Nabarangpur blocks, creating reliable supply.",cashew-koraput
Odisha,Malkangiri,Millets,No,250000,1200000,50-65%,10-16 months,7,"Malkangiri's 5791 sq km area spans challenging terrain where millets thrive in poor soil and drought conditions, making it naturally suited for millet farming. The district's 1045 villages provide a distributed raw material base with minimal supply chain friction. Proximity to tribal markets in eastern Odisha and buyer access to FMCG companies seeking organic grains makes this a strategic sourcing point.",millets-malkangiri
Odisha,Mayurbhanj,Rice,No,250000,1500000,50-65%,9-16 months,7,Mayurbhanj's agro-climatic conditions are naturally suited to Rose matta Rice cultivation. The district has a 50+ year tradition of Mugei Chaula farming with established farmer networks. Water-efficient traditional varieties thrive here due to seasonal rainfall patterns and soil composition ideal for red rice production.,rice-mayurbhanj
Odisha,Nabarangpur,Maize,No,150000,2500000,45-60%,10-16 months,8,"Nabarangpur is India's maize heartland in Odisha, cultivated across 62,366 hectares with established farming infrastructure and 92% adoption of High Yielding Variety seeds. Raw maize supply is guaranteed year-round with nearby maize mills and processing units ensuring consistent quality. Buyer markets in Chhattisgarh, West Bengal, Andhra Pradesh, and Karnataka are within 500-1000 km, making logistics viable for both wholesale and export channels.",maize-nabarangpur
Odisha,Nayagarh,Brass and Bell Metal,No,150000,1200000,52-68%,10-16 months,7,"Nayagarh has 7 active brass and bell metal clusters (Kantilo, Bhuban, Balakati, Bhatimunda, Belaguntha, Remuna, Tarabha) with skilled Kansari artisans trained over generations. Copper and tin are locally sourced at 4:1 ratio, reducing raw material costs. The district sits within reach of major markets: Cuttack (metalware hub), Bhubaneswar (retail/institutional), and coastal ports for export.",brass-and-bell-metal-nayagarh
Odisha,Nuapada,Cotton,No,750000,3500000,58-72%,10-16 months,,"Nuapada's agro-climatic conditions—black soil, moderate rainfall (1000-1200mm annually), and warm temperatures—create ideal growing conditions for both long-staple and medium-staple cotton. The district has a 40+ year legacy of cotton farming with established farmer networks and access to traditional organic farming knowledge.",cotton-nuapada
Odisha,Puri,Orissa Pattachitra,No,150000,800000,60-75%,12-18 months,8,"Puri is the historical birthplace of Pattachitra, with artisan communities concentrated around Jagannath Temple area and pilgrimage towns. Natural pigment sources from Odisha's mineral belt and palm leaf paper from local suppliers enable low raw material costs. Pattachitra clusters in Puri town and surrounding villages produce hand-painted pieces for temple offerings, tourist markets, and export buyers.",orissa-pattachitra-puri
Odisha,Rayagada,Cotton,No,2500000,8000000,45-60%,12-18 months,,"Rayagada's favourable climate, alluvial soil, and established canal irrigation systems create ideal conditions for high-quality cotton cultivation. The district has a strong tradition of cotton farming with skilled farmers familiar with traditional methods that preserve fibre quality. Proximity to textile hubs in Odisha and access to markets in Maharashtra and Gujarat provide natural export advantages.",cotton-rayagada
Odisha,Sambalpur,Sambalpuri Bandha Saree,No,180000,750000,50-65%,9-16 months,7,"Sambalpur sits on a 300+ year old weaving tradition originating from the Bhulia community in mid-17th century, with raw material supply chains for cotton, silk, and tassar yarn already established locally. Bargarh cluster alone operates 7158 looms across 299 villages with 5102 active looms, and both Bargarh and Sonepur are among India's 20 pilot Handloom Clusters. Proximity to wholesale markets in Cuttack (120 km) and direct access to weavers makes sourcing and production efficient.",sambalpuri-bandha-saree-sambalpur
Odisha,Sonepur (Subarnapur),Bomkai Saree & Fabrics,No,180000,1200000,58-72%,10-16 months,8,"Sonepur district sits in western Odisha where cotton and silk thread raw materials are locally sourced. The three active clusters (Sonepur, Subarnapur, Kantapalli) house 800+ registered weavers trained in 600-year-old Jala technique handloom methods. Buyers span metro wedding markets (Delhi, Mumbai, Bangalore) and direct exports to Japan, Germany, USA.",bomkai-saree-fabrics-sonepur-subarnapur
Odisha,Sundergarh,Bamboo Craft,No,180000,800000,60-75%,9-16 months,7,"Sundergarh has abundant bamboo forests with three cultivated species (Bambusa Tulda, Bambusa Bambos, Dendrocalamus Strictus) available within 50 km of production clusters. The district has trained artisans with 2-3 generations of craft knowledge. Proximity to construction hubs in Chhattisgarh and buyer markets in Bengal make this a cost-advantaged base.",bamboo-craft-sundergarh
Puducherry,Karaikal,Chemicals and Allied Products,No,4500000,18000000,35-50%,12-18 months,6,"Karaikal is a coastal union territory with strategic proximity to Tamil Nadu's chemical hubs and port access via Pondicherry. The district hosts 109 registered chemical manufacturers including established companies like BALA MURUGAN CHEMICALS (₹40 Cr capital), enabling raw material availability and supply chain integration. Buyer markets include pharma companies across South India, textile dyes industries, and petrochemical facilities within 200 km.",chemicals-and-allied-products-karaikal
Puducherry,Mahe,Coir Products,No,250000,2500000,58-72%,10-16 months,,"Mahe's coastal location in Puducherry provides abundant coconut husk raw material from local plantations. The district has a long-established coir manufacturing tradition with skilled artisans, existing processing units, and established export networks to Europe and North America.",coir-products-mahe
Puducherry,Puducherry,Pharmaceutical and Allied Products,No,50000000,500000000,50-65%,18-24 months,,"Puducherry hosts a concentration of pharmaceutical manufacturing units with advanced infrastructure, skilled workforce, and strong regulatory compliance frameworks. The region benefits from proximity to major ports, established supply chains, and government incentives for pharma manufacturing. A robust ecosystem of contract manufacturers, quality testing labs, and logistics networks makes it ideal for pharmaceutical production and export.",pharmaceutical-and-allied-products-puducherry
Puducherry,Yanam,Fisheries and Allied Products,No,300000,2500000,50-65%,10-16 months,8,"Yanam sits on the Coringa River delta where it branches from the Gauthami, providing direct access to one of India's richest coastal fishing grounds. The district has 28,767 actively engaged fishermen across 38 marine fishing villages plus 12 inland hamlets, creating a mature supply chain for raw fish, shrimp, and seafood. Puducherry UT's 1,000 sq km continental shelf and 26 landing centres mean daily catch supply is guaranteed.",fisheries-and-allied-products-yanam
Punjab,Amritsar,Embroidery,No,150000,750000,60-75%,9-16 months,8,"Amritsar sits at the Indo-Pakistan border with direct access to Central Asian and Middle Eastern markets. The district has a concentrated cluster of 500+ embroidery artisans in the walled city and surrounding areas, with raw material suppliers (threads, fabrics, dyes) embedded in local haat networks. Proximity to Delhi markets (430 km) and direct air/rail links make it ideal for D2C and export operations.",embroidery-amritsar
Punjab,Barnala,Textile-Towels,No,150000,800000,50-65%,10-16 months,6,"Barnala has a concentrated cluster of handloom weavers skilled in terry towel production around Barnala town. Cotton and bamboo raw materials are sourced locally and from nearby Punjab districts. The district is 240 km from Delhi and 150 km from Chandigarh, providing direct market access to North Indian hotels, spas, and e-commerce distribution hubs.",textile-towels-barnala
Punjab,Bathinda,Citrus Fruits (Kinnow),No,800000,2500000,50-65%,18-24 months,8,"Bathinda's fertile alluvial soil and semi-arid climate create ideal conditions for kinnow cultivation with optimal soil pH between 5.5-7.5. The district has established irrigation infrastructure supporting 10-15 day summer and 20-25 day winter cycles, and direct connectivity to Delhi, Mumbai, and Kolkata wholesale markets via NH 15 and rail networks.",citrus-fruits-kinnow-bathinda
Punjab,Faridkot,Basmati (Rice),No,850000,4500000,45-60%,10-16 months,8,Faridkot's alluvial soil and irrigation infrastructure from the Sutlej River system create ideal basmati growing conditions. The district sits within the basmati geographical indication zone and has 120+ years of cultivation tradition. Direct access to mandi systems at Kotkapura and Faridkot city connects to 24 lakh metric tonnes of annual Indian basmati trade.,basmati-rice-faridkot
Punjab,Fatehgarh Sahib,Forged Items,No,500000,5000000,50-65%,10-16 months,,"Fatehgarh Sahib has an unbroken 300+ year legacy of metalworking and blacksmithing, with hundreds of established forges and artisans concentrated in clusters like Sirhind and Amarkot. The district's proximity to raw material suppliers in northern India, skilled generational craftsmen, and established export networks make it uniquely suited for scaling forged item production. Strong local supply chains for steel, alloys, and finishing materials reduce sourcing costs and production timelines.",forged-items-fatehgarh-sahib
Punjab,Fazilka,Citrus Fruits (Kinnow),No,450000,1500000,45-60%,24-36 months,6,"Fazilka's Abohar and Balluana blocks span 35,000 hectares of Kinnow cultivation with favorable agro-climatic conditions and established canal water infrastructure. The district's proximity to Delhi, Haryana, and Himachal Pradesh markets ensures consistent domestic demand, while international buyers source through aggregators. State awardee growers like Arvind Setia have demonstrated premium-quality production through advanced horticultural techniques.",citrus-fruits-kinnow-fazilka
Punjab,Ferozepur,Basmati (Rice),No,850000,5000000,45-60%,10-16 months,8,"Ferozepur sits in Punjab's basmati heartland with alluvial soil and canal irrigation creating ideal growing conditions. The district has over 60% of cultivated area under basmati, with established procurement networks connecting to 150+ rice mills. Proximity to ports and a 25-year export history give founders direct access to buyers in Bangladesh, Saudi Arabia, Japan, and Africa.",basmati-rice-ferozepur
Punjab,Gurdaspur,Foundry Cluster,No,1800000,5000000,35-50%,12-18 months,7,"Gurdaspur has 350+ foundry units spread across the district with established sand reclamation infrastructure (10,000 tons/month capacity) and water availability (1680 KLD tanks). The cluster is positioned between automotive hubs in Haryana and agricultural machinery markets in Punjab, with direct access to NH roads and rail connectivity to major metros.",foundry-cluster-gurdaspur
Punjab,Hoshiarpur,Tractor & parts,No,15000000,50000000,35-50%,12-18 months,,"Hoshiarpur has a 50-year legacy of tractor parts manufacturing with a skilled workforce, established supply chains to major tractor OEMs (Mahindra, TAFE, John Deere), and proximity to Punjab's agricultural heartland. The district benefits from backward linkage with steel suppliers in nearby Himachal Pradesh and forward linkage with tractor assembly units across North India.",tractor-parts-hoshiarpur
Punjab,Jalandhar,Sports Goods,No,150000,2500000,50-65%,10-18 months,9,"Jalandhar sits 148 km northwest of Chandigarh with established supply chains dating to the 1940s when skilled artisans migrated from Sialkot, Pakistan. The district has 300 distinct manufacturing centers with 4,500,500 total employed workers, creating dense supplier networks and raw material access unavailable elsewhere. Buyers from UK, USA, Germany, France, and Australia source directly from local clusters, eliminating middlemen.",sports-goods-jalandhar
Punjab,Kapurthala,Diesel engine and Auto Parts,No,5000000,50000000,35-50%,12-18 months,,"Kapurthala has a well-established manufacturing ecosystem with 400+ registered auto parts units, skilled workforce trained over decades, and proximity to major tractor manufacturers in Punjab and Haryana. The district benefits from existing supplier networks, technical expertise in precision machining, and established distribution channels to OEM customers.",diesel-engine-and-auto-parts-kapurthala
Punjab,Ludhiana,Readymade Garments,No,500000,5000000,50-65%,10-16 months,,"Ludhiana has over 40 years of garment manufacturing expertise with established supply chains, skilled labour pools, and proximity to cotton-producing regions. The district hosts 5000+ manufacturing units and fabric suppliers, enabling seamless vertical integration from raw material to finished product at competitive costs.",readymade-garments-ludhiana
Punjab,Malerkotla,Metal Casting,No,1500000,8000000,45-58%,10-16 months,8,"Malerkotla has 400+ metal casting foundries concentrated in and around the town, with direct access to raw material suppliers and established buyer networks in automotive and industrial sectors. The district sits 220km from Delhi and 150km from Chandigarh, offering proximity to Tier-1 demand centers. Skilled artisan labor and three decades of industry experience make setup and scaling faster than greenfield locations.",metal-casting-malerkotla
Punjab,Mansa,Cotton Yarn,No,2500000,8500000,45-60%,12-18 months,6,"Mansa sits in Punjab's cotton belt with direct access to raw cotton supplies from nearby agricultural zones. The district has established spinning mills with advanced technology and a workforce trained in yarn production. Proximity to domestic fabric mills in Punjab and Gujarat, plus direct access to the Indian textile supply chain, makes it a natural location for yarn manufacturing.",cotton-yarn-mansa
Punjab,Moga,Agriculture Implements,No,1500000,5000000,45-60%,12-18 months,,Moga has established a strong ecosystem of skilled metalworkers and blacksmiths with generations of experience in agriculture implement manufacturing. The district's proximity to agricultural heartland of Punjab ensures consistent demand and deep understanding of farmer needs. Strong supplier networks for raw materials and existing manufacturing infrastructure make it ideal for scaling agricultural equipment production.,agriculture-implements-moga
Punjab,Pathankot,Litchi,No,500000,2500000,50-65%,18-24 months,8,"Pathankot's subtropical climate, low-altitude terrain, and soil composition create ideal conditions for litchi cultivation with natural pest resistance. The Litchi Zone Sujanpur cluster concentrates 2,200 hectares of production — 56% of Punjab's total — enabling supplier density and knowledge transfer. Proximity to Amritsar airport (90 km) and NH pathways to Delhi-NCR, Mumbai, and London buyers makes export logistics viable.",litchi-pathankot
Punjab,Patiala,Phulkari,No,150000,800000,60-75%,10-16 months,,"Patiala has a 500+ year heritage of Phulkari embroidery with established artisan communities, abundant skilled labor, and deep cultural roots in this craft. The district's proximity to raw material suppliers and existing embroidery clusters in Patiala city and Nabha town create natural competitive advantages. Strong GI protection and government support for handloom development make it an ideal hub.",phulkari-patiala
Punjab,Rupnagar,Maize,No,250000,2500000,45-60%,12-18 months,,"Rupnagar's alluvial soil, moderate rainfall, and proximity to Delhi make it a prime maize-growing region. The district benefits from well-developed irrigation infrastructure via the Sutlej River, supporting year-round cultivation. Established agro-industrial cluster and proximity to major consumer markets in NCR ensure consistent demand.",maize-rupnagar
Punjab,Sahibzada Ajit Singh Nagar/Mohali,Engineering Goods,No,500000,5000000,35-50%,10-16 months,9,"Sahibzada Ajit Singh Nagar is located 25km from Chandigarh with direct access to National Highways 3 and 5, connecting to Delhi, Mumbai, and major ports. The district houses 2,500+ registered MSME units in engineering goods manufacturing with proximity to steel mills, foundries, and precision tooling suppliers across adjoining Punjab districts. Buyers include automotive OEMs, electronics manufacturers, infrastructure companies, and export houses — all within 200km radius.",engineering-goods-sahibzada-ajit-singh-nagarmohali
Punjab,Sangrur,Vegetable Oil,No,8500000,35000000,40-55%,12-18 months,,"Sangrur has a 50+ year legacy of oil milling with established infrastructure, skilled labor, and proximity to major oilseed-growing regions. The district hosts over 150 registered oil mills with access to quality mustard and sunflower seeds from local and neighboring regions, making it the natural production hub for vegetable oils in Punjab.",vegetable-oil-sangrur
Punjab,Shahid Bhagat Singh Nagar (Nawanshahar),Jaggery,No,150000,500000,50-65%,6-10 months,,"Shahid Bhagat Singh Nagar has a strong sugarcane cultivation base with ideal climatic conditions for quality jaggery production. The district has established artisan networks and traditional knowledge systems passed through generations, making it naturally suited for authentic jaggery manufacturing.",jaggery-shahid-bhagat-singh-nagar-nawanshahar
Punjab,Sri Muktsar Sahib,Agriculture Implements,No,1500000,5000000,50-65%,10-16 months,7,"Sri Muktsar Sahib has 2,25,430 hectares under cultivation with wheat covering 200,000 ha and paddy 112,500 ha, creating direct demand from 233 villages and 4 blocks. The district's cropping intensity of 202% and canal irrigation covering 88.4% of area ensures year-round farmer engagement with mechanised farming. Malout and Muktsar towns host the established Gill Agricultural Implements cluster with existing supply chains, skilled labour, and proven buyers.",agriculture-implements-sri-muktsar-sahib
Punjab,Tarn Taran,Basmati (Rice),No,350000,2500000,45-60%,10-16 months,8,Tarn Taran sits in Punjab's canal-irrigated Sutlej-Beas region with ideal soil and water conditions for Basmati cultivation. The district has established milling and processing infrastructure with 9+ registered rice mills already operational. Proximity to Amritsar (30 km) and direct access to export channels through Punjabi traders makes this a zero-friction entry point for both domestic and international sales.,basmati-rice-tarn-taran
Rajasthan,Ajmer,Granite and Marble Products,No,1500000,5000000,45-60%,12-18 months,8,"Ajmer has rich granite deposits across multiple blocks with proven quality used in global construction projects. The district has established quarrying and processing infrastructure, skilled stone workers, and proximity to rail and highway networks for pan-India and international logistics. Existing exporters like Shree Veer Teja Marbles prove viability of the cluster.",granite-and-marble-products-ajmer
Rajasthan,Alwar,Automobile Parts,No,8500000,35000000,40-55%,14-20 months,7,"Alwar sits 160 km from Delhi automotive hub and 250 km from major OEM clusters. The district has substantial iron ore reserves in Ghatol and Mundawar tehsils, and a workforce trained in precision machining over 30+ years. Proximity to National Highway 8 ensures direct truck access to Maruti, Hyundai, and Bajaj assembly plants.",automobile-parts-alwar
Rajasthan,Balotra,Textile Products,No,450000,2500000,60-75%,10-16 months,,Balotra has a 200+ year heritage of textile production with skilled artisans trained in traditional block printing and tie-dye techniques. The region's proximity to cotton-producing areas and established dyeing infrastructure makes it ideal for textile manufacturing. The district's strong craft ecosystem and existing buyer networks provide immediate market access.,textile-products-balotra
Rajasthan,Banswara,Marble Products,No,750000,3500000,50-65%,10-16 months,8,"Banswara sits in the marble belt of southern Rajasthan, with direct access to high-grade limestone deposits and calcium carbonate-rich stone reserves. The district is part of a 5-cluster corridor (Makrana, Rajsamand, Kishangarh, Udaipur, Banswara) that collectively mines and processes over 4,000 active units. Proximity to Gujarat and Madhya Pradesh buyer markets, plus road links via NH27, makes it a natural hub for marble slab production and finishing.",marble-products-banswara
Rajasthan,Baran,Garlic Products,No,250000,1200000,50-65%,10-16 months,7,"Baran district sits in the fertile Malwa plateau region of southeast Rajasthan with soil composition ideal for garlic cultivation. Raw materials (garlic bulbs, packaging materials) are sourced locally or from adjacent mandis, reducing input costs. The district has established small-farm garlic clusters where 20+ farmer groups produce 400-600 tonnes annually.",garlic-products-baran
Rajasthan,Barmer,Kasheedakari,No,200000,1500000,60-75%,10-16 months,,"Barmer has a centuries-old tradition of handloom embroidery rooted in Marwari and nomadic tribal cultures. The district's artisan community possesses deep expertise in mirror work, traditional dyes, and geometric motif design. The arid landscape and cultural heritage create a unique identity for Kasheedakari that cannot be replicated elsewhere.",kasheedakari-barmer
Rajasthan,Beawar,Quartz and Feldspar Powder,No,450000,2500000,50-65%,10-16 months,7,"Beawar sits on rich deposits of quartz and feldspar minerals with established processing infrastructure and supplier networks. The district has direct access to raw materials from local quarries and established relationships with ceramic and glass manufacturers across India. Proximity to Gujarat and Rajasthan's ceramic clusters (Morbi, Bikaner) ensures steady buyer demand within 500km radius.",quartz-and-feldspar-powder-beawar
Rajasthan,Bharatpur,Agro based Products,No,250000,2500000,50-65%,10-16 months,7,"Bharatpur's fertile soil and 507,073 hectares of agricultural land make it ideal for crop production. Over 10,000 registered micro/small agro-processing units already operate here, creating a ready supplier ecosystem. Direct access to Delhi, Jaipur, and North Indian wholesale markets via NH11 and NH21.",agro-based-products-bharatpur
Rajasthan,Bhilwara,Textile Products,No,450000,2500000,50-65%,10-16 months,8,"Bhilwara is the textile epicenter of Rajasthan with 400+ manufacturing units, 16 spinning mills, and 440 weaving clusters concentrated in the Mewar region. Raw materials (polyester, viscose, cotton, wool, modal, elastane) are sourced regionally and from major ports. Buyer markets span domestic retail chains, international denim brands, and export markets across 60+ countries.",textile-products-bhilwara
Rajasthan,Bikaner,Bikaneri  Namkeen,No,350000,1500000,55-70%,9-16 months,8,"Bikaner sits in northwest Rajasthan with deep proximity to gram flour mills, peanut sourcing from local and Gujarat border farms, and a 100+ year old namkeen artisan base. The cluster is concentrated in old city areas and industrial zones, with established supplier networks and multiple FMCG export houses. Buyer markets include Delhi, Mumbai, and direct international shipping from port-adjacent logistics hubs.",bikaneri-namkeen-bikaner
Rajasthan,Bundi,Rice,No,450000,2500000,50-65%,12-18 months,,"Bundi district's elevated terrain, black soil composition, and monsoon-fed irrigation create ideal conditions for rice cultivation. The region's traditional water harvesting systems and cool climate at altitude produce rice with superior grain quality and extended shelf life, making it a natural hub for premium rice production in Rajasthan.",rice-bundi
Rajasthan,Chittorgarh,Granite and Marble Products,No,850000,4500000,50-65%,10-16 months,8,"Chittorgarh sits on vast granite, marble, and quartzite deposits that have made it India's premier stone processing region. Kishangarh cluster alone concentrates 400+ stone units with direct access to quarries, eliminating raw material supply bottlenecks. Proximity to Delhi-Mumbai highway and established export corridors make it ideal for both domestic and international sales.",granite-and-marble-products-chittorgarh
Rajasthan,Churu,Wood Products,No,500000,5000000,60-75%,10-16 months,,"Churu district has a centuries-old tradition of woodworking with access to high-quality timber sources including teak, rosewood, and mango wood. The region's skilled artisans have preserved traditional carving techniques passed down through generations, making it an ideal hub for authentic wooden product manufacturing. The district's proximity to timber markets in North India and established craftsmanship networks provide a competitive advantage.",wood-products-churu
Rajasthan,Dausa,Stone Product,No,500000,5000000,50-65%,12-18 months,,"Dausa has naturally abundant high-quality sandstone and limestone deposits with centuries-old stone extraction and carving tradition. The district's skilled artisans and established stone clusters make it the ideal sourcing point for architectural, decorative, and heritage stone products. Proximity to marble and granite corridors plus rail connectivity to metros provides strong logistics advantage.",stone-product-dausa
Rajasthan,Deedwana-Kuchaman,Marble & Granite Products,No,5000000,25000000,60-75%,10-18 months,,"Deedwana-Kuchaman is home to the legendary Makrana marble quarries with over 300 years of mining heritage. The region's geological formations, skilled artisans, and established supply chains make it the world's premier marble hub. Proximity to major markets and existing infrastructure reduce production barriers.",marble-granite-products-deedwana-kuchaman
Rajasthan,Deeg,Stone Based Products,No,8000000,35000000,40-55%,12-18 months,,"Deeg sits atop rich limestone and sandstone quarries, providing abundant raw material at competitive extraction costs. The district's proximity to Delhi-NCR and major highway corridors (NH-21) makes it the preferred sourcing hub for construction aggregates across North India. Established quarrying infrastructure and skilled labor reduce production barriers.",stone-based-products-deeg
Rajasthan,Dholpur,Stone based products,No,850000,5000000,50-65%,12-18 months,8,"Dholpur sits on extensive sandstone deposits with multiple color varieties (Beige, Pink, Red, Chocolate, White) extracted from nearby Sarmathura cluster. The district has 40+ years of stone extraction and processing expertise, with established artisan networks and quarry infrastructure. Major Indian monuments and premium construction projects source directly from Dholpur, ensuring consistent institutional demand.",stone-based-products-dholpur
Rajasthan,Dungarpur,Granite Products,No,5000000,25000000,50-65%,12-18 months,,"Dungarpur is naturally endowed with vast deposits of high-quality granite and marble reserves, making it one of Rajasthan's premier stone extraction regions. The district has generations of skilled artisans trained in traditional stone cutting, polishing, and design work. Proximity to major quarries combined with established supply chains to processing units makes it ideal for scaling granite tile and slab production.",granite-products-dungarpur
Rajasthan,Hanumangarh,Agro Based Products,No,500000,5000000,45-60%,12-18 months,,Hanumangarh's alluvial and fertile soils combined with favorable semi-arid climate create ideal conditions for high-yield rice and cotton cultivation. The district's irrigation infrastructure via the Sutlej River and advanced farming knowledge make it a top agricultural producer in Rajasthan.,agro-based-products-hanumangarh
Rajasthan,Jaipur,Gems & Jewellery,No,300000,2500000,50-65%,10-16 months,9,"Jaipur has 300+ years of gemstone cutting and jewellery craftsmanship with established supplier networks for precious metals, rare gemstones, and pearls sourced globally. The district has 50,000+ artisans and direct access to raw material warehouses in Jaipur city, plus buyer networks spanning Delhi, Mumbai, Europe, and Middle East. Proximity to Delhi market (5-6 hours) and international export corridors through Indira Gandhi Airport makes it ideal for scaling.",gems-jewellery-jaipur
Rajasthan,Jaisalmer,Yellow Stone Products,No,850000,2500000,50-65%,12-18 months,7,"Jaisalmer sits on extensive deposits of golden yellow limestone — the same stone used in UNESCO-listed Sonar Qila. The raw material is quarried locally at low cost, clusters of stone processors exist in town, and direct access to international buyers seeking authentic heritage stone for restoration projects in Western markets.",yellow-stone-products-jaisalmer
Rajasthan,Jalore,Granite Products,No,5000000,25000000,45-60%,12-18 months,,"Jalore sits atop vast granite deposits with naturally occurring mineral-rich formations that yield some of India's finest granite. The district has a long tradition of stone quarrying and artisanal craft, with skilled labor and established supply chains supporting large-scale production and export.",granite-products-jalore
Rajasthan,Jhalawar,Kota Stone Products,No,450000,1500000,50-65%,10-16 months,8,"Jhalawar sits on deposits of fine-grained stone ideal for precision cutting and polishing. Ricco Industrial Area concentrates 100+ stone units with established supplier networks. Proximity to Kota (25 km, major trading hub) and direct buyer access from architects, contractors, and exporters across North India.",kota-stone-products-jhalawar
Rajasthan,Jhunjhunu,Wooden Handicraft Products,No,200000,1500000,60-75%,10-16 months,,Jhunjhunu has a centuries-old tradition of woodcarving rooted in its merchant community and palace architecture. The district's access to quality timber from surrounding forests and skilled artisan clusters in towns like Khetri and Udaipurwati make it a natural hub for wooden handicrafts. Local demand from heritage conservation and tourism fuels sustained production.,wooden-handicraft-products-jhunjhunu
Rajasthan,Jodhpur,Wooden Furniture Products,No,500000,5000000,52-68%,10-18 months,,"Jodhpur has a 300+ year legacy of skilled artisans specializing in wooden furniture carving. The district's access to quality hardwood forests, established supply chains, and a large concentrated cluster of furniture craftsmen in localities like Umaid Nagar and Pal Road make it uniquely positioned. The region's cultural heritage and tourism draw from palaces and forts create consistent domestic and international demand.",wooden-furniture-products-jodhpur
Rajasthan,Karauli,Sandstone products,No,350000,2000000,60-75%,10-16 months,,"Karauli district sits atop rich deposits of high-quality red and buff sandstone, ideal for carving fine details. The region has a 5-century-old tradition of stone carving passed down through generations of artisan families, with clusters around Karauli town and Hindaun. Access to Agra and Delhi markets, combined with a skilled labor pool, makes this the natural hub for premium sandstone products.",sandstone-products-karauli
Rajasthan,Khairthal-Tijara,Automobiles Parts,No,2500000,15000000,40-55%,12-18 months,,"Khairthal-Tijara has established itself as a critical automotive cluster with proximity to Delhi-NCR industrial corridor, skilled workforce trained in precision engineering, and existing supply chain relationships with major auto manufacturers. The district's industrial infrastructure and expertise in metal fabrication make it naturally suited for high-precision automobile parts production.",automobiles-parts-khairthal-tijara
Rajasthan,Kota,Kota Doria,No,350000,1500000,60-75%,10-16 months,8,"Kaithoon village, 20 km from Kota city, is the historical heart of Kota Doria production with 1500 weavers concentrated in the cluster. Raw materials — cotton from Ahmadabad and Maharashtra, silk from Bangalore, and zari from Surat — flow in easily via road networks. Buyer markets are Delhi, Mumbai, Jaipur, and overseas (EU, US, Japan) — accessible via NH4 and direct rail connectivity.",kota-doria-kota
Rajasthan,Kotputli-Behror,Automobiles Parts,No,850000,2500000,40-55%,10-16 months,7,"Kotputli-Behror sits on National Highway 48 with direct access to the Delhi-Mumbai Industrial Corridor (DMIC), placing it 60km from Delhi's major OEM and auto component buyers and 150km from Jaipur. The district has established logistics hubs, cement manufacturing infrastructure, and small-scale auto parts units already operational. Proximity to raw material suppliers in Delhi NCR and buyer concentration in the automotive supply chain reduces transportation friction.",automobiles-parts-kotputli-behror
Rajasthan,Nagaur,Pan Meethi and Spices processing,No,350000,2500000,52-68%,10-16 months,,"Nagaur has a 500+ year legacy of spice processing and Pan Meethi manufacturing, with ideal agro-climatic conditions for growing and processing aromatic herbs and spices. The district's established artisan networks, local expertise in traditional blending techniques, and proximity to major spice-growing regions make it the natural choice for quality production and bulk supply.",pan-meethi-and-spices-processing-nagaur
Rajasthan,Pali,Textile Products,No,300000,2500000,50-65%,10-18 months,,"Pali has been a textile manufacturing hub for over 300 years with a concentration of skilled artisans in Bandhani, Leheriya, and hand-block printing techniques. The district's proximity to cotton-producing regions and established supply chains for dyes and raw materials make it uniquely positioned. Deep-rooted cultural knowledge and existing export networks provide immediate market access.",textile-products-pali
Rajasthan,Phalodi,Sonamukhi Products,No,350000,2500000,60-75%,10-18 months,,"Phalodi's arid climate and soil composition are ideally suited for Sonamukhi cultivation, producing plants with superior alkaloid content. The district has a century-long tradition of Senna farming and established networks of traditional Ayurvedic practitioners. Local farmers' knowledge combined with minimal water requirements make it India's most cost-efficient production center.",sonamukhi-products-phalodi
Rajasthan,Pratapgarh,Thewa Jewellery,No,200000,750000,60-75%,10-16 months,8,"Pratapgarh is home to approximately two dozen artisan families specializing in Thewa, a technique originating from Devlia State 400 years ago. Raw materials — 24-karat gold sheets, colored glass (deep red, emerald green, royal blue), and silver wire — are locally sourced or procured through established Rajasthan supply chains. Proximity to Rajasthan's gold trading hub at Jaipur (180 km) and direct export channels to Japan, Singapore, America, England, and Europe make this location strategically positioned for both domestic and international sales.",thewa-jewellery-pratapgarh
Rajasthan,Rajsamand,Granite and Marble Products,No,500000,5000000,50-65%,10-18 months,8,"Rajsamand sits on vast limestone and calcium carbonate deposits with over 4,000 active mining units concentrated in 5 major clusters. The region's proximity to raw material sources, 30+ years of stone processing expertise, and established buyer networks across India and 50+ export markets create strong margins and repeat business opportunities. Makrana white marble (world-famous), Kishangarh commercial hub, and Rajsamand grey-white varieties serve residential, commercial, and temple construction buyers across India and Asia-Europe.",granite-and-marble-products-rajsamand
Rajasthan,Salumber,Quartz,No,5000000,50000000,40-55%,12-18 months,,"Salumber is strategically located in southern Rajasthan with abundant quartz-rich mineral deposits in its geological formations. The district has decades of mining expertise, established supply chains to major stone processors in Kishangarh and Jaipur, and proximity to National Highway 76 enabling cost-effective logistics to ports and manufacturing hubs.",quartz-salumber
Rajasthan,Sawai Madhopur,Marble Products,No,125000,550000,60-75%,10-16 months,6,"Sawai Madhopur sits 150 km south of Jaipur with direct access to fine clay from the Banas River and proximity to Ranthambhore National Park — a 6-hour driver's circuit for high-spend Indian and international tourists. The cluster has 120+ registered pottery artisans concentrated in the town's craft zone, with raw material costs 30% lower than competing clusters in Rajasthan.",marble-products-sawai-madhopur
Rajasthan,Sikar,Wooden Furniture Products,No,250000,1500000,52-65%,10-16 months,8,"Sikar lies in the wood-working corridor of Rajasthan with direct access to raw timber suppliers across Jaipur and Sawai Madhopur districts. The district has an established base of 800+ furniture artisans concentrated in Sikar city and Neem Ka Thana, with trained labor ready for production. Major metropolitan markets (Delhi, Mumbai, Bangalore) are within 600-900km and accessible via NH-11 and NH-52 for wholesale and export logistics.",wooden-furniture-products-sikar
Rajasthan,Sirohi,Marble Products,No,250000,1500000,52-68%,10-16 months,7,"Sirohi sits at the edge of the Aravallis with direct access to high-quality limestone reserves and marble quarries. The district has an established artisan base of 2000+ skilled marble carvers trained in traditional and modern techniques. Proximity to Delhi, Mumbai, and Jaipur markets, plus existing export corridors to Southeast Asia and Middle East, gives competitive logistics advantage.",marble-products-sirohi
Rajasthan,Sri Ganganagar,Mustard Oil,No,500000,3000000,50-65%,10-16 months,,"Sri Ganganagar's fertile black soil and semi-arid climate create ideal conditions for high-yield mustard cultivation, producing seeds with superior oil content (38-42%). The district has 200+ operational oil mills with established supply chains, skilled labor, and existing market infrastructure spanning North India and export corridors.",mustard-oil-sri-ganganagar
Rajasthan,Tonk,Stale stone tiles,No,8000000,25000000,50-65%,10-16 months,,"Tonk district sits on rich slate deposits with centuries of mining and quarrying tradition. The region's skilled craftsmen, established supply chains, and proximity to major construction markets in Delhi-NCR and Gujarat make it ideal for slate tile production at scale. Local expertise in stone finishing and export channels are already operational.",stale-stone-tiles-tonk
Rajasthan,Udaipur,Marble and Granite products,No,300000,2500000,50-65%,10-18 months,8,"Udaipur sits in the heart of Rajasthan's marble and granite belt with direct access to Makrana marble quarries and multiple stone sources in nearby districts. The district has a 500+ year tradition of stone carving, with thousands of skilled artisans concentrated in Udaipur city and surrounding areas. European, Middle Eastern, and domestic construction companies source directly from this cluster, making it a buyer-ready location.",marble-and-granite-products-udaipur
Sikkim,East Sikkim (Gangtok),Tourism,No,250000,5000000,60-75%,6-10 months,8,"East Sikkim generates 65-70% of state's tourism revenue through Gangtok's 7,000+ registered hotels and homestays, positioned on the Darjeeling-Bhutan-Nepal tourist triangle. The district receives year-round footfall (peak: April-May, September-October) with zero seasonal dip in winter due to skiing at Kanyam and Nathula Pass trekking. Raw material sourcing for tourism (handicrafts, local food, guide services) is hyperlocal — 40,000+ artisans in Gangtok and surrounding towns.",tourism-east-sikkim-gangtok
Sikkim,North Sikkim (Mangan),Buck Wheat,No,350000,1500000,60-75%,10-16 months,,"North Sikkim's high altitude (1,500-3,500m), cool monsoon climate, and nutrient-rich volcanic soil create ideal growing conditions for buckwheat. The district's organic farming practices and minimal pesticide use align perfectly with premium health food positioning. Local farmer cooperatives and government support make scaling sustainable.",buck-wheat-north-sikkim-mangan
Sikkim,Pakyong,Floriculture,No,500000,5000000,50-65%,12-18 months,,"Pakyong's altitude (1,650-2,200m), cool temperate climate, and well-developed nursery infrastructure make it ideal for high-value floriculture. The region has established supply chains, technical expertise, and proximity to Pakyong Airport enables direct export of perishable flowers to domestic and international markets.",floriculture-pakyong
Sikkim,Soreng,Sikkim Large Cardamom,No,250000,1500000,60-75%,10-16 months,8,"Soreng district (293.22 sq km, 64,760 population) sits in West Sikkim's cardamom belt where large cardamom thrives under natural forest shade at 900-2000m altitude. Raw material is abundant—Lepchas have harvested from natural forests for centuries, and the district's entire agro-economy depends on this single crop. Buyers span domestic spice traders in Delhi, Mumbai, Bangalore and direct export to UK, US, Germany, and Gulf markets.",sikkim-large-cardamom-soreng
Sikkim,South Sikkim (Namchi),Tea,No,850000,2500000,60-75%,12-18 months,,"Namchi's elevation of 1,700-2,200 meters, cool climate, and volcanic soil create ideal conditions for premium tea cultivation. The region's organic farming tradition and minimal use of pesticides produce tea with distinctive flavor profiles valued in specialty markets. Strong local farming community and government support for tea cultivation make it an established tea-growing hub.",tea-south-sikkim-namchi
Sikkim,West Sikkim (Geyzing),Tourism,No,500000,2500000,60-75%,10-16 months,7,"West Sikkim is positioned at 6,500 feet altitude with direct access to trekking routes like Dafeybhir Pass, Barsey Rhododendron Sanctuary (10,000 ft), and Sidkeong Tulku Bird Park. The district sits between Pelling (10 km away) and the Nepal border, creating a natural tourism funnel. Government-backed infrastructure including the bird park (established 2015) and monastery tourism network supports organized visitor flows.",tourism-west-sikkim-geyzing
Tamil Nadu,Ariyalur,Cashew Processing,No,500000,5000000,60-72%,10-16 months,,Ariyalur has a concentrated cashew processing industry with skilled labor trained in shell removal and kernel extraction. The district's proximity to major cashew procurement centers and established supply chains from Andhra Pradesh and Kerala makes it ideal. Local artisans have perfected moisture control and roasting techniques suited to tropical climate conditions.,cashew-processing-ariyalur
Tamil Nadu,Chengalpattu,Automobile products,No,2500000,15000000,40-55%,12-18 months,,"Chengalpattu has established automotive cluster with access to quality skilled workforce, proximity to major OEM suppliers in Chennai region, and established supply chain networks. The district benefits from proximity to ports and highways, enabling competitive manufacturing costs and export viability. Local expertise in precision engineering and metalworking makes it ideal for automobile component production.",automobile-products-chengalpattu
Tamil Nadu,Chennai,Engineering and Auto components,No,8500000,25000000,45-60%,14-22 months,9,"Chennai hosts over 1.5 million direct employees in auto manufacturing with unmatched proximity to global OEM plants (Hyundai, Renault-Nissan, Ford, TVS, Ashok Leyland). The city has 40+ years of supply chain maturity and direct access to raw material suppliers, making component sourcing 15-20% cheaper than other Indian hubs. Port-based export infrastructure provides direct shipping to US, EU, and Asian buyers.",engineering-and-auto-components-chennai
Tamil Nadu,Coimbatore,Motor Pumps,No,850000,3500000,45-60%,10-16 months,7,"Coimbatore sits in Tamil Nadu's industrialised manufacturing belt with established supply chains for copper, stainless steel, and casting iron. The Arasur cluster houses decades of motor pump expertise and existing production infrastructure. Proximity to agricultural Tamil Nadu and South Indian markets ensures steady domestic demand for 3-5 hp agricultural pumps and 0.5-3 hp domestic units.",motor-pumps-coimbatore
Tamil Nadu,Cuddalore,Cashew Nuts,No,500000,5000000,60-75%,10-16 months,,"Cuddalore district benefits from ideal tropical climate with 140+ cm annual rainfall, well-drained laterite soil, and 200+ years of cashew cultivation heritage. The district's proximity to Pondicherry and Chennai creates strong logistics and market connectivity for export-ready cashew processing.",cashew-nuts-cuddalore
Tamil Nadu,Dharmapuri,Ready Made Garments,No,500000,3000000,50-65%,10-16 months,,Dharmapuri has a strong textile heritage with skilled artisans trained in traditional weaving and embroidery techniques. The region's proximity to major cloth markets in Tamil Nadu and established supply chains for raw materials make it ideal for RMG manufacturing. The local labor force is experienced in garment production with competitive wage structures.,ready-made-garments-dharmapuri
Tamil Nadu,Dharampuri,Auto Components,No,1500000,8000000,45-60%,10-16 months,8,"Dharmapuri sits on the peninsular plateau with access to steel and casting suppliers from nearby industrial areas. The district has 70% MSME participation in the auto component ecosystem with proximity to major OEM plants in Tamil Nadu. Raw materials like steel, casting, and electronics are sourced locally or from established supply chains within 200 km.",auto-components-dharampuri
Tamil Nadu,Dindigul,Coir Pith Blocks,No,350000,1200000,50-65%,9-16 months,7,"Dindigul lies in Tamil Nadu's coconut belt with abundant coconut husk availability from processing industries. The Dindigul Coir Consortium operates a 200-unit cluster across 20-25 km radius spanning Dindigul, Natham, and Batlagundu blocks, creating a deep supply chain ecosystem. Buyers from Kerala, Karnataka, and international markets are within 300-500 km reach.",coir-pith-blocks-dindigul
Tamil Nadu,Erode,Handloom and Powerloom products,No,250000,5000000,50-65%,10-16 months,8,"Erode is the textile capital of South India with 22 identified handloom clusters and unmatched concentration of looms. Raw materials like silk yarn and Mulberry are sourced locally, reducing supply chain friction. Proximity to cotton-producing regions in Tamil Nadu and established buyer networks in metropolitan areas make it ideal for both wholesale and export.",handloom-and-powerloom-products-erode
Tamil Nadu,Kallakurichi,Food products - Rice,No,350000,2500000,45-65%,10-16 months,8,"Kallakurichi district has fertile alluvial soil and a monsoon-influenced climate ideal for rice cultivation across its 7 taluks. The region benefits from proximity to major rice markets in Chennai and Bangalore, and produces multiple rice varieties demanded by domestic and international buyers. Raw material is locally sourced within 20-30 km, keeping procurement costs low.",food-products---rice-kallakurichi
Tamil Nadu,Kancheepuram,Textiles and Garments,No,300000,2500000,60-75%,12-18 months,,"Kancheepuram has a 500+ year heritage of silk weaving with 10,000+ active looms, deeply embedded artisan communities, and established supply chains for raw silk from Karnataka. The district's cultural significance and existing infrastructure make it the natural epicenter for Indian textile innovation and export.",textiles-and-garments-kancheepuram
Tamil Nadu,Kanyakumari,Cashew,No,500000,5000000,50-65%,10-16 months,,"Kanyakumari's tropical climate with optimal temperature (20-30°C) and monsoon patterns create ideal growing conditions for high-quality cashew cultivation. The district has 80+ years of cashew farming heritage with established supply chains, skilled workforce, and proximity to major ports (Cochin, Tuticorin) for export. Local cooperative societies and processing units provide ready infrastructure for scaling cashew business operations.",cashew-kanyakumari
Tamil Nadu,Karur,Textiles - Home Made Ups,No,500000,2500000,60-75%,10-16 months,,"Karur has a 400-year legacy of textile weaving with established supply chains, skilled artisan communities, and proximity to cotton-producing regions. The district's reputation for quality home textiles, combined with existing infrastructure and cooperative societies, makes it ideal for scaling home furnishing businesses.",textiles---home-made-ups-karur
Tamil Nadu,Krishnagiri,Mango Processing,No,320000,1200000,58-72%,10-16 months,7,Krishnagiri sits in the fruit belt of Tamil Nadu with year-round mango availability from Totapuri and other varieties. Raw materials are grown within 50km radius in Ramnagar and Pallakad clusters. Proximity to Bangalore and Chennai markets (70km and 130km respectively) enables fast logistics for processed products.,mango-processing-krishnagiri
Tamil Nadu,Madurai,Ready Made Garments,No,350000,2500000,50-65%,10-16 months,8,"Madurai district sits in South Tamil Nadu with 3710 sq.km area and direct access to major raw material markets (Tiruppur textiles 150km away). The district has an established garment manufacturing cluster with 800+ registered units and direct connectivity to UAE, UK, Germany export markets. Border proximity to Theni, Virudhunagar enables integrated supply chain from spinning to finished garment.",ready-made-garments-madurai
Tamil Nadu,Mayiladuthurai,Rice,No,500000,5000000,50-65%,12-18 months,,"Mayiladuthurai's fertile Cauvery delta plains, abundant water resources, and centuries-old rice cultivation expertise make it ideal for premium rice production. The region's climate, soil composition, and traditional farming knowledge ensure consistent yield of high-quality aromatic and non-aromatic rice varieties.",rice-mayiladuthurai
Tamil Nadu,Nagapattinam,Marine food,No,850000,5000000,50-65%,6-10 months,,"Nagapattinam's strategic location on the Coromandel Coast with direct access to the Bay of Bengal provides consistent, high-quality seafood sourcing. The district has established fishing infrastructure, skilled artisanal fishermen, and decades of marine export experience. Cool climate and proximity to major ports make it ideal for processing, cold-storage, and rapid export of perishable marine products.",marine-food-nagapattinam
Tamil Nadu,Namakkal,Poultry feed and products,No,350000,2000000,35-50%,12-18 months,8,"Namakkal sits in the heart of Tamil Nadu's poultry corridor with direct access to maize and soya raw materials from local suppliers. The district hosts over 1,000 operational poultry farms concentrated in Namakkal zone, creating both competition and ecosystem depth. Export infrastructure is established with regular shipments to 7 Gulf countries plus Sri Lanka.",poultry-feed-and-products-namakkal
Tamil Nadu,Nilgiris,Nilgiri Tea (Orthodox),No,350000,2500000,50-65%,12-18 months,8,"Nilgiris sits at the tri-junction of Tamil Nadu, Kerala, and Karnataka in the Western Ghats at 1,000-2,500m altitude — ideal for high-quality Camellia sinensis var. sinensis tea. Established tea plantations (since 1859) and organized artisan networks ensure steady raw material supply and institutional buyer access. Proximity to Cochin port (120km) and metros like Bengaluru, Chennai enables direct export and domestic wholesale channels.",nilgiri-tea-orthodox-nilgiris
Tamil Nadu,Perambalur,Handicraft Products,No,150000,800000,60-75%,10-18 months,,"Perambalur has a strong legacy of skilled artisans trained in traditional weaving, pottery, and woodcarving passed down through generations. The district's access to locally sourced raw materials—clay, wood, and natural fibers—provides cost advantages and sustainability. The cultural heritage and existing artisan clusters make it ideal for scaling traditional handicraft production while preserving authenticity.",handicraft-products-perambalur
Tamil Nadu,Pudukkottai,Engineering Products,No,5000000,25000000,40-55%,12-18 months,,"Pudukkottai has a well-established engineering ecosystem with multiple MSME clusters, skilled technical workforce trained in precision manufacturing, and proximity to major automotive and defense procurement centers in Chennai. The district benefits from existing industrial infrastructure, vendor networks, and a culture of manufacturing excellence spanning over three decades.",engineering-products-pudukkottai
Tamil Nadu,Ramnad (Ramanathapuram),Marine Foods,No,750000,5000000,50-65%,10-16 months,,"Ramanathapuram's 200+ km coastline and strategic location on the Bay of Bengal make it ideal for marine food production. The district has established cold chain infrastructure, direct access to fishing grounds, and a skilled workforce with generations of marine processing expertise. Proximity to major ports like Vizhinjam and established seafood export routes provide natural competitive advantage.",marine-foods-ramnad-ramanathapuram
Tamil Nadu,Ranipet,Leather Products,No,500000,3500000,52-65%,10-16 months,9,"Ranipet sits at the intersection of leather supply chains — livestock rearing in surrounding rural areas feeds raw material directly into processing units. MLFAC cluster on 447.21 acres houses 500+ tanneries and manufacturers, with direct port access via Chennai port (90km away). Skilled artisan base of 2.5 million workers trained across 60+ years of leather tradition.",leather-products-ranipet
Tamil Nadu,Salem,Silver Jewellery,No,250000,2500000,60-75%,10-16 months,,"Salem has a 400+ year heritage of silver jewelry making with a concentrated cluster of over 15,000 skilled artisans in the Old Town area. The district's proximity to major trade routes and established supply chains for pure silver, combined with generational expertise passed down through families, makes it uniquely positioned for high-quality, scalable silver jewelry production.",silver-jewellery-salem
Tamil Nadu,Sivagangai,Coir Products,No,250000,1500000,50-65%,10-16 months,8,"Sivagangai sits in Tamil Nadu's coconut belt with direct access to raw coconut husks. The district houses established coir manufacturing clusters with semi-skilled artisans trained in fiber extraction, twisting, and mat-weaving. Proximity to major ports (Thoothukudi 140 km, Chennai 240 km) makes export logistics efficient and cost-effective.",coir-products-sivagangai
Tamil Nadu,Tenkasi,Coir pith block,No,350000,1500000,50-65%,10-16 months,,"Tenkasi is surrounded by extensive coconut plantations providing abundant raw material, established coir processing infrastructure, and traditional expertise in coconut-based products. The region's agricultural economy and proximity to horticultural markets in South India position it uniquely for coir pith block production and export.",coir-pith-block-tenkasi
Tamil Nadu,Thanjavur,Coconut,No,250000,1200000,50-65%,9-16 months,8,"Thanjavur has 4.44 lakh hectares under coconut farming across Tamil Nadu (largest state concentration). The region's alluvial soil, irrigation infrastructure (Cauvery delta), and established agri-business ecosystem make raw material procurement frictionless. Two active clusters (Pollachi, Thanjavur) with 4 agri-business centers provide processing, training, and buyer networks.",coconut-thanjavur
Tamil Nadu,Theni,Textile Made ups,No,200000,1500000,50-65%,10-16 months,7,"Theni sits in the Western Ghats foothills with direct access to cotton and silk raw materials from Tamil Nadu's agricultural belt. The district has an established weaver base and artisan clusters with 50+ years of textile production history. Proximity to major Indian ports (Tuticorin 180km, Chennai 300km) and established export supply chains to UAE, UK, Germany, and Japan make it a ready export hub.",textile-made-ups-theni
Tamil Nadu,Thiruvallur,Engineering and Auto components,No,8000000,35000000,40-50%,12-18 months,9,"Thiruvallur is 30km north of Chennai with established supply chain infrastructure, proximity to major automotive assembly plants, and 40+ years of engineering manufacturing expertise. The district has access to skilled workforce trained in precision engineering and hosts multiple Tier-1 and Tier-2 suppliers already exporting globally.",engineering-and-auto-components-thiruvallur
Tamil Nadu,Thiruvarur,Agricultural Products,No,500000,5000000,50-65%,10-16 months,,"Thiruvarur's fertile river delta soil, abundant irrigation from Cauvery waters, and centuries-old farming tradition create ideal conditions for high-quality rice, vegetables, and spice cultivation. The district's cooperative farming networks and established cold chain infrastructure make it the fastest-growing agricultural export hub in South India.",agricultural-products-thiruvarur
Tamil Nadu,Tiruchi (Thiruchirappalli),Engineering Products,No,5000000,25000000,40-60%,12-18 months,,"Tiruchi has a 60+ year legacy in precision engineering with established clusters in Lalgudi, Thiruverumbur, and Srirangam. The district hosts over 2,500+ registered manufacturing units and has access to skilled workforce trained in CNC, machining, and automotive component production. Proximity to Chennai's industrial network and port connectivity enhances export viability.",engineering-products-tiruchi-thiruchirappalli
Tamil Nadu,Tirunelveli,Readymade Garments,No,300000,2500000,60-75%,9-16 months,,"Tirunelveli has a 200+ year legacy of textile excellence with established supply chains for fabrics, embellishments, and dyes. The district hosts over 5,000 small and medium garment units with skilled workforce trained in both traditional embroidery and modern manufacturing. Proximity to Madurai and Nagercoil textile clusters ensures raw material availability and buyer networks.",readymade-garments-tirunelveli
Tamil Nadu,Tirupathur,Leather products,No,250000,1500000,50-65%,10-16 months,8,"Tirupathur benefits from India's 20% share of global cattle and buffalo population, providing abundant raw hides. The district has established artisan clusters with skilled leather craftspeople trained in traditional finishing techniques. Proximity to major tanneries in Vellore (30km) and Chennai leather market (150km) ensures consistent raw material supply and buyer access.",leather-products-tirupathur
Tamil Nadu,Tiruppur,Hosiery Garments,No,250000,5000000,50-65%,10-16 months,9,"Tiruppur is home to the Tiruppur Exporters' Association, India's leading readymade/knitwear cluster with 40+ years of manufacturing expertise. Raw cotton flows directly from neighboring districts, and the cluster has 8,000+ registered hosiery units with established supply chains to 140+ countries. Proximity to Chennai port (140 km) and export-ready infrastructure make this the fastest route to international markets.",hosiery-garments-tiruppur
Tamil Nadu,Tiruvannamalai,Edible Oil,No,500000,5000000,50-65%,10-18 months,,"Tiruvannamalai has ideal agro-climatic conditions for oilseed cultivation (groundnut, coconut, sesame) with fertile black soil regions. The district has a long-established tradition of cold-pressed oil extraction using manual and semi-mechanical methods, creating a strong artisan base and supply chain. The cool climate and water availability in surrounding areas support consistent oil crop yields throughout the year.",edible-oil-tiruvannamalai
Tamil Nadu,Tuticorin (Thoothukudi),Marine Foods,No,350000,1500000,45-60%,10-16 months,7,"Tuticorin's geography — coastal access to the Bay of Bengal with salt pan infrastructure, proximity to major fisheries — enables year-round raw material sourcing. The district houses 23 wholesale mandis and committees managing salt and marine trade with direct access to southern state distribution networks and export channels. Established production units like KSPS (1 lakh MT/annum capacity) and S.K.S.C. Nadarajan Bros (25,000 MT/annum since 2012, ISO 9001 certified) demonstrate mature manufacturing ecosystem.",marine-foods-tuticorin-thoothukudi
Tamil Nadu,Vellore,Leather Products,No,250000,1500000,50-65%,9-16 months,8,"Vellore sits at the convergence of tannery clusters and finished leather goods production units across Ranipet and surrounding towns. Raw hides arrive from meat processing industries across Tamil Nadu and Andhra Pradesh. The cluster hosts 500+ leather units with established supply chains to major fashion buyers in Bangalore, Chennai, and direct exporters.",leather-products-vellore
Tamil Nadu,Villupuram,Rice,No,350000,2500000,45-60%,10-18 months,7,"Villupuram sits in the agricultural heartland of Tamil Nadu with fertile black soil and river-fed irrigation supporting large-scale rice cultivation. The district has 10+ established rice mills and exporting companies (Sanjay Exports, Tamizhan Export, Soundar Exports, Suman International Exports) already operational since 2003-2021, providing supplier networks and buyer ecosystems. Direct proximity to Chennai (140 km) and access to major highways NH48 and NH66 make it ideal for bulk procurement, milling, packaging, and export logistics.",rice-villupuram
Tamil Nadu,Virudhunagar,Gauze Cloth,No,200000,1500000,45-60%,12-18 months,8,"Virudhunagar sits at the center of Tamil Nadu's cotton belt with direct access to raw cotton from Madurai and Dindigul districts. The Chatrapatti surgical gauze cluster has 400 MSME units with 15,000 skilled workers trained over decades in precision weaving and sterilization. Proximity to Chennai port (250km), Indian hospitals, and Southeast Asian medical suppliers creates a ready buyer network.",gauze-cloth-virudhunagar
Telangana,Adilabad,Cotton Bales,No,250000,1500000,35-50%,10-16 months,8,"Adilabad sits in the Deccan Plateau with climate and soils optimally suited for Bt-cotton cultivation. The district produces raw cotton on 2.92 lakh hectares (61.73% of gross cropped area), creating a steady supply of premium-grade cotton fibers. Textile mills across Maharashtra, Gujarat, and Tamil Nadu rely on Adilabad's cotton; export pathways through Chennai and Mumbai ports are established.",cotton-bales-adilabad
Telangana,Bhadradri Kothagudem,Chillies,No,500000,5000000,50-65%,10-16 months,,"The district's black soil, semi-arid climate with 600-800mm annual rainfall, and fertile plains of the Godavari river create ideal conditions for growing high-capsaicin chillies. Local farming expertise spanning 50+ years and proximity to major spice trade hubs in Telangana make it naturally suited for large-scale chilli cultivation and export.",chillies-bhadradri-kothagudem
Telangana,Hyderabad,Studded gold jewllery,No,500000,5000000,60-75%,10-18 months,,"Hyderabad has a 400-year-old jewellery-making tradition rooted in the Nizam's court, with established artisan clusters in Laad Bazaar and Charminar. The city has access to world-class diamond polishing units, gemstone suppliers, and skilled craftsmen trained in intricate studded work. Its proximity to major financial hubs and international markets makes it ideal for scaling studded jewellery exports.",studded-gold-jewllery-hyderabad
Telangana,Jagtial,Mango,No,200000,1500000,45-60%,10-16 months,8,"Jagtial has 17,700 hectares of mango groves across 18 mandals producing 1,24,900 tonnes annually. The Chalgal Agricultural Market Committee (AMC) is the primary trading hub, connecting growers to wholesale buyers across northern India. Raw material is abundant, locally cultivated, and branded nationally as 'Jagtial mango – Telangana' since 2017.",mango-jagtial
Telangana,Jangaon,Brass Artifacts,No,200000,1500000,60-75%,10-16 months,,Jangaon has a centuries-old tradition of brass work passed down through generations of master artisans. The district's proximity to metal supply hubs and established craft clusters make it the natural center for brass artifact production in Telangana. Local skilled craftsmen possess deep knowledge of traditional techniques combined with contemporary design aesthetics.,brass-artifacts-jangaon
Telangana,Jayashanker Bhupalpally,Chillies,No,250000,2500000,50-65%,10-16 months,,"The district's rich black soil combined with semi-arid climate and seasonal monsoon patterns create ideal conditions for high-pungency chilli cultivation. The region has over three decades of chilli farming expertise, with established supply chains to national spice markets. Local farming communities have perfected cultivation techniques suited to the region's temperature variations and rainfall patterns.",chillies-jayashanker-bhupalpally
Telangana,Jogulamba Gadwal,Nuts - Groundnut,No,500000,2500000,50-65%,12-18 months,,Jogulamba Gadwal's black soil and semi-arid climate provide ideal growing conditions for groundnut cultivation. The district has a strong agrarian tradition with favorable rainfall patterns (600-700mm) and temperature ranges (20-35°C) that produce nuts with exceptional flavor profile and 50%+ oil content.,nuts---groundnut-jogulamba-gadwal
Telangana,Kamareddy,Soyabean,No,500000,2500000,45-60%,12-18 months,,"Kamareddy's black soil and semi-arid climate are perfectly suited for soybean cultivation, with established farming networks and cooperative structures. The district has over 40,000 hectares under soybean production with yields consistently exceeding state averages, making it India's leading soybean hub.",soyabean-kamareddy
Telangana,Karimnagar,Granites,No,1500000,5000000,45-60%,12-18 months,7,"Karimnagar sits on abundant granite reserves with geological formations ideal for quarrying and processing. The district has 70 active quarries and 200 polishing units concentrated in clusters, backed by decades of craftsman expertise. Proximity to export gateways and established buyer networks with Chinese importers creates ready market access.",granites-karimnagar
Telangana,Karimnager,Silverfiligree,No,150000,500000,60-75%,10-16 months,,"Karimnagar has a 400-year-old tradition of silver filigree work with skilled hereditary artisans concentrated in clusters around the old city. The district's access to quality silver suppliers, established export networks, and UNESCO recognition make it the epicenter of this craft in India. Government support through DC Handicraft ministry ensures continued skill transmission and market linkages.",silverfiligree-karimnager
Telangana,Khammam,Chillies,No,250000,1500000,50-65%,10-16 months,7,"Khammam's black soil and semi-arid climate are ideal for chilli cultivation. The district sits between Telangana's agricultural heartland and major spice markets in Maharashtra and Karnataka, reducing transport costs. Raw materials (seeds, fertilizers) are available through local APMC markets and cooperative societies.",chillies-khammam
Telangana,Kumaram Bheem Asifabad,Millets,No,500000,5000000,50-65%,10-16 months,,"Kumaram Bheem Asifabad has ideal agro-climatic conditions with black soil and 700-900mm rainfall perfectly suited for millet cultivation. The district's farming community has generations of millet-growing expertise, and government initiatives are actively promoting millet adoption as a nutritional security crop.",millets-kumaram-bheem-asifabad
Telangana,Mahabubnager,Mango (Banaganapalle),No,350000,1200000,50-65%,10-16 months,8,"Mahabubnagar is part of the Rayalaseema region's mango belt spanning Telangana and Andhra Pradesh, with established supply chains in Khammam, Rangareddy, Medak, and Adilabad districts. The cluster has 7.68 lakh farming families generating ₹1,461 crore annual turnover with proven export infrastructure. Raw material proximity, established trader networks, and cold-storage facilities supporting 3-month shelf life make this district ideal for mango-based food processing and export.",mango-banaganapalle-mahabubnager
Telangana,Mancherial,Mango,No,250000,2500000,45-60%,10-16 months,8,"Mancherial's agro-climatic conditions—deep black soil and semi-arid tropical weather—make it ideal for mango cultivation. Six established clusters (Nennal, Jaipur, Bheemaram, Bellampalli, Thandur, Mandamarri) with 1,000 active farmers provide consistent raw material supply. The district is 230 km from Hyderabad and 400 km from Nagpur, giving direct market access to institutional buyers in Maharashtra and AP.",mango-mancherial
Telangana,Medak,Tomato processed products,No,500000,3500000,58-72%,10-16 months,,Medak's agrarian economy centers on tomato cultivation with optimal soil pH and climate conditions supporting year-round harvests. The district's abundant supply chain infrastructure and proximity to major food processing hubs like Hyderabad enable efficient transformation of raw tomatoes into value-added products. Established farmer networks and cooperative societies provide stable raw material sourcing at competitive costs.,tomato-processed-products-medak
Telangana,Medchal-Malkajgiri,Pharmaceuticals & Biotech Products,No,5000000,50000000,60-75%,12-18 months,,"Medchal-Malkajgiri hosts multiple pharmaceutical Special Economic Zones (SEZs) and industrial clusters with established supply chain infrastructure. The district benefits from proximity to Hyderabad's research institutions, skilled workforce, and existing pharma manufacturing ecosystem that attracts multinational and domestic pharma companies.",pharmaceuticals-biotech-products-medchal-malkajgiri
Telangana,Mhabubabad,Chillies,No,500000,5000000,50-65%,12-18 months,,"Mhabubabad's semi-arid climate with red volcanic soil and seasonal monsoon patterns create ideal growing conditions for high-heat chilli varieties. The district has a 200+ year tradition of spice cultivation, with established farmer networks and irrigation infrastructure supporting large-scale production.",chillies-mhabubabad
Telangana,Mulugu,Chilli,No,250000,2500000,50-65%,10-16 months,,"Mulugu's semi-arid climate, black soil composition, and centuries-old farming tradition make it ideal for growing high-pungency chillies. The region's established agricultural infrastructure and farmer networks ensure consistent quality and supply of raw chillies year-round.",chilli-mulugu
Telangana,Nagarkurnool,Banaganapalle Mangoes,No,250000,2500000,50-65%,10-16 months,8,"Nagarkurnool sits in the Rayalaseema region of Telangana where Banaganapalle mangoes have been cultivated for over 100 years with optimal soil and climate conditions. The district has 7,68,250 farming families already engaged in mango production, creating a mature ecosystem of suppliers, traders, and logistics. Direct access to established export networks serving USA, UK, Japan, and Gulf nations.",banaganapalle-mangoes-nagarkurnool
Telangana,Nalgonda,Cotton,No,250000,1500000,50-65%,10-16 months,6,"Nalgonda sits in Telangana's cotton belt with direct access to raw cotton from 60 farmer study units across the district. The region has established weaving clusters with artisans trained in traditional and modern cotton fabric production. Proximity to Hyderabad (120 km) provides market access to retail chains, exporters, and institutional buyers.",cotton-nalgonda
Telangana,Narayanpet,Narayanpet Handloom Sarees,No,250000,1500000,60-75%,9-16 months,7,"Narayanpet sits 165 km from Hyderabad with direct access to quality cotton and silk suppliers across Karnataka and Andhra Pradesh. The district has 400+ registered handloom weavers organized in clusters around Narayanpet town, backed by 400 years of weaving heritage and established buyer networks in wedding and festive markets across South India.",narayanpet-handloom-sarees-narayanpet
Telangana,Nirmal,Cotton Bales,No,5000000,25000000,45-60%,12-18 months,,"Nirmal district has ideal agro-climatic conditions with black soil and semi-arid climate perfectly suited for high-quality cotton cultivation. The region has a legacy of cotton farming spanning decades with established farming communities, irrigation infrastructure via Bahmani Dam, and proximity to major textile hubs like Hyderabad and Aurangabad.",cotton-bales-nirmal
Telangana,Nizamabad,Turmeric,No,150000,8500000,50-65%,10-16 months,8,"Nizamabad sits in the turmeric belt of Telangana with ideal soil pH and monsoon patterns. The district has established supply chains to raw turmeric from Telangana, Karnataka, and Andhra Pradesh farms. Thousands of artisans, processors, and traders operate across Nizamabad city, creating a complete ecosystem for sourcing, processing, and bulk distribution.",turmeric-nizamabad
Telangana,Peddapalli,Rice based products,No,500000,5000000,60-72%,10-16 months,,"Peddapalli has a strong agricultural base with abundant rice cultivation in the Krishna and Godavari river basins, providing consistent raw material supply. The district has generations of traditional knowledge in rice processing and transformation into value-added products. Local artisan networks and proximity to major southern markets create ideal conditions for scaling rice-based food businesses.",rice-based-products-peddapalli
Telangana,Rajanna Sircilla,Fisheries,No,25000000,75000000,45-60%,18-24 months,8,"Rajanna Sircilla sits on the Mid Manair Dam, a 300-acre freshwater aquaculture complex with 150 acres of water spread — ideal for cage culture and hatchery operations. Rice, maize, groundnut, and soyabean grown locally supply fish feed production. Proximity to Hyderabad (90 km) and national export corridors enables market access and direct sales to institutional buyers.",fisheries-rajanna-sircilla
Telangana,Ranga Reddy,Biscuits & Confectionery,No,850000,3500000,52-68%,10-16 months,,"Ranga Reddy benefits from proximity to Hyderabad's logistics infrastructure, established food processing clusters, and easy access to raw material suppliers. The district has a concentration of medium-scale food manufacturing units with skilled labor and existing cold chain networks ideal for confectionery production.",biscuits-confectionery-ranga-reddy
Telangana,Sangareddy,Engineering Products,No,2500000,15000000,40-55%,12-18 months,,"Sangareddy has established itself as a major manufacturing cluster with a concentration of precision engineering firms, skilled workforce trained in CNC machining and aerospace standards, and proximity to Hyderabad's industrial ecosystem. The district benefits from existing supply chain networks serving automotive, aerospace, and defence sectors, making it ideal for scaling engineering product manufacturing.",engineering-products-sangareddy
Telangana,Siddipet,Siddipet Gollabama,No,180000,600000,50-65%,10-16 months,7,"Siddipet is a weaving hub with 3000+ registered handloom weavers concentrated in the town center. Fine cotton and mercerized cotton yarn suppliers operate within 50km. The district sits 75km north of Hyderabad, providing direct access to urban wholesale markets and export hubs.",siddipet-gollabama-siddipet
Telangana,Suryapet,Cement,No,500000000,2000000000,35-45%,24-36 months,,"Suryapet has abundant limestone deposits and raw material availability essential for cement production. The district's established infrastructure, skilled workforce, and proximity to major markets make it ideal for cement manufacturing. Multiple large-scale plants already operational provide ecosystem support for new entrants.",cement-suryapet
Telangana,Vikarabad,Fullers Earth/Betonitte granules and powder,No,250000,2500000,60-75%,10-16 months,8,"Vikarabad sits on significant Fuller's Earth reserves with bentonite and palygorskite deposits accessible at low mining cost. The district has an established mining and processing infrastructure with multiple active quarries, trained labor, and proximity to cosmetic and industrial manufacturers in Hyderabad (90 km). Raw material availability here is 10x cheaper than sourcing from Rajasthan, reducing product cost by 15-20%.",fullers-earth-betonitte-granules-and-powder-vikarabad
Telangana,Wanaparthy,Nuts - Groundnut,No,350000,850000,50-65%,10-16 months,8,"Wanaparthy has soil and climate ideal for groundnut cultivation, with over 1 lakh acres under cultivation in the wider region (Mahabubnagar district alone). The district operates a dedicated groundnut crushing and processing plant that grades, sorts, and manufactures value-added products. Buyers range from domestic supermarkets to international markets, with proven demand for pure unrefined groundnut oil.",nuts---groundnut-wanaparthy
Telangana,Warangal Rural,Warangal Durries,No,125000,850000,52-68%,9-16 months,8,Warangal Rural has a 500+ year tradition of durrie weaving centered around traditional artisan communities with direct access to cotton and jute suppliers across Telangana. The cluster supplies both national interior design chains and international buyers via established export networks. Raw material costs are 20-30% lower here compared to metro markets due to local cotton processing units.,warangal-durries-warangal-rural
Telangana,Warangal Urban (Hanumakonda),Granite Slabs,No,2500000,10000000,45-60%,10-16 months,,"Warangal Urban lies in the Deccan Plateau with abundant granite quarries and natural stone deposits, coupled with a skilled workforce trained in stone cutting and polishing. The district's proximity to major metros (Hyderabad, Bangalore) and existing infrastructure for logistics make it ideal for large-scale granite slab production and export.",granite-slabs-warangal-urban-hanumakonda
Telangana,Yadadri Bhuvanagiri,Pochampalli Ikat,No,300000,1200000,60-75%,12-18 months,8,"Yadadri Bhuvanagiri sits 50 km from Hyderabad with 5,000 traditional pit looms concentrated in Pochampally I, Pochampally II, and 80+ villages. Raw materials — cotton, silk, sico blends, and zari — are sourced from Surat and Bangalore, feeding into established export routes to Burma, East Africa, and the Middle East. The district's 10,000 weaving families represent one of India's largest ikat production clusters with a documented 19th-century heritage.",pochampalli-ikat-yadadri-bhuvanagiri
Tripura,Dhalai,Queen Pineapple and Pineapple Based Products,No,350000,1200000,50-65%,9-15 months,8,Dhalai's tropical climate and fertile soil naturally suit pineapple cultivation. Nalkata cluster is the established production hub with buyer networks already linked to Middle Eastern export markets. Government backing via DoNER's ₹132-crore programme and PPP fruit processing facility signals long-term commitment.,queen-pineapple-and-pineapple-based-products-dhalai
Tripura,Gomati,Risha,No,250000,1500000,58-72%,10-16 months,,"Gomati district has a centuries-old weaving tradition rooted in Tripura's tribal heritage, with abundant skilled artisans trained in traditional hand-loom techniques. The region's access to cotton and silk, combined with cultural continuity and government handloom support, makes it the natural home for Risha production.",risha-gomati
Tripura,Khowai,Scented Rice,No,150000,600000,45-60%,12-18 months,7,"Khowai district sits in Tripura's fertile agricultural zone with 1377.28 sq km of productive land and 327,564 population engaged in farming. The region's soil composition and climate are naturally suited to aromatic rice cultivation, with local farmers already growing six distinct rice varieties. Government focus on food self-sufficiency creates immediate institutional buyer demand within the state.",scented-rice-khowai
Tripura,North Tripura,Oil - Agar,No,250000,2000000,50-65%,10-16 months,8,"North Tripura has 50 lakh mature Aquilaria trees naturally distributed across 80% of residential areas and 1 crore trees across 32 investigated villages, providing raw material within walking distance. The district plants 2 lakh new agar trees annually and operates 27 licensed agar oil distilleries using traditional extraction methods. Proximity to Southeast Asian export corridors and direct buyer relationships with Middle East perfume houses make export execution faster than from inland districts.",oil---agar-north-tripura
Tripura,Sepahijala,Tripura Silk,No,250000,1500000,60-75%,12-18 months,,"Sepahijala has ideal agro-climatic conditions for mulberry, muga, and eri silkworm cultivation, with a centuries-old weaving tradition embedded in the local community. The district's skilled artisan base and established silk cocoon markets make it the natural hub for Tripura's silk production ecosystem.",tripura-silk-sepahijala
Tripura,South Tripura,Cashew Nut,No,500000,5000000,50-65%,12-18 months,,"South Tripura's tropical climate, abundant rainfall, and fertile alluvial soil create ideal conditions for high-yield, large-kernel cashew cultivation. The region's 150+ years of cashew farming expertise combined with GI certification ensures consistent quality and premium market positioning. Sustainable farming practices and low chemical inputs align with global organic demand trends.",cashew-nut-south-tripura
Tripura,Unakoti,Tea,No,350000,1500000,60-75%,10-16 months,,"Unakoti has ideal agro-climatic conditions with high rainfall and fertile soil suited for cultivating medicinal herbs like Crotalaria retusa. The district's traditional knowledge of herbal medicine and strong agricultural base make it naturally positioned for large-scale herbal tea production. Local farmer networks already practice herb cultivation, reducing sourcing complexity.",tea-unakoti
Tripura,West Tripura,Bamboo based products,No,150000,750000,50-65%,6-12 months,8,"West Tripura sits on 2,397 sq km of bamboo forests representing 23% of the state area, with 1.49 lakh trained artisans already working in the sector. Muli bamboo comprises 80% of local resources, supported by 10 other native species. Bodhjungnagar Bamboo Park and surrounding clusters have established supply chains, skilled labor pools, and direct access to the raw material without middleman costs.",bamboo-based-products-west-tripura
Uttar Pradesh,Agra,Leather Products,No,250000,2500000,60-75%,10-16 months,8,"Agra sits in the Indo-Gangetic Plain with direct access to premium raw hides from Uttar Pradesh cattle zones. The Agra leather cluster concentrates 500+ tanneries and workshops, with 40+ years of traditional tanning expertise. Proximity to Delhi (240km) and Mumbai exporters, plus established buyer relationships in Europe and Gulf markets, make it the natural hub for leather product entrepreneurs.",leather-products-agra
Uttar Pradesh,Aligarh,Lock & Hardware,No,250000,1500000,50-65%,10-16 months,8,"Aligarh district has 2000+ lock manufacturers concentrated in the city, fed by local brass mills and metal scrap dealers. Raw materials — brass, zinc, mild steel, stainless steel — arrive daily via NH-119. Buyers from Delhi, Mumbai, Bangalore source directly from the cluster; export orders flow to Middle East, Africa, and Southeast Asia. The cluster has institutional knowledge spanning 4+ generations.",lock-hardware-aligarh
Uttar Pradesh,Ambedkar Nagar,Textiles,No,350000,2500000,60-75%,10-16 months,,"Ambedkar Nagar has a centuries-old textile weaving tradition with skilled artisan communities specializing in silk and cotton fabric production. The district's access to quality raw materials, established supply chains, and a labor force trained in traditional textile techniques make it ideal for scaling artisanal textile production. The proximity to major trading hubs and existing cooperative structures support both domestic and export markets.",textiles-ambedkar-nagar
Uttar Pradesh,Amethi,Moonj products,No,150000,500000,60-75%,6-10 months,7,"Amethi's alluvial soil and climate (23°C-28°C average) are ideal for moonj grass cultivation. The district's 13 blocks and 995 villages provide a large artisan base with multi-generational moonj-working families. Proximity to Delhi (350 km), Lucknow (100 km) and direct market access via NH highways enables rapid order fulfillment to domestic and export buyers.",moonj-products-amethi
Uttar Pradesh,Amroha,Musical Instruments (Dholak),No,150000,500000,60-75%,10-16 months,7,"Amroha sits in the Jat heartland of western Uttar Pradesh with direct access to goat skin and buffalo leather suppliers from nearby Meerut and Bareilly animal markets. The cluster has 150+ registered dholak artisan families with 3+ generations of craft knowledge, concentrated in Amroha city's central wards. Buyer proximity to Delhi NCR wedding season (Oct-Mar) and North Indian classical music schools provides year-round demand.",musical-instruments-dholak-amroha
Uttar Pradesh,Auraiya,Milk Processing (Desi Ghee) and Milk Products,No,350000,1500000,60-75%,10-16 months,7,"Auraiya sits on NH 2 and 64 km east of Etawah, with direct access to milk-producing regions. The district has 7 blocks with 848 villages providing consistent raw milk supply from indigenous breeds. Located strategically between Delhi and Lucknow markets, with proximity to bulk buyers across UP and northern India.",milk-processing-desi-ghee-and-milk-products-auraiya
Uttar Pradesh,Ayodhya (Faizabad),Jaggery,No,250000,1500000,60-75%,10-16 months,7,"Ayodhya district sits on the bank of River Saryu, 130 km east of Lucknow, with 20% of its agricultural land dedicated to sugarcane cultivation. The region has a large network of sugar refineries and mills, providing reliable raw material access. Jaggery-making is a multi-generational craft here, meaning you can tap into experienced artisans and suppliers immediately.",jaggery-ayodhya-faizabad
Uttar Pradesh,Azamgarh,Black Pottery,No,150000,500000,60-75%,10-16 months,8,"Nizamabad in Azamgarh has 200+ artisans producing black pottery using locally-sourced smooth black clay and traditional vegetable-based dipping solutions. Raw materials — special black clay, mercury, raanga, and lead — are sourced within the district, reducing input costs. The cluster sits 250km from Delhi and 150km from Lucknow, with direct rail and road access to North Indian wholesale and retail markets.",black-pottery-azamgarh
Uttar Pradesh,Baghpat,Home Decorative Goods,No,250000,2500000,60-75%,10-16 months,,"Baghpat has a 400+ year tradition of textile artisanship and embroidery, with over 50,000 skilled weavers and embroiderers concentrated in clusters like Baghpat City and Barhapur. The district's proximity to Delhi ensures strong domestic demand and export linkages, while local raw material availability (cotton, silk, dyes) reduces supply chain costs significantly.",home-decorative-goods-baghpat
Uttar Pradesh,Bahraich,Wheat Stalk Handicrafts,No,75000,350000,55-72%,10-16 months,6,"Bahraich sits in North Eastern Devipatan Division with direct access to wheat stalks from its agrarian economy (wheat, rice, mustard are principal crops). The district has 67,926 hectares of forest cover providing supplementary natural materials, and traditional artisan clusters have been making wheat-stalk products for generations. Proximity to Nepal border opens export potential to South Asian markets.",wheat-stalk-handicrafts-bahraich
Uttar Pradesh,Ballia,Bindi (Tikuli),No,150000,400000,60-75%,10-16 months,7,"Ballia hosts established Tikuli clusters in Digha, Danapur, and Gai Ghat (Patna mahallas) with trained artisan networks. Raw materials — molten glass, gold foil, enamel paints — are sourced locally or from nearby Patna and Kanpur industrial zones. The district has direct historical export routes to Kanpur and Delhi and proximity to major buyer markets in North India.",bindi-tikuli-ballia
Uttar Pradesh,Balrampur,Food Processing (Pulses),No,350000,1500000,45-60%,10-16 months,6,"Balrampur sits on the Rapti river in the Indo-Gangetic Plain, with direct access to five small lentil varieties grown locally and across eastern UP. The district has refined pulse processing into snacks and namkeens with consistent quality, selling across Bengal and Assam. Existing agri-processing infrastructure (2 automated units) and government scheme support make raw material procurement straightforward.",food-processing-pulses-balrampur
Uttar Pradesh,Banda,Shazar Stone Craft,No,150000,500000,50-65%,10-16 months,8,"Banda is the sole Indian district where Shazar stones are crafted into high-value artifacts. The Ken River — only river in UP and second in India producing colorful patterned stones — provides the raw material. A concentrated cluster of skilled artisans inherited 400-year-old techniques from Arab discovery, making this a zero-replication competitive advantage.",shazar-stone-craft-banda
Uttar Pradesh,Barabanki,Handloom Products and Textile Products,No,150000,2500000,50-65%,10-18 months,8,"Barabanki sits on a 400-year-old weaving tradition with cotton yarn sourcing within 50 km. The 20,000-loom cluster concentrated in Barabanki town provides ready artisan partnerships and shared infrastructure. Proximity to Delhi-Lucknow highway enables direct access to metro retail and export hubs.",handloom-products-and-textile-products-barabanki
Uttar Pradesh,Bareilly,Zari and Zardozi,No,150000,500000,60-75%,10-16 months,4,"Bareilly has a 300+ year legacy of Zari and Zardozi craftsmanship dating to the Mughal era, with a concentrated artisan base of skilled workers trained in traditional embroidery techniques. Raw materials like gold and silver threads, beads, and sequins are sourced directly from China and domestic suppliers, with established supply chains. The district connects to major wedding and ceremonial apparel markets across North India and has documented export channels to Israel and international buyers.",zari-and-zardozi-bareilly
Uttar Pradesh,Basti,Wooden Crafts,No,150000,1500000,60-75%,10-16 months,,"Basti has a deep-rooted tradition of wooden craft heritage spanning generations, with abundant access to quality Sheesham wood from local forests and nearby regions. The district's skilled artisan community possesses specialized knowledge in intricate carving and joinery techniques passed down through families, making it naturally suited for premium wooden product manufacturing.",wooden-crafts-basti
Uttar Pradesh,Bhadohi,Handmade carpet of Bhadohi,No,150000,2500000,50-65%,10-16 months,8,"Bhadohi sits in the Mirzapur-Bhadohi carpet weaving cluster spanning 9 districts, with 2.2 million rural artisans and 16th-century Mughal-era weaving traditions. Raw materials—wool, silk, cotton—are sourced locally and regionally. The district is 100% export-oriented with established buyer networks in USA, Europe, Middle East, and Australia.",handmade-carpet-of-bhadohi-bhadohi
Uttar Pradesh,Bijnor,Wooden Crafts,No,150000,1000000,60-75%,10-16 months,,Bijnor has a centuries-old tradition of wood carving and inlay work passed down through generations of skilled artisans. The district's proximity to forest regions and established trade networks with Delhi and Lucknow create ideal conditions for sourcing quality wood and accessing metropolitan markets. The concentration of master craftspeople and established GI recognition make it the epicenter of India's decorative wooden crafts industry.,wooden-crafts-bijnor
Uttar Pradesh,Budaun,Zari and Zardozi,No,150000,500000,50-65%,12-18 months,5,"Budaun has a 400+ year legacy of zari-zardozi craftsmanship inherited from Mughal artisans. The district has direct access to raw materials (golden and silver threads, beads, sequins) imported through established supplier networks from China. The cluster in Bareilly area still retains approximately one lakh skilled artisans, though numbers have declined significantly.",zari-and-zardozi-budaun
Uttar Pradesh,Bulandshahar,Ceramic Product,No,150000,2500000,60-75%,10-18 months,8,"Bulandshahar's Khurja cluster sits 60km from Delhi with direct NH-119 access, making it India's largest pottery hub with 350 active units. The district has abundant clay deposits from the Yamuna basin, skilled artisans trained over generations, and proximity to Delhi-NCR buyer markets (₹1000+ Cr annual demand). Raw material cost here is 30-40% lower than competing centers.",ceramic-product-bulandshahar
Uttar Pradesh,Chandauli,Zari-Zardozi,No,150000,800000,50-65%,10-16 months,6,"Chandauli has 60 active Zari production units clustered in Bareilly with established supply chains for gold, silver, and metallic threads. The district sits in the heart of Uttar Pradesh's traditional textile corridor, with direct access to saree, salwar kameez, and lehenga manufacturers across North India. Artisans here have inherited Mughal-era embroidery techniques spanning over 500 years, creating a concentrated labor pool skilled in Zardozi Stitch, Gota Patti, and Chain Stitch methods.",zari-zardozi-chandauli
Uttar Pradesh,Chitrakoot,Wooden Toys and Wood Art Products,No,1175000,1173000,60-75%,12-14 months,8,"Chitrakoot sits 280 km from Allahabad and 92 km from Satna, with abundant local wood supply (Dudhi Sundari, Koraiya) and established artisan base practising the craft for generations. The cluster has trained workforce familiar with toy-making techniques, with access to raw materials like Lac, paint pigments, and construction materials produced locally or sourced from nearby Satna.",wooden-toys-and-wood-art-products-chitrakoot
Uttar Pradesh,Deoria,"Decorative Products,",No,180000,500000,52-68%,9-15 months,7,"Deoria has a established artisan base with access to cotton, silk, and jute raw materials from local suppliers and nearby textile markets. The district's proximity to Varanasi (80 km) provides direct access to high-end home decor buyers and export networks. Skilled labor costs remain 30-40% lower than metro clusters, enabling competitive margins on handcrafted items.",decorative-products-deoria
Uttar Pradesh,Etah,"Ankle Bells (Ghungroo), Bells and Brass Products",No,150000,850000,52-68%,10-16 months,7,"Etah has a 200+ year tradition of brass metalwork with concentrated artisan communities in multiple towns. Raw materials (brass sheets, copper) are sourced from Moradabad (60 km away) and local recyclers. The district's 833 villages provide a large labour pool with inherited skills in bell-making and brass finishing.",ankle-bells-ghungroo-bells-and-brass-products-etah
Uttar Pradesh,Etawah,Textile Products and Tailoring and Garment Embroidery,No,150000,2500000,60-75%,10-18 months,,"Etawah has a 300+ year legacy in textile weaving and embroidery with a concentrated cluster of skilled artisans. The district's geography and historical trade routes positioned it as a major textile hub in UP, with established supply chains for raw materials and an existing exporter ecosystem.",textile-products-and-tailoring-and-garment-embroidery-etawah
Uttar Pradesh,Farrukhabad,Farrukhabad Prints,No,200000,1500000,50-65%,10-16 months,8,"Farrukhabad sits in the Indo-Gangetic plains with direct access to cotton and silk raw materials from UP's textile corridor. The district has 300+ years of block-making and block-printing tradition with thousands of trained artisans concentrated in the old city. Delhi, Lucknow, and Mumbai fashion buyers are 6-8 hours away by road, giving instant market access.",farrukhabad-prints-farrukhabad
Uttar Pradesh,Fatehpur,Bedsheets,No,500000,5000000,50-65%,10-16 months,,Fatehpur has a strong tradition of hand-loom and power-loom textile production with skilled artisans trained over generations. The district's proximity to major cotton suppliers in UP and established weaving clusters provide cost-effective raw material access and existing infrastructure. Low labor costs combined with traditional craftsmanship make it ideal for producing premium bedsheets at competitive prices.,bedsheets-fatehpur
Uttar Pradesh,Firozabad,Firozabad Glass,No,250000,2500000,50-65%,10-16 months,8,"Firozabad sits 40 km south of Agra and 250 km from Delhi with 200+ years of glass manufacturing heritage. The district has 150+ production units employing 6 lakh workers, with integrated raw material supply chains and established export infrastructure. Half of all production is exported; Sri Lanka alone imported ₹100 crore in FY 2021-22.",firozabad-glass-firozabad
Uttar Pradesh,Gautam Buddh Nagar,Readymade Garments,No,250000,1500000,50-65%,10-16 months,8,"Gautam Buddh Nagar sits in the National Capital Region with direct access to Delhi's wholesale apparel markets and retail chains. The district has 2500 established factories providing supplier networks, trained labor pools, and proven logistics. Raw material suppliers (fabrics, trims, buttons) are concentrated in nearby Delhi and Noida, reducing sourcing time to hours rather than days.",readymade-garments-gautam-buddh-nagar
Uttar Pradesh,Ghaziabad,Engineering goods,No,250000,5000000,35-50%,12-18 months,9,"Ghaziabad sits 30km east of Delhi with direct access to NH1 and railway networks, making it India's primary industrial base for precision engineering. The district has 1,200+ registered engineering units concentrated in Loni, Mohan Nagar, and Dasna industrial areas with established supply chains for raw steel, aluminium, and electronic components. Buyers include Maruti Suzuki, Hero Honda, Bosch, and construction majors who source directly from the cluster.",engineering-goods-ghaziabad
Uttar Pradesh,Ghazipur,Ghazipur Wall Hangings,No,120000,450000,60-75%,10-16 months,7,"Ghazipur sits on the Ganges with direct access to jute and cotton from eastern UP and Bihar suppliers. Nearly 60 villages across 5 named clusters—Paharpur Kala Gazipur, Rasulpur, Kolwar, Dhuvarjun, Saidpur—house trained artisans in handloom weaving. Proximity to Varanasi (40 km) creates buyer traffic from domestic and international tourists.",ghazipur-wall-hangings-ghazipur
Uttar Pradesh,Gonda,Food Processing (Pulses),No,1200000,8500000,45-60%,10-16 months,,"Gonda has a 50+ year legacy of pulse milling with established clusters in Gonda town and Mankapur. The district's agricultural hinterland supplies high-quality moong, chana, and arhar directly to mills, reducing procurement costs. Proximity to major grain markets in Lucknow and established trade networks ensure consistent raw material availability and pan-India distribution reach.",food-processing-pulses-gonda
Uttar Pradesh,Gorakhpur,Gorakhpur Terracotta,No,150000,500000,55-70%,10-16 months,7,"Gorakhpur's Aurangabad village in Bhathat block sits on clay-rich ponds that supply natural 'Kabis' clay—the raw material for terracotta. More than 200 households practise this craft with active women participation. The district is being developed as a Special Tourist Village under a ₹1 Crore state project, creating direct buyer footfall.",gorakhpur-terracotta-gorakhpur
Uttar Pradesh,Hamirpur,Shoes,No,180000,800000,50-65%,10-16 months,7,"Hamirpur is located in Chitrakoot Dham Division at the confluence of Yamuna and Betwa rivers, providing access to water and raw leather supply routes from northern tanneries. Sumerpur cluster houses 400+ artisans specializing in handmade Jooti and leather shoes with 50+ years of continuous production tradition. The district is 240km from Delhi wholesale markets and 180km from Kanpur leather hub.",shoes-hamirpur
Uttar Pradesh,Hapur,Home Decorative Goods,No,250000,2000000,60-75%,10-16 months,,"Hapur has a 40+ year legacy as a textile manufacturing cluster with skilled artisans, established supply chains, and proximity to Delhi's retail markets. The district's traditional weaving expertise combined with modern production facilities makes it ideal for scaling home decorative goods. Access to raw material suppliers in Ludhiana and Tiruppur via established trade routes keeps costs competitive.",home-decorative-goods-hapur
Uttar Pradesh,Hardoi,Handloom,No,180000,850000,60-75%,10-16 months,7,"Hardoi has a 300+ year handloom weaving tradition concentrated in clusters like Madhogarh and surrounding areas. Raw materials—cotton, silk, and wool—are sourced locally and from regional suppliers in UP. The district has access to Delhi, Lucknow, and Kanpur markets, while being part of India's handloom export ecosystem valued at $12.03 billion annually.",handloom-hardoi
Uttar Pradesh,Hathras,Hing (Asafoetida),No,300000,1200000,50-65%,10-16 months,8,"Hathras has established itself as India's primary processing and trading center for asafoetida despite raw material being imported from Iran, Afghanistan, and now Uzbekistan. The district's strategic location on NH-119 connecting Delhi, Agra, and Mathura, combined with historical trader networks and existing supply chain infrastructure, makes it the natural hub for hing refinement and distribution. Access to capital, warehousing, and established export-import networks gives Hathras a competitive advantage in processing and value-addition.",hing-asafoetida-hathras
Uttar Pradesh,Jalaun,Handmade Paper Art,No,150000,750000,60-75%,10-16 months,,Jalaun has a rich tradition of artisanal paper craftsmanship spanning generations with abundant local availability of natural fibers and plant-based materials. The district's skilled workforce and established cluster infrastructure make it uniquely positioned for scalable handmade paper production. Strong government support through ODOP status and GI certification provides market credibility and export advantages.,handmade-paper-art-jalaun
Uttar Pradesh,Jaunpur,Woollen Carpets (Dari),No,350000,2500000,60-75%,12-18 months,,Jaunpur has a deep-rooted tradition of carpet weaving spanning centuries with a concentrated cluster of skilled artisans in Gopalpur and Bhitauli areas. The district's access to high-quality wool from local sheep herds and historical mastery of natural dyeing techniques make it uniquely positioned to produce premium Dari carpets with authentic provenance.,woollen-carpets-dari-jaunpur
Uttar Pradesh,Jhansi,Soft Toys,No,300000,1200000,60-75%,10-16 months,,"Jhansi has an established manufacturing cluster with skilled artisans, low labor costs, proximity to Delhi's massive wholesale market, and existing supply chains. The district's textile and craft heritage, combined with established toy-making units, makes it ideal for scaling soft toy production at competitive prices.",soft-toys-jhansi
Uttar Pradesh,Kannauj,Kannauj Perfume,No,150000,2500000,60-75%,6-12 months,8,"Kannauj lies in western Uttar Pradesh with direct access to jasmine, rose, and floral raw materials from local gardens and surrounding regions. The district hosts 350-500 perfume production units concentrated in clusters like Perfume Park, creating an ecosystem of suppliers, artisans, and export channels. Proximity to Agra Expressway, Delhi markets (240 km), and international logistics via Lucknow airport enables both domestic and export sales.",kannauj-perfume-kannauj
Uttar Pradesh,Kanpur Dehat,Zinc Utensils,No,180000,1000000,50-65%,10-16 months,7,"Kanpur Dehat has a 200+ year legacy of zinc working inherited from Kanpur city's industrial base. Raw materials (zinc sheets, tin) are sourced from Kanpur and regional suppliers within 40km. The district has 400+ registered zinc utensil artisans and micro-units concentrated in Raniya and Shivli tehsils, with direct access to wholesale markets in Kanpur city and institutional buyers across UP.",zinc-utensils-kanpur-dehat
Uttar Pradesh,Kanpur Nagar,Leather Products,No,250000,1500000,60-75%,9-15 months,8,Kanpur Nagar has 400+ years of leather production history with established supply chains for raw hides from livestock markets across North India. The Jajmau cluster has 2000+ artisans and micro-units producing finished leather goods. Proximity to major leather tanneries and direct access to cattle hides makes raw material costs 15-20% cheaper than competing clusters.,leather-products-kanpur-nagar
Uttar Pradesh,Kasganj,Zari Zardozi,No,150000,500000,60-75%,10-16 months,7,"Kasganj has a 300+ year tradition of Zari Zardozi with skilled artisan families concentrated in city clusters. Raw materials — silk threads, metallic wires (zari), sequins, beads — are sourced from Delhi, Lucknow, and local suppliers within 200km. Buyers span bridal wear manufacturers in Delhi NCR, export markets in Middle East/EU, and institutional buyers for temple/mosque fabrics.",zari-zardozi-kasganj
Uttar Pradesh,Kaushambi,Food Processing- Banana,No,500000,2500000,50-65%,10-16 months,,"Kaushambi has a well-established banana cultivation ecosystem across its fertile plains, providing consistent supply of quality raw bananas. The district's agricultural infrastructure, proximity to major trade corridors, and existing food processing units make it ideal for scaling banana-based products. Government support through ODOP and state food processing schemes further strengthen the viability of banana processing businesses here.",food-processing--banana-kaushambi
Uttar Pradesh,Kushinagar,Banana Fiber Products and Banana Products,No,150000,500000,60-75%,10-16 months,8,"Kushinagar has abundant banana cultivation providing raw material within 20km radius of Tamkuhi Raj cluster. Over 25 lakh people engage in this sector, creating a dense artisan ecosystem with established export channels to Japan and Singapore. The district benefits from NH-28 connectivity and proximity to Nepal border, making it a natural hub for banana fiber handicrafts.",banana-fiber-products-and-banana-products-kushinagar
Uttar Pradesh,Lakhimpur Kheri,Tribal craft,No,150000,800000,60-75%,10-16 months,6,"Lakhimpur Kheri sits in the fertile Indo-Gangetic region with dense forest cover (Dudhwa National Park) and tribal communities concentrated in Bijua, Nighasan, and Kheri blocks. Raw materials like bamboo, forest wood, and natural fibers are locally available. The district has an established artisan base among tribal populations, particularly Tharus and Korwas, with proximity to Delhi-NCR markets (300km) and UP's craft hubs.",tribal-craft-lakhimpur-kheri
Uttar Pradesh,Lalitpur,Zari Silk Sarees,No,200000,800000,50-65%,10-16 months,7,"Lalitpur sits on National Highway 44 with established artisan clusters producing 25,000-30,000 sarees annually using traditional looms. Raw materials (silk threads and zari) are sourced through active supplier networks tied to the 250-275 craftsmen working in the district. Proximity to wedding markets in northern India — where 70% of women prefer traditional silk sarees for trousseau — creates direct buyer access within 500 km.",zari-silk-sarees-lalitpur
Uttar Pradesh,Lucknow,Lucknow Chikan Craft & Lucknow Zardozi,No,150000,5000000,50-65%,10-18 months,8,"Lucknow has 500+ years of Chikan tradition concentrated in Chowk and Daliganj clusters with direct access to muslin, silk, and organza suppliers. Nearly five lakh artisans and workers form an integrated supply chain from raw material to finished garment. Proximity to Delhi, Mumbai, and international air cargo (Lucknow Airport 12km) enables rapid export to Gulf and European buyers.",lucknow-chikan-craft-lucknow-zardozi-lucknow
Uttar Pradesh,Maharajganj,Furniture,No,500000,2000000,50-65%,10-16 months,,"Maharajganj has a centuries-old tradition of wood-based handicrafts, with concentrated artisan clusters in towns like Jalalpur and Koraon. The region's proximity to timber suppliers in Nepal and availability of skilled labor has made it a natural hub for handcrafted furniture. Strong local demand from residential and commercial sectors across North India provides immediate market access.",furniture-maharajganj
Uttar Pradesh,Mahoba,Gaura Stone Craft,No,150000,500000,60-75%,10-16 months,7,"Mahoba sits on deposits of premium Gaura sandstone and Marble in the Bundel region, with a 1000+ year old artisan community (Gaurahari caste) concentrated in the town. The cluster serves pan-India temple markets, domestic spiritual buyers, and increasingly exports to Southeast Asia and Western spiritual wellness markets.",gaura-stone-craft-mahoba
Uttar Pradesh,Mainpuri,Tarkashi Art,No,150000,800000,60-75%,10-16 months,,"Mainpuri has been the seat of Tarkashi artistry for over 400 years, with hereditary artisan families perfecting the technique under Mughal patronage. The district has a concentrated cluster of skilled craftspeople and established supply chains for fine metal wires and base materials. The GI tag validates authenticity and enables premium positioning.",tarkashi-art-mainpuri
Uttar Pradesh,Mathura,Sanitary Fittings,No,350000,1200000,50-65%,10-16 months,8,"Mathura has 40+ years of sanitary fittings manufacturing expertise with established supplier networks for stainless steel, brass, and plastic raw materials sourced from local and regional vendors. The cluster is 60km from Delhi NCR (largest consumer market), with rail and highway connectivity enabling rapid distribution to pan-India construction and plumbing sectors. Over 2000+ micro and small enterprises operate here, supported by MSME clusters and access to skilled labor.",sanitary-fittings-mathura
Uttar Pradesh,Mau,Powerloom Textile,No,300000,1500000,50-65%,10-16 months,7,"Mau sits in eastern UP with direct access to cotton and synthetic fiber suppliers from across India. The district has an established artisan base and historical weaving tradition. Buyers from Delhi, Mumbai, and Surat actively source fabrics from local clusters.",powerloom-textile-mau
Uttar Pradesh,Meerut,Sports Products,No,500000,5000000,50-65%,10-16 months,,"Meerut has a 50+ year legacy in sports equipment manufacturing with established artisan clusters, skilled labor pools, and proximity to Delhi markets. The district has integrated supply chains for wood, leather, and synthetic materials, making it the natural choice for quality cricket and hockey equipment production at scale.",sports-products-meerut
Uttar Pradesh,Mirzapur,Carpets,No,250000,2000000,50-65%,12-18 months,8,"Mirzapur is the core production hub of the Mirzapur-Bhadohi-Varanasi carpet belt, home to 2 million artisans with inherited weaving skills. High-quality wool sourcing from Rajasthan and imported silk/cotton are readily available through established supplier networks. 85% of exports go directly to US and European markets, making buyer relationships accessible through cluster associations.",carpets-mirzapur
Uttar Pradesh,Moradabad,Moradabad Metal Craft,No,150000,800000,50-65%,10-16 months,8,"Moradabad has a 400-year-old metal craft ecosystem with established supply chains for raw brass, copper, and alloys. The district houses the largest concentration of brass workers and artisans in India, with direct access to metal scrap dealers and refined metal suppliers. International buyers have pre-existing relationships with Moradabad manufacturers across Europe, North America, and the Middle East.",moradabad-metal-craft-moradabad
Uttar Pradesh,Muzaffarnagar,Jaggery,No,150000,800000,50-65%,6-10 months,8,"Muzaffarnagar sits in the Indo-Gangetic plains with direct access to sugarcane cultivation across 200+ trading units. The district's 2,991 sq km area is surrounded by sugarcane farms supplying raw material year-round. Buyers across North and West India source directly from the world's largest jaggery wholesale market located here, eliminating middleman friction.",jaggery-muzaffarnagar
Uttar Pradesh,Pilibhit,Flute and Wooden Products,No,150000,1500000,60-75%,9-16 months,8,"Pilibhit sits in the Indo-Gangetic Plain with direct access to Narkul bamboo forests, the only source of this specific bamboo species used for flute-making. A 55-person artisan base in the primary factory cluster, multi-generational family expertise, and established export routes to America, France, London, and Pakistan create a ready ecosystem for new entrants.",flute-and-wooden-products-pilibhit
Uttar Pradesh,Pratapgarh,Aamla Products,No,180000,3500000,60-75%,10-16 months,7,"Pratapgarh is the largest aonla-growing region in UP with over 15,000 hectares under cultivation and ideal agro-climatic conditions for the fruit. The district has a 200+ year tradition of aonla processing using heritage methods, with raw material availability within 10-50 km of any processing unit. Proximity to Lucknow (150 km), Delhi (400 km), and UP's consumer markets creates direct buyer access.",aamla-products-pratapgarh
Uttar Pradesh,Prayagraj,Moonj products,No,50000,300000,60-75%,9-15 months,8,"Prayagraj's Naini and Mahewa clusters specialize in moonj products because sarpat grass (source of moonj) grows naturally in the region's wetlands and riverine areas. The craft has 60-70 years of documented practice with established artisan networks, particularly among women self-help groups. National and international buyers already source from here via Amazon, Alibaba, and direct B2B channels.",moonj-products-prayagraj
Uttar Pradesh,Raebareli,Wood Work,No,150000,1200000,60-75%,10-16 months,,Raebareli has a strong tradition of wood carving passed down through generations with abundant locally-sourced timber and established artisan clusters. The district's skilled workforce and proximity to raw material suppliers make it an ideal hub for scaling wooden handicrafts production. Government support through handicraft ministries has fostered a conducive ecosystem for wood-work enterprises.,wood-work-raebareli
Uttar Pradesh,Rampur,"Applique Work along with Patch Work,Zari Patch work, and Mentha",No,150000,800000,60-75%,9-16 months,8,"Rampur has a 500+ year tradition of textile embellishment work inherited from Nawabi court patronage. The district sits adjacent to mentha-growing regions of UP (Lucknow, Barabanki) providing direct raw material access. A concentrated artisan base of 5,000+ skilled workers operates in clusters around the city center, with easy access to Delhi and Lucknow buyer markets via NH-119.",applique-work-along-with-patch-workzari-patch-work-and-mentha-rampur
Uttar Pradesh,Saharanpur,Saharanpur Wood Craft,No,150000,5000000,55-70%,8-14 months,8,"Saharanpur sits at the foothills of the Himalayas with direct access to Sheesham, Mango, Teak, and Acacia wood from northern forests. The cluster spans 1.5 lakh artisans across 400 manufacturing units, making it India's largest wooden handicraft ecosystem with ready suppliers, skilled craftspeople, and established export networks to USA, UK, UAE, and Europe already in place.",saharanpur-wood-craft-saharanpur
Uttar Pradesh,Sambhal,Handicrafts - Horn Bone,No,250000,1500000,60-70%,10-16 months,8,"Sambhal has 25,000 skilled artisans concentrated in Sarai Tarin cluster with direct access to raw buffalo and cattle horns. The district sits on cattle-belt supply chains and has established export networks to America, Europe, and Gulf countries. State and central govt support includes Common Facility Centre funded with ₹10 crore by CM Yogi Adityanath.",handicrafts---horn-bone-sambhal
Uttar Pradesh,Sant Kabir Nagar,Brass Utensils,No,250000,2000000,60-75%,10-16 months,,Sant Kabir Nagar has a centuries-old brass crafting tradition rooted in the region's cultural heritage and spiritual significance. The district's artisan community has perfected the techniques of hand-hammering and engraving brass into functional art pieces. Access to skilled labor and established supply chains for brass ingots make it the natural hub for this craft.,brass-utensils-sant-kabir-nagar
Uttar Pradesh,Shahjahanpur,Zari and Zardozi,No,150000,500000,60-75%,10-16 months,8,"Shahjahanpur sits in a historic zari embroidery zone spanning eight districts (Lucknow, Unnao, Hardoi, Sitapur, Barabanki, Lakhimpur Kheri, Rae Bareli, Sultanpur) with 1.75 lakh skilled artisans. Raw materials—golden and silver threads, beads, sequins, brocade, silk, velvet—are sourced locally from Lucknow and Bareilly suppliers. The craft traces its descent from the Mughal era and has proven export markets in Israel and ethnic garment centers.",zari-and-zardozi-shahjahanpur
Uttar Pradesh,Shamli,Rim and Axle and Iron Work,No,350000,1500000,45-60%,10-16 months,8,"Shamli has 322 villages and a concentrated cluster of iron and steel artisans who have specialized in axle and rim manufacturing for 40+ years. Raw materials (steel, iron, metal) are sourced locally and from nearby NCR industrial zones. Buyers include tractor and trailer manufacturers across North India, with direct access to Gurugram and Delhi vehicle assembly hubs.",rim-and-axle-and-iron-work-shamli
Uttar Pradesh,Shravasti,Tribal craft and Furniture,No,250000,800000,50-65%,10-16 months,6,"Shravasti has 34,238 hectares of forest area supplying 97% of furniture wood locally, eliminating raw material supply chain risk. The Tharu tribe community has centuries of woodcraft expertise embedded in local clusters. Furniture is integral to ceremonial life across the district, ensuring steady local demand.",tribal-craft-and-furniture-shravasti
Uttar Pradesh,Siddharthnagar,Kalanamak Rice,No,350000,1200000,50-65%,9-16 months,8,"Siddharthnagar's geography between 27°28′ north latitude and 82°45′ to 83°10′ east longitude creates ideal soil and climate for Kalanamak cultivation. The district has 2,639 km² of fertile Indo-Gangetic plain with high groundwater, enabling consistent rice production. Raw material supply is immediate — farmers in the district still grow this variety and hybrid improved strains.",kalanamak-rice-siddharthnagar
Uttar Pradesh,Sitapur,Carpets (Dari),No,180000,800000,50-65%,10-16 months,8,"Sitapur is located in central Uttar Pradesh with direct access to wool supply chains from Rajasthan and Punjab. The district has a concentrated cluster of 2,000+ carpet-weaving units employing over 35,000 artisans, many with 3-4 generations of loom expertise. Major buyers are concentrated in Delhi, Mumbai, and direct export corridors to the US market.",carpets-dari-sitapur
Uttar Pradesh,Sonbhadra,Carpets,No,350000,2500000,60-75%,12-18 months,,"Sonbhadra has a deep-rooted carpet weaving tradition spanning generations, with skilled artisans trained in intricate hand-knotting techniques. The district's access to quality wool and cotton, combined with a large pool of experienced weavers, makes it naturally suited for premium carpet production. Historical presence of carpet clusters and community knowledge transfer ensure consistent quality and design authenticity.",carpets-sonbhadra
Uttar Pradesh,Sultanpur,Moonj Products,No,50000,500000,60-75%,9-15 months,7,"Sultanpur sits in the Gomti River and Yamuna bank region where wild moonj grass grows naturally in the Terai area — the raw material is free to harvest in Oct-Nov. Over 500 women artisans, especially from Nishad community, are concentrated in Mahewa, Dandi, Badoka, Deshi Deoria, Bhatni, and Sonughat villages. Buyers span Delhi-NCR, institutional buyers (schools, offices, hotels), and export markets globally.",moonj-products-sultanpur
Uttar Pradesh,Unnao,Zari Zardozi,No,150000,500000,60-75%,10-16 months,5,"Unnao's Zari Zardozi cluster is concentrated in Bareilly with one lakh active artisans trained in generational techniques. Raw materials — silver and golden threads, bullion, beads, spangles, sequins — are sourced locally and from nearby textile hubs. Proximity to Delhi, Lucknow and Kanpur ensures direct access to wedding, ceremonial and institutional buyers.",zari-zardozi-unnao
Uttar Pradesh,Varanasi,Silk Products,No,150000,5000000,50-65%,10-16 months,8,"Varanasi has 400+ years of silk weaving tradition concentrated in Godaulia, Bhelpura, and Chinnagar clusters with direct access to mulberry silk and high-quality raw silk from Tamil Nadu suppliers. The district has 5000+ active looms and 50,000+ artisans, with buyer proximity to Delhi, Mumbai, and London through existing wholesale networks. GI certification in 2009 provides legal protection and premium pricing across all channels.",silk-products-varanasi
Uttarakhand,Almora,Bal Mithai,No,150000,800000,60-75%,10-16 months,8,Almora's high-altitude climate and proximity to Phalsima village ensures steady supply of pure milk solids (khoya) and premium ghee. The district has a 100+ year-old artisan base of confectioners who refined the Nepalese recipe into the modern Bal Mithai. Proximity to North India's festival markets and direct access to global buyers via Kumaoni merchant networks.,bal-mithai-almora
Uttarakhand,Bageshwar,Copper based Products,No,250000,1500000,60-75%,10-16 months,,Bageshwar has been a copper crafting hub for centuries with deep-rooted artisan communities who possess hereditary skills in copper beating and finishing. The region's proximity to raw material sources and a thriving local market of pilgrims and tourists visiting the sacred Bageshwar temple provides consistent demand. The district's cool climate and abundant water resources from the Gomti River support the traditional copper processing techniques.,copper-based-products-bageshwar
Uttarakhand,Chamoli,Nettle based product,No,450000,2500000,60-75%,10-16 months,,"Chamoli's high-altitude terrain (3000-4000m) provides ideal growing conditions for wild nettle plants with superior fiber quality. The district has 200+ years of indigenous knowledge in nettle harvesting and processing, with established artisan communities in Joshimath and Gopeshwar. Cold Himalayan climate naturally produces longer, stronger nettle fibers compared to plains regions.",nettle-based-product-chamoli
Uttarakhand,Champawat,Himalyan Honey,No,150000,1500000,60-75%,10-16 months,,"Champawat's high-altitude terrain (1200-2500m), dense forests with diverse flora, and cool climate create ideal conditions for high-quality honey production. The district has a centuries-old beekeeping tradition with natural apiaries and minimal industrial pollution, ensuring pure, potent honey.",himalyan-honey-champawat
Uttarakhand,Dehradun,Bakery,No,250000,1200000,50-65%,10-16 months,7,"Dehradun sits in the foothills with access to high-quality wheat, butter, and dairy from surrounding Uttarakhand farms. The city has 70+ years of continuous bakery tradition anchored by Elloras (est. 1953), creating a skilled artisan base and steady demand from both local population (1.68M) and year-round tourist inflow. Proximity to Delhi (240km) and Northern India's urban centers enables direct wholesale and D2C distribution.",bakery-dehradun
Uttarakhand,Haridwar,Jaggery,No,180000,850000,50-65%,9-16 months,7,"Haridwar sits in the Ganges belt with abundant water and nearby sugarcane farms in adjacent districts. The region has a 50+ year jaggery-making artisan base and direct access to Delhi, Noida, and Punjab wholesale markets. Sugarcane juice sourcing is year-round and locally cheap.",jaggery-haridwar
Uttarakhand,Nainital,Aipan Products,No,50000,300000,60-75%,9-14 months,7,"Nainital has 15 active Aipan artisans with deep cultural knowledge of the folk art form. Red and white mineral pigments are locally sourced from the Kumaon region. The district sits 6 hours from Delhi and is a migration hub — returned migrants from metros are primary buyers seeking cultural products, creating a built-in repeat customer base.",aipan-products-nainital
Uttarakhand,Pauri Garhwal,Herbal Products,No,350000,2500000,60-75%,10-16 months,,"Pauri Garhwal's high-altitude terrain (1200-3600m) provides ideal climatic conditions for growing medicinal herbs like Ashwagandha, Brahmi, Kutki, and Jatamansi. The district's rich biodiversity and traditional Ayurvedic knowledge systems make it naturally suited for herbal product manufacturing. Local farmer cooperatives and established supply chains support consistent raw material procurement.",herbal-products-pauri-garhwal
Uttarakhand,Pithoragarh,Woollen Product,No,350000,1500000,60-75%,10-16 months,,"Pithoragarh's elevation (1,200-3,600m) and cold climate create ideal conditions for raising wool-bearing livestock. The region has a centuries-old tradition of hand-spinning and weaving wool, with local artisans maintaining traditional techniques. Access to pure, high-quality wool from local herds provides a sustainable raw material advantage.",woollen-product-pithoragarh
Uttarakhand,Rudraprayag,Wood crafts/Temple imitiation,No,150000,500000,60-75%,10-16 months,,"Rudraprayag's centuries-old temple architecture and pilgrimage significance create natural demand for authentic wooden temple imitations. The district's craftspeople have inherited traditional wood carving techniques passed down through generations, making it the epicenter of this specialized handicraft. Tourism from devotees visiting the sacred confluence drives consistent local and tourist demand.",wood-crafts-temple-imitiation-rudraprayag
Uttarakhand,Tehri Garhwal,Natural fibre,No,150000,3500000,60-75%,10-16 months,,"Tehri Garhwal's high-altitude terrain and traditional weaving heritage spanning centuries make it ideal for natural fibre production. The region's skilled artisan community, access to hemp, jute, and wool from local sources, and strong cultural commitment to sustainable practices create a competitive advantage in the growing eco-conscious textile market.",natural-fibre-tehri-garhwal
Uttarakhand,Udham Singh Nagar,Moonj Grass product,No,150000,450000,60-75%,10-16 months,6,"Udham Singh Nagar borders Uttar Pradesh where Moonj grass (Saccharum munja) naturally thrives in subtropical semi-arid climates. The district has 50 skilled artisans organized in clusters across Deshi Deoria, Bhatni, Sonughat, Behra Dabar, and Purvanchal villages with established supply chains for raw materials and dyeing inputs. Proximity to Delhi-NCR (4 hours) and UP urban markets provides direct buyer access for both wholesale and retail channels.",moonj-grass-product-udham-singh-nagar
Uttarakhand,Uttarkashi,Red Rice,No,180000,850000,52-68%,10-16 months,8,"Uttarkashi's high altitude, cool climate, and mineral-rich soil create ideal conditions for red rice cultivation. The district sits at 1,500-3,500m elevation with direct access to Himalayan water sources, producing a unique aromatic variety prized for antioxidant content. Raw material availability is zero-cost — farmers form the supply base, reducing sourcing friction.",red-rice-uttarkashi
West Bengal,Alipurduar,Wooden Furniture,No,150000,750000,50-65%,10-16 months,6,"Alipurduar sits in north Bengal with direct access to teak wood and solid wood supplies from forest regions. Over 80% SC/ST population provides a skilled artisan base with traditional woodworking knowledge. Proximity to Assam, Sikkim, and Bhutan creates a natural regional buyer market for furniture and home décor.",wooden-furniture-alipurduar
West Bengal,Bankura,Terracotta Craft,No,150000,800000,60-75%,10-16 months,8,"Panchmura village and Bishnupur are dedicated terracotta production zones with generations of artisan families and clay sourcing within the district. The Bankura Horse has achieved international recognition and museum-quality status, creating consistent high-margin export demand. Proximity to Eastern India's consumer markets and direct access to raw clay deposits support both local and bulk production.",terracotta-craft-bankura
West Bengal,Birbhum,Santiniketan Leather goods,No,200000,1200000,55-70%,9-16 months,8,"Santiniketan and surrounding villages have 80 years of leather craft tradition rooted in Visva-Bharati University's Rural Development Programme, which trained artisans in vegetable tanning and touch-dyeing techniques. Goatskin and sheepskin raw materials are locally sourced. The cluster is 250km from Kolkata and 150km from key export hubs, with direct access to Japan and US markets.",santiniketan-leather-goods-birbhum
West Bengal,Cooch Behar,Sital pati & its products,No,45000,250000,60-75%,10-16 months,7,"Cooch Behar has three established sital pati weaving clusters (Sagareswar, Ghugumari, Pashnadanga) with artisans trained in 14-15 strip splitting technique. Mutra cane grows naturally in local marshy and swampy areas, eliminating raw material sourcing costs. Proximity to Assam and Bangladesh markets provides direct buyer access.",sital-pati-its-products-cooch-behar
West Bengal,Dakshin Dinajpur,Wooden Mask & Wall Hanging,No,150000,500000,60-75%,10-16 months,,"Dakshin Dinajpur has a centuries-old tradition of skilled wood carvers who specialize in theatrical masks for Gambhira and Pala performances. The district's abundant sal and other timber forests provide direct access to raw materials, and artisans have inherited techniques passed down through generations, making it a natural hub for this specialized handicraft.",wooden-mask-wall-hanging-dakshin-dinajpur
West Bengal,Darjeeling,Darjeeling Tea,No,350000,2000000,60-75%,10-16 months,8,"Darjeeling district sits on the steep Himalayan foothills between 600-2000m elevation, creating the unique microclimate that produces the characteristic musky-floral astringent tea. Over 30,000 hectares of tea gardens surround Kalimpong and Darjeeling town, with established supply chains to processing units and direct access to North India's tea trading hubs. Proximity to Siliguri railway junction (60km) and Bengal/Assam border ensures year-round buyer connectivity.",darjeeling-tea-darjeeling
West Bengal,Hooghly,Dhaniakhali Saree,No,200000,800000,50-65%,10-16 months,7,"Hooghly is West Bengal's primary handloom textile hub with 6 active weaving clusters (Dhaniakhali, Haripal, Rajbalhat, Rasidpur, Dwarhata, Ramnagar). Sar reed bamboo grows locally and is processed within the district, reducing raw material costs. The cluster has 3+ decades of artisan expertise and proximity to Kolkata's retail and export markets.",dhaniakhali-saree-hooghly
West Bengal,Howrah,Gems & Jewellery,No,300000,1500000,50-65%,10-16 months,8,"Howrah has two established jewelry clusters — Ananda Niketan and Jewellery Park — with access to diamonds, gold, and precious stones supply chains. The district's 4.8M population and proximity to Kolkata (metro of 15M+) provides ready buyer markets. Over 500,000 goldsmiths exist across India, with West Bengal among the top 5 states for organized retail jewelry.",gems-jewellery-howrah
West Bengal,Jalpaiguri,Tea,No,1500000,5000000,60-75%,10-16 months,,"Jalpaiguri's location in the foothills of the Himalayas along the Teesta river creates the ideal micro-climate for cultivating high-grade tea. The district's temperate weather, naturally mineral-rich soil, and 17,000+ hectares of tea gardens make it one of India's finest tea-producing regions. The region's 150+ years of tea cultivation expertise and established supply chains provide immediate market access.",tea-jalpaiguri
West Bengal,Jhargram,Sal leaf based products,No,150000,500000,50-65%,6-10 months,6,"Jhargram has abundant sal tree forests across its 3018 sq km area, providing raw materials year-round. Tribal communities, particularly women, have collected and processed sal leaves for generations, creating a skilled artisan base of thousands. The district's proximity to regional markets in West Bengal and buyer networks from institutional canteens and festivals creates immediate demand channels.",sal-leaf-based-products-jhargram
West Bengal,Kalimpong,Orchid & Flowers,No,250000,1500000,60-75%,12-18 months,,"Kalimpong's elevation (1250m), cool temperate climate, and high rainfall create ideal conditions for premium orchid cultivation. The district has a 150+ year horticultural tradition dating to British colonial era when orchid nurseries were established. Local expertise in nursery management and flower care is deeply embedded in the community.",orchid-flowers-kalimpong
West Bengal,Kolkata,Leather goods,No,250000,1500000,50-65%,10-16 months,7,"Kolkata has a multi-generational leather craftsmanship heritage passed down through families, with raw leather sourced locally and regionally. Kasba Industrial Estate concentrates 7 manufacturers, creating a ready supplier ecosystem for hides, dyes, and hardware. Buyer proximity is exceptional — retail haats like Brisul Haat, Entally, Bagree, and Barabazar move inventory directly to urban consumers and regional wholesalers.",leather-goods-kolkata
West Bengal,Malda,Silk and Silk products,No,250000,1500000,50-65%,10-16 months,7,"Malda has 165.5 km of border access with Bangladesh, enabling raw material flow and cross-border trade routes. The district's tribal population has 300+ years of sericulture expertise, with cocoon rearing and silk throwing deeply embedded in village economies. Proximity to Bengali and North Indian markets, combined with low raw material costs (mulberry leaves grown locally), creates a 40% cost advantage over southern silk clusters.",silk-and-silk-products-malda
West Bengal,Murshidabad,Murshidabad Silk Saree/Scarf,No,250000,1500000,60-75%,9-16 months,8,"Murshidabad sits on the Bhagirathi River, which provides water for sericulture and silk processing. The entire value chain—cocoon sourcing to weaving to printing—is clustered here with 5000+ weavers and artisans. Raw Bombyx mori silkworm cocoons are sourced locally and from nearby districts, reducing material procurement time and cost.",murshidabad-silk-saree-scarf-murshidabad
West Bengal,Nadia,"Tangail, Jamdani Saree & Shantipore Saree",No,150000,1000000,50-65%,10-16 months,8,"Nadia district sits at the confluence of Bengal's weaving tradition and raw material proximity — silk yarns and muslin fabrics sourced within 150km. Three established clusters (Phulia, Tangail, Santiniketan) employ 15,000+ artisans producing 2,000+ sarees monthly. Domestic demand from West Bengal, Delhi, Mumbai; export routes to UK, US, Japan via Kolkata port 90km away.",tangail-jamdani-saree-shantipore-saree-nadia
West Bengal,North 24 Parganas,Steel Furniture,No,350000,1200000,45-60%,10-16 months,7,North 24 Parganas is India's most populous district with 10+ million people and dense industrial infrastructure around Kolkata. Raw materials — stainless steel and wood — are sourced locally from Kolkata metal markets and West Bengal timber suppliers at competitive rates. The district has established artisan networks and existing manufacturers like Maskeen Overseas proving institutional furniture demand is strong.,steel-furniture-north-24-parganas
West Bengal,Paschim Bardhaman,Refractory bricks & similar refractory ceramics,No,5000000,25000000,45-60%,12-18 months,,"Paschim Bardhaman has a strong legacy of ceramic manufacturing and industrial production with proximity to major steel plants and furnace manufacturers in the region. The district has established clusters of refractory brick makers, skilled labor, and existing supply chains to industrial customers. Access to quality clay deposits and coal resources makes it naturally suited for high-temperature ceramic production.",refractory-bricks-similar-refractory-ceramics-paschim-bardhaman
West Bengal,Paschim Medinipur  (West Medinipur),Bengal Patachitra,No,45000,250000,60-75%,10-16 months,8,"Naya village in Pingla block is the historical epicenter of Patachitra art, with multi-generational artisan families (Potuas) living and working there. Raw materials—cloth, paper, soot, raktachandan seeds, turmeric—are locally sourced or cheaply available in West Bengal's agricultural supply chain. Buyer proximity: Delhi, Mumbai, Kolkata galleries, international tourist markets, and export channels to EU and Southeast Asia are well within reach.",bengal-patachitra-paschim-medinipur-west-medinipur
West Bengal,Purba Bardhaman,Bengal Dokra,No,150000,500000,60-75%,10-16 months,,"Purba Bardhaman (formerly East Bardhaman) is home to a centuries-old Dokra artisan community, particularly in villages like Bankura and Birbhum adjacent areas, with inherited expertise in lost-wax metal casting. The district has deep cultural roots in metalwork and access to raw materials like brass and copper through established supply networks. Government support through handicraft ministry and existing GI certification provides market credibility and export advantages.",bengal-dokra-purba-bardhaman
West Bengal,Purba Medinipur (East Medinipur),Processed cashew nuts,No,1500000,5000000,50-65%,10-16 months,,Purba Medinipur has favorable agro-climatic conditions for cashew cultivation and a growing food processing ecosystem. The district's proximity to Kolkata port and Haldia port provides excellent logistics for export. Existing food processing units and skilled labor availability make it ideal for cashew processing expansion.,processed-cashew-nuts-purba-medinipur-east-medinipur
West Bengal,Purulia,Lac & Lac Products,No,150000,800000,50-65%,12-18 months,5,"Purulia has 751 sq km of forest cover (12% of total geographical area) providing ideal habitat for lac host trees. The district has cultivated lac since ancient times with an established base of trained artisans and farmers. Raw materials (Palas, Kusum, Ber trees, Semialata) are locally abundant and buyer markets include domestic varnish/toy manufacturers and export channels.",lac-lac-products-purulia
West Bengal,South 24 Parganas,Leather Goods,No,150000,800000,60-75%,10-16 months,6,"South 24 Parganas has a strong handloom weaving tradition concentrated in Barasat tehsil with direct access to raw silk and cotton suppliers from nearby regions. The district is 30km from Kolkata's wholesale markets and retail hubs, providing immediate buyer proximity. An estimated 500+ artisan weavers and small production units operate in the saree and garment sector.",leather-goods-south-24-parganas
West Bengal,Uttar Dinajpur (North Dinajpur),Tulai Panji Rice (Aromatic Rice),No,180000,850000,50-65%,9-16 months,7,"Uttar Dinajpur's alluvial soil and climate conditions are ideal for Tulai Panji cultivation. The district has 40+ years of continuous production expertise and direct access to raw rice grains from local paddy farmers within 20km radius. Strong export history to Bangladesh, Nepal, and demand from Bengali cuisine markets across North India.",tulai-panji-rice-aromatic-rice-uttar-dinajpur-north-dinajpur
